player_id,completions,attempts,passing_yards,passing_tds,passing_interceptions,sacks_suffered,sack_yards_lost,sack_fumbles,sack_fumbles_lost,passing_epa,passing_cpoe,passing_2pt_conversions,carries,rushing_yards,rushing_tds,rushing_fumbles,rushing_epa,receptions,targets,receiving_yards,receiving_tds,receiving_fumbles,receiving_epa,special_teams_tds,def_tackles_solo,def_tackles_for_loss,def_fumbles_forced,def_sacks,def_interceptions,def_tds,def_fumbles,def_safeties,punt_returns,punt_return_yards,kickoff_returns,kickoff_return_yards,fg_made,fg_att,fg_blocked,player_display_name,position_x,position_group,headshot_url,team,height,weight,birth_date,fg_pct
00-0022942,58,92,544,4,3,5,-37,1,0,-11.195535567243311,-11.259385043583661,0,2,-1,0,1,-1.1464567719958725,0,0,0,0,0,0.0,0,0,0,0,0.0,0,0,0,0,0,0,0,0,0,0,0,Philip Rivers,QB,QB,"https://static.www.nfl.com/image/private/f_auto,q_auto/league/voakyrtj34sghkwxaxxf",IND,77.0,228.0,1981-12-08,
00-0023459,296,451,3028,23,7,27,-176,3,1,19.380328046294565,-7.630311385862852,1,20,41,1,1,-4.8417601622093915,1,1,-9,0,0,-1.5339853016193956,0,0,0,0,0.0,0,0,0,0,0,0,0,0,0,0,0,Aaron Rodgers,QB,QB,"https://static.www.nfl.com/image/upload/f_auto,q_auto/league/dypvakakxhccxs67tb0y",PIT,74.0,223.0,1983-12-02,
00-0023853,0,0,0,0,0,0,0,0,0,0.0,0.0,0,0,0,0,0,0.0,0,0,0,0,0,0.0,0,0,0,0,0.0,0,0,0,0,0,0,0,0,18,20,0,Matt Prater,K,SPEC,"https://static.www.nfl.com/image/upload/f_auto,q_auto/league/pj981bi535y4jwy6skr1",BUF,70.0,201.0,1984-08-10,1.0
00-0024243,0,0,0,0,0,0,0,0,0,0.0,0.0,0,0,0,0,0,0.0,0,0,0,0,0,0.0,0,0,0,0,0.0,0,0,0,0,0,0,0,0,0,0,0,Marcedes Lewis,TE,TE,"https://static.www.nfl.com/image/private/f_auto,q_auto/league/ppq07tipygpftz5csipx",DEN,78.0,267.0,1984-05-19,
00-0025565,0,0,0,0,0,0,0,0,0,0.0,0.0,0,0,0,0,0,0.0,0,0,0,0,0,0.0,0,0,0,0,0.0,0,0,0,0,0,0,0,0,28,29,0,Nick Folk,K,SPEC,"https://static.www.nfl.com/image/upload/f_auto,q_auto/league/qcfiv2cc7ky37yq9iklp",NYJ,73.0,222.0,1984-11-05,1.0
00-0026158,251,416,2479,15,10,18,-118,3,3,-40.87212521742496,-10.199812401724781,2,20,33,1,0,5.135738129283835,0,0,0,0,0,0.0,0,0,0,0,0.0,0,0,0,0,0,0,0,0,0,0,0,Joe Flacco,QB,QB,"https://static.www.nfl.com/image/upload/f_auto,q_auto/league/vbqptn8emdlbeaz1kvmx",CLE,78.0,245.0,1985-01-16,
00-0026190,0,0,0,0,0,0,0,0,0,0.0,0.0,0,0,0,0,0,0.0,0,0,0,0,0,0.0,0,20,9,0,6.5,0,0,0,0,0,0,0,0,0,0,0,Calais Campbell,DE,DL,"https://static.www.nfl.com/image/upload/f_auto,q_auto/league/juvpepl8uc1p9rs7upsf",ARI,80.0,315.0,1986-09-01,
00-0026300,20,32,241,0,1,2,-14,0,0,-0.6523547452336862,-10.5445469773951,0,3,10,0,1,-0.8929893925669603,0,0,0,0,0,0.0,0,0,0,0,0.0,0,0,0,0,0,0,0,0,0,0,0,Josh Johnson,QB,QB,"https://static.www.nfl.com/image/upload/f_auto,q_auto/league/ibuhbuhomisj4t8vvhay",WAS,75.0,214.0,1986-05-15,
00-0026498,363,557,4448,42,8,22,-143,2,2,134.6633262255094,31.145094759369083,0,28,-2,0,3,-31.574494528846117,0,0,0,0,0,0.0,0,1,0,0,0.0,0,0,0,0,0,0,0,0,0,0,0,Matthew Stafford,QB,QB,"https://static.www.nfl.com/image/upload/f_auto,q_auto/league/svxl2pk2cuqf26zrhii4",LA,75.0,214.0,1988-02-07,
00-0026858,0,0,0,0,0,0,0,0,0,0.0,0.0,0,0,0,0,0,0.0,0,0,0,0,0,0.0,0,0,0,0,0.0,0,0,0,0,0,0,0,0,9,10,0,Graham Gano,K,SPEC,"https://static.www.nfl.com/image/upload/f_auto,q_auto/league/wp5wochy7uuqcgyjcrrd",NYG,74.0,202.0,1987-04-09,1.0
00-0027114,0,0,0,0,0,0,0,0,0,0.0,0.0,0,0,0,0,0,0.0,0,0,0,0,0,0.0,0,0,0,0,0.0,0,0,0,0,0,0,0,0,0,0,0,Thomas Morstead,P,SPEC,"https://static.www.nfl.com/image/upload/f_auto,q_auto/league/uicxa9bwvrenvcwnoklm",SF,76.0,225.0,1986-03-08,
00-0027224,0,0,0,0,0,0,0,0,0,0.0,0.0,0,0,0,0,0,0.0,0,0,0,0,0,0.0,0,0,0,0,0.0,0,0,0,0,0,0,0,0,0,0,0,Jon Weeks,LS,SPEC,"https://static.www.nfl.com/image/upload/f_auto,q_auto/league/efqsxmef1aoqnw6co1au",SF,70.0,242.0,1986-02-17,
00-0027857,0,0,0,0,0,0,0,0,0,0.0,0.0,0,0,0,0,0,0.0,0,0,0,0,0,0.0,0,2,0,0,0.0,0,0,0,0,0,0,0,0,0,0,0,Trent Williams,OT,OL,"https://static.www.nfl.com/image/upload/f_auto,q_auto/league/z3rgsbkzy0sripzunidx",SF,77.0,320.0,1988-07-19,
00-0027865,0,0,0,0,0,0,0,0,0,0.0,0.0,0,0,0,0,0,0.0,0,0,0,0,0,0.0,0,3,2,0,3.0,0,0,0,0,0,0,0,0,0,0,0,Brandon Graham,DE,DL,"https://static.www.nfl.com/image/upload/f_auto,q_auto/league/e6iqegrredwqev7qx81m",PHI,74.0,265.0,1988-04-03,
00-0027867,0,0,0,0,0,0,0,0,0,0.0,0.0,0,0,0,0,0,0.0,0,0,0,0,0,0.0,0,0,0,0,0.0,0,0,0,0,0,0,0,0,0,0,0,Jason Pierre-Paul,DE,DL,"https://static.www.nfl.com/image/private/f_auto,q_auto/league/pwl0fkpfwut1rizcarub",TB,77.0,270.0,1989-01-01,
00-0027940,0,0,0,0,0,0,0,0,0,0.0,0.0,0,0,0,0,0,0.0,0,0,0,0,0,0.0,0,15,5,0,8.0,0,0,0,0,0,0,0,0,0,0,0,Von Miller,OLB,LB,"https://static.www.nfl.com/image/upload/f_auto,q_auto/league/cqkgo6uw5ha7bjajkewf",WAS,75.0,250.0,1989-03-26,
00-0027962,0,0,0,0,0,0,0,0,0,0.0,0.0,0,0,0,0,0,0.0,0,0,0,0,0,0.0,0,26,13,2,9.5,0,0,1,0,0,0,0,0,0,0,0,Cameron Jordan,DE,DL,"https://static.www.nfl.com/image/upload/f_auto,q_auto/league/eauqz3xbdtl0wfoy71da",NO,76.0,287.0,1989-07-10,
00-0027969,0,0,0,0,0,0,0,0,0,0.0,0.0,0,0,0,0,0,0.0,0,0,0,0,0,0.0,0,31,9,1,3.5,0,0,0,0,0,0,0,0,0,0,0,Cameron Heyward,DT,DL,"https://static.www.nfl.com/image/upload/f_auto,q_auto/league/vfql05jp29d2pltrlwqz",PIT,77.0,295.0,1989-05-06,
00-0027973,25,37,293,1,1,8,-54,1,1,-5.661670377857174,28.807392065446074,0,5,-2,0,1,-8.659153220243752,0,0,0,0,0,0.0,0,0,0,0,0.0,0,0,0,0,0,0,0,0,0,0,0,Andy Dalton,QB,QB,"https://static.www.nfl.com/image/upload/f_auto,q_auto/league/nyjb97rajdqckaxsoniv",CAR,74.0,220.0,1987-10-29,
00-0028118,80,134,779,5,5,14,-82,1,1,-13.314910775482886,-44.13985901485718,0,27,143,1,0,5.413244476954398,0,0,0,0,0,0.0,0,0,0,0,0.0,0,0,0,0,0,0,0,0,0,0,0,Tyrod Taylor,QB,QB,"https://static.www.nfl.com/image/upload/f_auto,q_auto/league/nqpyumxuo0e9sitk0a0o",NYJ,73.0,217.0,1989-08-03,
00-0028292,0,0,0,0,0,0,0,0,0,0.0,0.0,0,0,0,0,0,0.0,0,0,0,0,0,0.0,0,6,0,1,0.0,0,0,0,0,0,0,0,0,0,0,0,Nick Bellore,LB,LB,"https://static.www.nfl.com/image/upload/f_auto,q_auto/league/wlj7zdf6h9p9dnhdtmih",WAS,73.0,250.0,1989-05-12,
00-0028394,0,0,0,0,0,0,0,0,0,0.0,0.0,0,0,0,0,0,0.0,0,0,0,0,0,0.0,0,0,0,0,0.0,0,0,0,0,0,0,0,0,0,0,0,Jake McQuaide,LS,SPEC,"https://static.www.nfl.com/image/upload/f_auto,q_auto/league/gjtq2nbl0i8ejcx4dx9u",LA,74.0,238.0,1987-12-07,
00-0028845,0,0,0,0,0,0,0,0,0,0.0,0.0,0,0,0,0,0,0.0,0,0,0,0,0,0.0,0,0,0,0,0.0,0,0,0,0,0,0,0,0,0,0,0,Josh Harris,LS,SPEC,"https://static.www.nfl.com/image/upload/f_auto,q_auto/league/agckpghgjhwbacdexqyd",LAC,73.0,224.0,1989-04-27,
00-0028872,0,0,0,0,0,0,0,0,0,0.0,0.0,0,0,0,0,0,0.0,0,0,0,0,0,0.0,0,3,0,0,0.0,0,0,0,0,0,0,0,0,0,0,0,Johnny Hekker,P,SPEC,"https://static.www.nfl.com/image/upload/f_auto,q_auto/league/qqxvnynrahubphl6gjvw",TEN,77.0,225.0,1990-02-08,
00-0028946,0,0,0,0,0,0,0,0,0,0.0,0.0,0,0,0,0,0,0.0,0,0,0,0,0,0.0,0,0,0,0,0.0,0,0,0,0,0,0,0,0,0,0,0,Aaron Brewer,LS,SPEC,"https://static.www.nfl.com/image/upload/f_auto,q_auto/league/mnaix4zmrmwryj55usgx",ARI,77.0,232.0,1990-07-05,
00-0029008,0,0,0,0,0,0,0,0,0,0.0,0.0,0,0,0,0,0,0.0,0,0,0,0,0,0.0,0,1,0,0,0.0,0,0,0,0,0,0,0,0,0,0,0,Charley Hughlett,LS,SPEC,"https://static.www.nfl.com/image/upload/f_auto,q_auto/league/cowm2qllr7vpyktisnln",PHI,76.0,251.0,1990-05-16,
00-0029255,0,0,0,0,0,0,0,0,0,0.0,0.0,0,0,0,0,0,0.0,0,0,0,0,0,0.0,0,74,8,0,4.5,2,0,0,0,0,0,0,0,0,0,0,Bobby Wagner,MLB,LB,"https://static.www.nfl.com/image/upload/f_auto,q_auto/league/msulezmb9dk3klpgymoj",WAS,72.0,242.0,1990-06-27,
00-0029263,69,119,831,3,3,10,-66,2,0,-15.676451989242679,-67.07859518006444,0,18,106,0,1,-1.2863639157300106,0,0,0,0,0,0.0,0,0,0,0,0.0,0,0,0,0,0,0,0,0,0,0,0,Russell Wilson,QB,QB,"https://static.www.nfl.com/image/upload/f_auto,q_auto/league/vkstxj0evgkjiycu4glc",NYG,71.0,206.0,1988-11-29,
00-0029316,0,0,0,0,0,0,0,0,0,0.0,0.0,0,0,0,0,0,0.0,0,0,0,0,0,0.0,0,0,0,0,0.0,0,0,0,0,0,0,0,0,0,0,0,Kelvin Beachum,OT,OL,"https://static.www.nfl.com/image/upload/f_auto,q_auto/league/dgul4jljoasida1h8tag",ARI,75.0,308.0,1989-06-08,
00-0029562,0,0,0,0,0,0,0,0,0,0.0,0.0,0,0,0,0,0,0.0,0,0,0,0,0,0.0,0,54,8,2,3.5,1,0,0,0,0,0,0,0,0,0,0,Lavonte David,OLB,LB,"https://static.www.nfl.com/image/upload/f_auto,q_auto/league/gicyoxodiwdzvybrzddk",TB,73.0,233.0,1990-01-23,
00-0029592,0,0,0,0,0,0,0,0,0,0.0,0.0,0,0,0,0,0,0.0,0,0,0,0,0,0.0,0,1,0,0,0.0,0,0,0,0,0,0,0,0,0,0,0,Kevin Zeitler,G,OL,"https://static.www.nfl.com/image/upload/f_auto,q_auto/league/nfb14plexvixmjo0p5ye",TEN,76.0,332.0,1990-03-08,
00-0029604,148,237,1541,9,4,9,-58,2,0,4.622419828797797,-38.354183150948664,0,11,7,1,1,-0.9082687173795421,0,0,0,0,0,0.0,0,0,0,0,0.0,0,0,0,0,0,0,0,0,0,0,0,Kirk Cousins,QB,QB,"https://static.www.nfl.com/image/upload/f_auto,q_auto/league/hmdqr7gju0dciapvdjcv",ATL,75.0,205.0,1988-08-19,
00-0029606,0,0,0,0,0,0,0,0,0,0.0,0.0,0,0,0,0,0,0.0,0,0,0,0,0,0.0,0,37,3,1,1.0,2,0,0,0,0,0,0,0,0,0,0,Harrison Smith,FS,DB,"https://static.www.nfl.com/image/upload/f_auto,q_auto/league/kadw1bk0cxsarjrwbdrq",MIN,74.0,211.0,1989-02-02,
00-0029607,0,0,0,0,0,0,0,0,0,0.0,0.0,0,0,0,0,0,0.0,0,0,0,0,0,0.0,0,60,6,2,0.5,0,0,0,0,0,0,0,0,0,0,0,Demario Davis,OLB,LB,"https://static.www.nfl.com/image/upload/f_auto,q_auto/league/fx9oohbyik0ibdlvyr8z",NO,74.0,248.0,1989-01-11,
00-0029685,0,0,0,0,0,0,0,0,0,0.0,0.0,0,0,0,0,0,0.0,0,0,0,0,0,0.0,0,0,0,0,0.0,0,0,0,0,0,0,0,0,0,0,0,Greg Van Roten,G,OL,"https://static.www.nfl.com/image/upload/f_auto,q_auto/league/iey1sirxc8ggdt5yeunm",NYG,76.0,295.0,1990-02-26,
00-0029692,0,0,0,0,0,0,0,0,0,0.0,0.0,0,0,0,0,0,0.0,0,0,0,0,0,0.0,0,0,0,0,0.0,0,0,0,0,0,0,0,0,0,0,0,Bryan Anger,P,SPEC,"https://static.www.nfl.com/image/upload/f_auto,q_auto/league/e1fozrp2fhprrkheqt0x",DAL,75.0,202.0,1988-10-06,
00-0029714,0,0,0,0,0,0,0,0,0,0.0,0.0,0,0,0,0,0,0.0,0,0,0,0,0,0.0,0,0,0,0,0.0,0,0,0,0,0,0,0,0,0,0,0,Andrew DePaola,LS,SPEC,"https://static.www.nfl.com/image/upload/f_auto,q_auto/league/jcrvuhkivwjhbqmzp5tm",MIN,73.0,227.0,1987-07-28,
00-0029822,0,0,0,0,0,0,0,0,0,0.0,0.0,0,0,0,0,0,0.0,0,0,0,0,0,0.0,0,2,0,0,0.0,0,0,0,0,0,0,0,0,23,29,1,Brandon McManus,K,SPEC,"https://static.www.nfl.com/image/upload/f_auto,q_auto/league/qvwi9b1vfkn0wlmdl7ej",GB,75.0,201.0,1991-07-25,1.0
00-0029892,0,0,0,0,0,0,0,0,0,0.0,0.0,0,2,-3,0,0,-3.4974754005670547,23,26,208,2,0,10.732367589895148,0,1,0,0,0.0,0,0,0,0,0,0,0,0,0,0,0,Kyle Juszczyk,FB,RB,"https://static.www.nfl.com/image/upload/f_auto,q_auto/league/qflumv1aag7yw9mgwpga",SF,74.0,235.0,1991-04-23,
00-0030035,0,0,0,0,0,0,0,0,0,0.0,0.0,0,0,0,0,0,0.0,16,29,143,0,0,3.7432144224150106,0,0,0,0,0.0,0,0,0,0,0,0,0,0,0,0,0,Adam Thielen,WR,WR,"https://static.www.nfl.com/image/upload/f_auto,q_auto/league/pv6gajxtt6zhum2unnsl",MIN,74.0,200.0,1990-08-22,
00-0030061,0,0,0,0,0,0,0,0,0,0.0,0.0,0,0,0,0,0,0.0,50,72,504,4,1,11.710295939606693,0,1,0,0,0.0,0,0,0,0,0,0,0,0,0,0,0,Zach Ertz,TE,TE,"https://static.www.nfl.com/image/upload/f_auto,q_auto/league/xktmmeumuoglbuam75iz",WAS,77.0,250.0,1990-11-10,
00-0030062,0,0,0,0,0,0,0,0,0,0.0,0.0,0,0,0,0,0,0.0,0,0,0,0,0,0.0,0,28,1,0,0.0,0,0,0,0,0,0,0,0,0,0,0,Darius Slay,CB,DB,"https://static.www.nfl.com/image/upload/f_auto,q_auto/league/r7dwifb7wrqvqj714dgh",PIT,72.0,192.0,1991-01-01,
00-0030070,0,0,0,0,0,0,0,0,0,0.0,0.0,0,0,0,0,0,0.0,0,0,0,0,0,0.0,0,15,3,2,1.0,0,0,0,0,0,0,0,0,0,0,0,John Jenkins,DT,DL,"https://static.www.nfl.com/image/upload/f_auto,q_auto/league/cgamzernsuzy7zamg3rx",BAL,75.0,360.0,1989-07-11,
00-0030092,0,0,0,0,0,0,0,0,0,0.0,0.0,0,0,0,0,0,0.0,0,0,0,0,0,0.0,0,1,0,0,0.0,0,0,0,0,0,0,0,0,0,0,0,Sam Martin,P,SPEC,"https://static.www.nfl.com/image/upload/f_auto,q_auto/league/hkewwfpluyhrcdgquthf",CAR,73.0,205.0,1990-02-27,
00-0030114,0,0,0,0,0,0,0,0,0,0.0,0.0,0,0,0,0,0,0.0,0,0,0,0,0,0.0,0,31,1,0,0.5,1,0,0,0,0,0,0,0,0,0,0,Jordan Poyer,FS,DB,"https://static.www.nfl.com/image/upload/f_auto,q_auto/league/jv5ibhkljw1u9knlwqzy",BUF,72.0,191.0,1991-04-25,
00-0030140,0,0,0,0,0,0,0,0,0,0.0,0.0,0,0,0,0,0,0.0,0,0,0,0,0,0.0,0,0,0,0,0.0,0,0,0,0,0,0,0,0,0,0,0,Tress Way,P,SPEC,"https://static.www.nfl.com/image/upload/f_auto,q_auto/league/c9oijuzo666bwebj9yuj",WAS,73.0,220.0,1990-04-18,
00-0030279,0,0,0,0,0,0,0,0,0,0.0,0.0,0,0,0,0,0,0.0,74,109,741,4,2,40.46413984688424,0,3,0,0,0.0,0,0,0,0,0,0,0,0,0,0,0,Keenan Allen,WR,WR,"https://static.www.nfl.com/image/upload/f_auto,q_auto/league/ri267r6lzfwarh89hsn6",LAC,74.0,211.0,1992-04-27,
00-0030294,0,0,0,0,0,0,0,0,0,0.0,0.0,0,0,0,0,0,0.0,0,0,0,0,0,0.0,0,30,1,0,0.0,4,0,0,0,0,0,0,0,0,0,0,Tony Jefferson,S,DB,"https://static.www.nfl.com/image/upload/f_auto,q_auto/league/cbeyyjp0frs1gi1g8e3i",LAC,71.0,211.0,1992-01-27,
00-0030506,0,0,0,0,0,0,0,0,0,0.0,0.0,0,1,1,0,0,-1.8751907240366563,73,102,839,5,0,40.584218886292334,0,2,0,0,0.0,0,0,0,0,0,0,0,0,0,0,0,Travis Kelce,TE,TE,"https://static.www.nfl.com/image/upload/f_auto,q_auto/league/ebc5j60djpinc9elvlc5",KC,77.0,250.0,1989-10-05,
00-0030561,0,0,0,0,0,0,0,0,0,0.0,0.0,0,0,0,0,0,0.0,0,0,0,0,0,0.0,0,1,0,0,0.0,0,0,0,0,0,0,0,0,0,0,0,Lane Johnson,OT,OL,"https://static.www.nfl.com/image/upload/f_auto,q_auto/league/ukibsn5yxozyzompfbxm",PHI,78.0,325.0,1990-05-08,
00-0030564,0,0,0,0,0,0,0,0,0,0.0,0.0,0,0,0,0,0,0.0,22,37,330,2,0,14.327190316717289,0,0,0,0,0.0,0,0,0,0,0,0,0,0,0,0,0,DeAndre Hopkins,WR,WR,"https://static.www.nfl.com/image/upload/f_auto,q_auto/league/snvo6holyfdjmrlqxqxu",BAL,73.0,210.0,1992-06-06,
00-0030565,302,448,3025,19,17,55,-405,3,1,-72.92140604885863,19.195507277335054,1,41,109,0,1,-1.6735542911628731,0,0,0,0,0,0.0,0,0,0,0,0.0,0,0,0,0,0,0,0,0,0,0,0,Geno Smith,QB,QB,"https://static.www.nfl.com/image/upload/f_auto,q_auto/league/tqy0933vz5yogwlefb1s",LV,75.0,221.0,1990-10-10,
00-0030615,0,0,0,0,0,0,0,0,0,0.0,0.0,0,0,0,0,0,0.0,0,0,0,0,0,0.0,0,2,0,0,0.0,0,0,0,0,0,0,0,0,0,0,0,James Winchester,LS,SPEC,"https://static.www.nfl.com/image/upload/f_auto,q_auto/league/qw1jmfvcpwxx12cewfqg",KC,75.0,240.0,1989-08-06,
00-0030725,0,0,0,0,0,0,0,0,0,0.0,0.0,0,0,0,0,0,0.0,0,0,0,0,0,0.0,0,0,0,0,0.0,0,0,0,0,0,0,0,0,0,0,0,Cornelius Lucas,OT,OL,"https://static.www.nfl.com/image/upload/f_auto,q_auto/league/ii9b9lb3szz5vehvqh5a",CLE,80.0,327.0,1991-07-18,
00-0030757,0,0,0,0,0,0,0,0,0,0.0,0.0,0,0,0,0,0,0.0,0,0,0,0,0,0.0,0,7,1,0,0.0,0,0,0,0,0,0,0,0,0,0,0,Mike Pennel,DT,DL,"https://static.www.nfl.com/image/upload/f_auto,q_auto/league/ezpbko1gvvdrrtqhkhnu",CIN,76.0,330.0,1991-05-09,
00-0031040,0,0,0,0,0,0,0,0,0,0.0,0.0,0,0,0,0,0,0.0,0,0,0,0,0,0.0,0,19,6,4,5.5,0,0,0,1,0,0,0,0,0,0,0,Khalil Mack,OLB,LB,"https://static.www.nfl.com/image/upload/f_auto,q_auto/league/jzqh3otccfpx2aue7xys",LAC,75.0,269.0,1991-02-22,
00-0031054,0,0,0,0,0,0,0,0,0,0.0,0.0,0,0,0,0,0,0.0,0,0,0,0,0,0.0,0,10,3,1,3.0,1,0,0,0,0,0,0,0,0,0,0,DaQuan Jones,DT,DL,"https://static.www.nfl.com/image/upload/f_auto,q_auto/league/w7qkicdj6v0figbmfp0u",BUF,76.0,320.0,1991-12-27,
00-0031079,0,0,0,0,0,0,0,0,0,0.0,0.0,0,0,0,0,0,0.0,0,0,0,0,0,0.0,0,0,0,0,0.0,0,0,0,0,0,0,0,0,0,0,0,Pat O'Donnell,P,SPEC,"https://static.www.nfl.com/image/upload/f_auto,q_auto/league/kputu02pppmvb69bkdfg",ARI,76.0,220.0,1991-02-22,
00-0031136,0,0,0,0,0,0,0,0,0,0.0,0.0,0,0,0,0,0,0.0,0,0,0,0,0,0.0,0,1,0,0,0.0,0,0,0,0,0,0,0,0,25,30,1,Chris Boswell,K,SPEC,"https://static.www.nfl.com/image/upload/f_auto,q_auto/league/rxbnhvnfjmheuryvdmuf",PIT,74.0,185.0,1991-03-16,1.0
00-0031156,0,0,0,0,0,0,0,0,0,0.0,0.0,0,0,0,0,0,0.0,0,0,0,0,0,0.0,0,0,0,0,0.0,0,0,0,0,0,0,0,0,0,0,0,Tyler Ott,LS,SPEC,"https://static.www.nfl.com/image/upload/f_auto,q_auto/league/ppnihdnetdwuoapsyrnn",WAS,75.0,253.0,1992-02-28,
00-0031177,0,0,0,0,0,0,0,0,0,0.0,0.0,0,0,0,0,0,0.0,0,0,0,0,0,0.0,0,6,3,0,0.5,0,0,0,0,0,0,0,0,0,0,0,Brent Urban,DE,DL,"https://static.www.nfl.com/image/upload/f_auto,q_auto/league/acp4qzscazxskq9efwnf",BAL,79.0,309.0,1991-05-05,
00-0031203,0,0,0,0,0,0,0,0,0,0.0,0.0,0,0,0,0,0,0.0,0,0,0,0,0,0.0,0,0,0,0,0.0,0,0,0,0,0,0,0,0,25,30,1,Cairo Santos,K,SPEC,"https://static.www.nfl.com/image/upload/f_auto,q_auto/league/w5mfvjfuflbitwuji1yx",CHI,68.0,173.0,1991-11-12,0.5
00-0031236,0,0,0,0,0,0,0,0,0,0.0,0.0,0,0,0,0,0,0.0,24,36,279,0,0,16.035737761522906,0,0,0,0,0.0,0,0,0,0,0,0,0,0,0,0,0,Brandin Cooks,WR,WR,"https://static.www.nfl.com/image/upload/f_auto,q_auto/league/krz3gv9jjs92arlctvqf",NO,70.0,190.0,1993-09-25,
00-0031237,8,15,62,0,0,2,-21,0,0,-12.498526949668303,-16.29420667886734,0,3,4,0,0,-0.0188060835935175,0,0,0,0,0,0.0,0,0,0,0,0.0,0,0,0,0,0,0,0,0,0,0,0,Teddy Bridgewater,QB,QB,"https://static.www.nfl.com/image/upload/f_auto,q_auto/league/wggyfg1dgyiwcgxafoen",TB,74.0,210.0,1992-11-10,
00-0031254,0,0,0,0,0,0,0,0,0,0.0,0.0,0,0,0,0,0,0.0,0,0,0,0,0,0.0,0,5,3,1,3.5,0,0,0,0,0,0,0,0,0,0,0,Denico Autry,DT,DL,"https://static.www.nfl.com/image/upload/f_auto,q_auto/league/avrrswmjrzes0ggi3bsg",HOU,77.0,285.0,1990-07-15,
00-0031270,0,0,0,0,0,0,0,0,0,0.0,0.0,0,0,0,0,0,0.0,0,0,0,0,0,0.0,0,10,7,0,1.0,0,0,0,0,0,0,0,0,0,0,0,Shelby Harris,DT,DL,"https://static.www.nfl.com/image/upload/f_auto,q_auto/league/r1lxhltzhpkmfdocupum",CLE,74.0,288.0,1991-08-11,
00-0031279,0,0,0,0,0,0,0,0,0,0.0,0.0,0,0,0,0,0,0.0,0,1,0,0,0,-0.2404654118581675,0,0,0,0,0.0,0,0,0,0,0,0,0,0,0,0,0,Jake Matthews,OT,OL,"https://static.www.nfl.com/image/upload/f_auto,q_auto/league/erhayhjdrny0fua2nizx",ATL,77.0,309.0,1992-02-11,
00-0031330,0,0,0,0,0,0,0,0,0,0.0,0.0,0,0,0,0,0,0.0,0,0,0,0,0,0.0,0,0,0,0,0.0,0,0,0,0,0,0,0,0,0,0,0,Morgan Moses,OT,OL,"https://static.www.nfl.com/image/upload/f_auto,q_auto/league/qbq088iyxz81xdpdcnx0",NE,78.0,320.0,1991-03-03,
00-0031345,0,0,0,0,0,0,0,0,0,0.0,0.0,0,6,-7,0,0,0.0,0,0,0,0,0,0.0,0,0,0,0,0.0,0,0,0,0,0,0,0,0,0,0,0,Jimmy Garoppolo,QB,QB,"https://static.www.nfl.com/image/upload/f_auto,q_auto/league/ivz3zwvjxvgcu4dzabur",LA,74.0,225.0,1991-11-02,
00-0031357,0,0,0,0,0,0,0,0,0,0.0,0.0,0,0,0,0,0,0.0,0,0,0,0,0,0.0,0,9,0,0,0.0,0,0,0,0,0,0,0,0,0,0,0,C.J. Goodwin,CB,DB,"https://static.www.nfl.com/image/upload/f_auto,q_auto/league/txvnf4ecxcgg5heclsit",DAL,75.0,190.0,1990-02-04,
00-0031360,0,0,0,0,0,0,0,0,0,0.0,0.0,0,0,0,0,0,0.0,0,0,0,0,0,0.0,0,11,4,0,2.0,1,0,0,0,0,0,0,0,0,0,0,Kyle Van Noy,MLB,LB,"https://static.www.nfl.com/image/upload/f_auto,q_auto/league/kxj2hipcguahh4l60vaa",BAL,75.0,255.0,1991-03-26,
00-0031364,0,0,0,0,0,0,0,0,0,0.0,0.0,0,0,0,0,0,0.0,0,0,0,0,0,0.0,0,17,8,0,5.5,0,0,0,0,0,0,0,0,0,0,0,Jadeveon Clowney,OLB,LB,"https://static.www.nfl.com/image/upload/f_auto,q_auto/league/iururnv6x8iuzepggwvt",DAL,77.0,266.0,1993-02-14,
00-0031381,0,0,0,0,0,0,0,0,0,0.0,0.0,0,0,0,0,0,0.0,60,114,789,14,0,27.033441679594226,0,1,0,0,0.0,0,0,0,0,0,0,0,0,0,0,0,Davante Adams,WR,WR,"https://static.www.nfl.com/image/upload/f_auto,q_auto/league/qtonvcqpixixqhc6lhnc",LA,73.0,215.0,1992-12-24,
00-0031408,0,0,0,0,0,0,0,0,0,0.0,0.0,0,0,0,0,0,0.0,28,60,334,3,0,2.041395251791871,0,1,0,0,0.0,0,0,0,0,0,0,0,0,0,0,0,Mike Evans,WR,WR,"https://static.www.nfl.com/image/upload/f_auto,q_auto/league/yaxorbdsvk1ucfuiyrkj",TB,77.0,231.0,1993-08-21,
00-0031411,0,0,0,0,0,0,0,0,0,0.0,0.0,0,0,0,0,0,0.0,0,0,0,0,0,0.0,0,23,11,3,6.0,0,0,0,0,0,0,0,0,0,0,0,DeMarcus Lawrence,LB,LB,"https://static.www.nfl.com/image/upload/f_auto,q_auto/league/dqcbiti9q92w9uawqxom",SEA,75.0,254.0,1992-04-28,
00-0031426,0,0,0,0,0,0,0,0,0,0.0,0.0,0,0,0,0,0,0.0,0,0,0,0,0,0.0,0,1,0,0,0.0,0,0,0,0,0,0,0,0,0,0,0,Joel Bitonio,G,OL,"https://static.www.nfl.com/image/upload/f_auto,q_auto/league/il9yy0bjrowrwhxk9ard",CLE,76.0,320.0,1991-10-11,
00-0031484,0,0,0,0,0,0,0,0,0,0.0,0.0,0,0,0,0,0,0.0,1,1,7,0,0,0.4148540252936072,0,1,0,0,0.0,0,0,0,0,0,0,0,0,0,0,0,Chris Manhertz,TE,TE,"https://static.www.nfl.com/image/upload/f_auto,q_auto/league/azx76rspzgxfogsqhxet",NYG,78.0,235.0,1992-04-10,
00-0031492,0,0,0,0,0,0,0,0,0,0.0,0.0,0,0,0,0,0,0.0,0,0,0,0,0,0.0,0,2,0,0,0.0,0,0,0,0,0,0,0,0,39,44,1,Jason Myers,K,SPEC,"https://static.www.nfl.com/image/upload/f_auto,q_auto/league/rnw5znsm0hrekqvztiog",SEA,70.0,190.0,1991-05-12,1.0
00-0031503,37,66,567,2,2,3,-11,1,1,15.391700988232628,-36.157229938228056,0,7,23,1,0,4.28813393911696,1,1,33,1,0,3.2233546525239944,0,0,0,0,0.0,0,0,0,0,0,0,0,0,0,0,0,Jameis Winston,QB,QB,"https://static.www.nfl.com/image/upload/f_auto,q_auto/league/vwikoroqsyf8iemlrohb",NYG,76.0,231.0,1994-01-06,
00-0031550,0,0,0,0,0,0,0,0,0,0.0,0.0,0,0,0,0,0,0.0,0,0,0,0,0,0.0,0,33,6,1,1.0,0,0,0,0,0,0,0,0,0,0,0,Shaq Thompson,OLB,LB,"https://static.www.nfl.com/image/upload/f_auto,q_auto/league/rk9qairtsyrzdoznvmen",BUF,72.0,230.0,1994-04-21,
00-0031551,0,0,0,0,0,0,0,0,0,0.0,0.0,0,0,0,0,0,0.0,0,0,0,0,0,0.0,0,8,4,0,0.0,0,0,0,0,0,0,0,0,0,0,0,Eddie Goldman,NT,DL,"https://static.www.nfl.com/image/upload/f_auto,q_auto/league/o0kwpqywuicbketxfbck",WAS,75.0,320.0,1994-01-06,
00-0031554,0,0,0,0,0,0,0,0,0,0.0,0.0,0,0,0,0,0,0.0,0,0,0,0,0,0.0,0,0,0,0,0.0,0,0,0,0,0,0,0,0,0,0,0,Eric Kendricks,MLB,LB,"https://static.www.nfl.com/image/upload/f_auto,q_auto/league/adc49lyuljufsfseggdc",SF,72.0,232.0,1992-02-29,
00-0031557,0,0,0,0,0,0,0,0,0,0.0,0.0,0,0,0,0,0,0.0,0,0,0,0,0,0.0,0,5,2,0,1.0,0,0,0,0,0,0,0,0,0,0,0,Jordan Phillips,DT,DL,"https://static.www.nfl.com/image/upload/f_auto,q_auto/league/hn887nvbphkycvlkvlms",BUF,78.0,330.0,1992-09-21,
00-0031565,0,0,0,0,0,0,0,0,0,0.0,0.0,0,0,0,0,0,0.0,0,0,0,0,0,0.0,0,27,14,2,14.0,0,0,0,0,0,0,0,0,0,0,0,Danielle Hunter,DE,DL,"https://static.www.nfl.com/image/upload/f_auto,q_auto/league/z2rpuzpb0tm8r6vwnfxk",HOU,77.0,263.0,1994-10-29,
00-0031576,0,0,0,0,0,0,0,0,0,0.0,0.0,0,0,0,0,0,0.0,0,0,0,0,0,0.0,0,3,2,0,1.5,0,0,0,0,0,0,0,0,0,0,0,Za'Darius Smith,DE,DL,"https://static.www.nfl.com/image/upload/f_auto,q_auto/league/l5t51lcflhhfvxhr1sx3",PHI,76.0,270.0,1992-09-08,
00-0031583,0,0,0,0,0,0,0,0,0,0.0,0.0,0,0,0,0,0,0.0,0,0,0,0,0,0.0,0,12,1,0,1.0,0,0,0,0,0,0,0,0,0,0,0,Grady Jarrett,DT,DL,"https://static.www.nfl.com/image/upload/f_auto,q_auto/league/znqx6ghmgepgcrsfw9gm",CHI,73.0,294.0,1993-04-28,
00-0031588,0,0,0,0,0,0,0,0,0,0.0,0.0,0,0,0,0,0,0.0,82,99,970,4,0,67.95892617011884,0,2,0,0,0.0,0,0,0,0,0,0,0,0,0,0,0,Stefon Diggs,WR,WR,"https://static.www.nfl.com/image/upload/f_auto,q_auto/league/cemcexmscsarpvwhafln",NE,72.0,191.0,1993-11-29,
00-0031608,0,0,0,0,0,0,0,0,0,0.0,0.0,0,0,0,0,0,0.0,0,0,0,0,0,0.0,0,16,0,0,0.0,0,0,0,0,0,0,0,0,0,0,0,Quandre Diggs,S,DB,"https://static.www.nfl.com/image/upload/f_auto,q_auto/league/kqasx5pfmin4wrk503uf",TEN,69.0,198.0,1993-01-22,
00-0031610,0,0,0,0,0,0,0,0,0,0.0,0.0,0,1,4,0,0,0.3674458473687991,24,34,283,6,0,28.26623501662118,0,0,0,0,0.0,0,0,0,0,0,0,0,0,0,0,0,Darren Waller,TE,TE,"https://static.www.nfl.com/image/upload/f_auto,q_auto/league/loyehiyzcu2lexjk7plq",MIA,78.0,238.0,1992-09-13,
00-0031622,0,0,0,0,0,0,0,0,0,0.0,0.0,0,0,0,0,0,0.0,0,0,0,0,0,0.0,0,0,0,0,0.0,0,0,0,0,0,0,0,0,0,0,0,Bobby Hart,OT,OL,"https://static.www.nfl.com/image/upload/f_auto,q_auto/league/eeqftbtda7o2yyop5m5s",LAC,77.0,310.0,1994-08-21,
00-0031687,0,0,0,0,0,0,0,0,0,0.0,0.0,0,22,104,0,0,-9.05524546572605,12,12,70,0,0,1.4606742499163374,0,0,0,0,0.0,0,0,0,0,0,0,23,673,0,0,0,Raheem Mostert,RB,RB,"https://static.www.nfl.com/image/upload/f_auto,q_auto/league/fas5rkweusx2hl7abtzh",LV,70.0,212.0,1992-04-09,
00-0031740,0,0,0,0,0,0,0,0,0,0.0,0.0,0,0,0,0,0,0.0,0,0,0,0,0,0.0,0,5,0,0,0.0,0,0,0,0,0,0,0,0,0,0,0,Neville Hewitt,LB,LB,"https://static.www.nfl.com/image/upload/f_auto,q_auto/league/lw2m7oyputkdykbaz0cu",NYG,74.0,234.0,1993-04-06,
00-0031763,0,0,0,0,0,0,0,0,0,0.0,0.0,0,0,0,0,0,0.0,0,0,0,0,0,0.0,0,0,0,0,0.0,0,0,1,0,6,56,11,274,0,0,0,DeAndre Carter,WR,WR,"https://static.www.nfl.com/image/upload/f_auto,q_auto/league/jx4io3owliw3l5xve6ta",CLE,68.0,190.0,1993-04-10,
00-0031898,0,0,0,0,0,0,0,0,0,0.0,0.0,0,0,0,0,0,0.0,0,0,0,0,0,0.0,0,49,3,1,1.0,0,0,0,0,0,0,0,0,0,0,0,Alex Singleton,LB,LB,"https://static.www.nfl.com/image/upload/f_auto,q_auto/league/zohji3gr704zraihhqyl",DEN,74.0,240.0,1993-12-07,
00-0031933,0,0,0,0,0,0,0,0,0,0.0,0.0,0,0,0,0,0,0.0,0,0,0,0,0,0.0,0,32,9,0,7.0,0,0,0,0,0,0,0,0,0,0,0,Leonard Williams,DE,DL,"https://static.www.nfl.com/image/upload/f_auto,q_auto/league/jhaogtinjeyrwbjsvbl4",SEA,77.0,310.0,1994-06-20,
00-0031935,0,0,0,0,0,0,0,0,0,0.0,0.0,0,0,0,0,0,0.0,0,0,0,0,0,0.0,0,8,2,0,0.5,0,0,0,0,0,0,0,0,0,0,0,Preston Smith,DE,DL,"https://static.www.nfl.com/image/upload/f_auto,q_auto/league/etcwpdjr7xtc4gubw8gf",WAS,77.0,265.0,1992-11-17,
00-0031957,0,0,0,0,0,0,0,0,0,0.0,0.0,0,0,0,0,0,0.0,0,0,0,0,0,0.0,0,6,3,0,3.0,0,0,0,0,0,0,0,0,0,0,0,Rakeem Nunez-Roches,DT,DL,"https://static.www.nfl.com/image/upload/f_auto,q_auto/league/iugbhtbumlnt3nb8wqmi",NYG,74.0,305.0,1993-07-03,
00-0032052,0,0,0,0,0,0,0,0,0,0.0,0.0,0,0,0,0,0,0.0,0,0,0,0,0,0.0,0,10,4,0,3.0,0,0,0,0,0,0,0,0,0,0,0,Dante Fowler Jr.,DE,DL,"https://static.www.nfl.com/image/upload/f_auto,q_auto/league/tuvfudn3repds06zb5hi",DAL,75.0,261.0,1994-08-03,
00-0032065,0,0,0,0,0,0,0,0,0,0.0,0.0,0,0,0,0,0,0.0,0,0,0,0,0,0.0,0,1,0,0,0.0,0,0,0,0,0,0,0,0,0,0,0,Bradley Pinion,P,SPEC,"https://static.www.nfl.com/image/upload/f_auto,q_auto/league/g6zs1z59umevxxtqc35z",ATL,77.0,265.0,1994-06-01,
00-0032071,0,0,0,0,0,0,0,0,0,0.0,0.0,0,0,0,0,0,0.0,0,0,0,0,0,0.0,0,0,0,0,0.0,0,0,0,0,0,0,0,0,0,0,0,Trent Brown,OT,OL,"https://static.www.nfl.com/image/upload/f_auto,q_auto/league/r0l3rruzqunyqlt0lrzm",HOU,80.0,380.0,1993-04-13,
00-0032103,0,0,0,0,0,0,0,0,0,0.0,0.0,0,0,0,0,0,0.0,0,0,0,0,0,0.0,0,27,4,0,0.0,0,0,0,0,0,0,0,0,0,0,0,Denzel Perryman,MLB,LB,"https://static.www.nfl.com/image/upload/f_auto,q_auto/league/fqxyjc6skhaprcaiknpj",LAC,71.0,240.0,1992-12-05,
00-0032104,0,0,0,0,0,0,0,0,0,0.0,0.0,0,13,59,1,0,1.4611136259627526,14,15,75,0,0,-2.087859634833876,0,5,0,0,0.0,0,0,0,0,0,0,17,510,0,0,0,Ameer Abdullah,RB,RB,"https://static.www.nfl.com/image/upload/f_auto,q_auto/league/jvkgnlj5fn16mnmdyr4i",IND,69.0,203.0,1993-06-13,
00-0032146,0,0,0,0,0,0,0,0,0,0.0,0.0,0,0,0,0,0,0.0,0,0,0,0,0,0.0,0,9,2,0,2.0,0,0,0,0,0,0,0,0,0,0,0,Bud Dupree,OLB,LB,"https://static.www.nfl.com/image/upload/f_auto,q_auto/league/unn7gcyciu20lmm1bvpn",LAC,76.0,269.0,1993-02-12,
00-0032164,0,0,0,0,0,0,0,0,0,0.0,0.0,0,0,0,0,0,0.0,0,0,0,0,0,0.0,0,13,7,1,5.5,0,0,0,0,0,0,0,0,0,0,0,Arik Armstead,DT,DL,"https://static.www.nfl.com/image/upload/f_auto,q_auto/league/z6e5xcslnlyaz2egeke3",JAX,79.0,290.0,1993-11-15,
00-0032203,0,0,0,0,0,0,0,0,0,0.0,0.0,0,0,0,0,0,0.0,0,0,0,0,0,0.0,0,0,0,0,0.0,0,0,0,0,0,0,0,0,0,0,0,Andrus Peat,G,OL,"https://static.www.nfl.com/image/upload/f_auto,q_auto/league/wlkqieesn85nhevcqcqe",PIT,79.0,316.0,1993-11-04,
00-0032211,0,0,0,0,0,0,0,0,0,0.0,0.0,0,0,0,0,0,0.0,31,50,286,1,0,-3.913542992851289,0,0,0,0,0.0,0,0,0,0,0,0,0,0,0,0,0,Tyler Lockett,WR,WR,"https://static.www.nfl.com/image/upload/f_auto,q_auto/league/gyhvviyep9iigeaobxmi",TEN,70.0,182.0,1992-09-28,
00-0032222,0,0,0,0,0,0,0,0,0,0.0,0.0,0,0,0,0,0,0.0,0,0,0,0,0,0.0,0,0,0,0,0.0,0,0,0,0,0,0,0,0,0,0,0,D.J. Humphries,OT,OL,"https://static.www.nfl.com/image/upload/f_auto,q_auto/league/ruiab6fqdaerscb2qnkz",LA,77.0,307.0,1993-12-28,
00-0032228,0,0,0,0,0,0,0,0,0,0.0,0.0,0,0,0,0,0,0.0,0,0,0,0,0,0.0,0,2,0,0,0.0,0,0,0,0,0,0,0,0,0,0,0,Joe Cardona,LS,SPEC,"https://static.www.nfl.com/image/upload/f_auto,q_auto/league/cs3qvfnrrxiubflqqw2i",MIA,74.0,241.0,1992-04-16,
00-0032234,0,0,0,0,0,0,0,0,0,0.0,0.0,0,0,0,0,0,0.0,0,0,0,0,0,0.0,0,1,0,1,0.0,0,0,0,0,0,0,0,0,0,0,0,Laken Tomlinson,G,OL,"https://static.www.nfl.com/image/upload/f_auto,q_auto/league/thhrfc9q38r0m1qvfctv",HOU,75.0,323.0,1992-02-09,
00-0032242,0,0,0,0,0,0,0,0,0,0.0,0.0,0,0,0,0,0,0.0,0,0,0,0,0,0.0,0,0,0,0,0.0,0,0,0,0,0,0,0,0,0,0,0,Rob Havenstein,OT,OL,"https://static.www.nfl.com/image/upload/f_auto,q_auto/league/cqsicmerjhzvzpnz77fz",LA,80.0,323.0,1992-05-13,
00-0032265,0,0,0,0,0,0,0,0,0,0.0,0.0,0,0,0,0,0,0.0,0,0,0,0,0,0.0,0,6,2,0,1.5,0,0,0,0,0,0,0,0,0,0,0,Mario Edwards,DT,DL,"https://static.www.nfl.com/image/upload/f_auto,q_auto/league/cia50revbealvw5biusr",HOU,75.0,280.0,1994-01-25,
00-0032268,139,227,1695,10,7,16,-107,3,1,-3.8985720439669835,4.542555639962104,1,50,297,1,3,6.695842331785926,0,0,0,0,0,0.0,0,0,0,0,0.0,0,0,0,0,0,0,0,0,0,0,0,Marcus Mariota,QB,QB,"https://static.www.nfl.com/image/upload/f_auto,q_auto/league/b9ribxqudeehvmjlw0va",WAS,76.0,222.0,1993-10-30,
00-0032378,0,0,0,0,0,0,0,0,0,0.0,0.0,0,0,0,0,0,0.0,0,0,0,0,0,0.0,0,30,9,0,4.0,0,0,0,0,0,0,0,0,0,0,0,DeForest Buckner,DT,DL,"https://static.www.nfl.com/image/upload/f_auto,q_auto/league/mtyogyexnz2ik3fbs3am",IND,79.0,295.0,1994-03-17,
00-0032379,0,0,0,0,0,0,0,0,0,0.0,0.0,0,0,0,0,0,0.0,0,0,0,0,0,0.0,0,1,0,0,0.0,0,0,0,0,0,0,0,0,0,0,0,Eli Apple,CB,DB,"https://static.www.nfl.com/image/upload/f_auto,q_auto/league/szrv0msliekcbdfulpzb",SF,73.0,203.0,1995-08-09,
00-0032380,0,0,0,0,0,0,0,0,0,0.0,0.0,0,0,0,0,0,0.0,0,0,0,0,0,0.0,0,0,0,0,0.0,0,0,0,0,0,0,0,0,0,0,0,Laremy Tunsil,OT,OL,"https://static.www.nfl.com/image/upload/f_auto,q_auto/league/ewy0qnfl6956hfatqszj",WAS,77.0,313.0,1994-08-02,
00-0032381,0,0,0,0,0,0,0,0,0,0.0,0.0,0,0,0,0,0,0.0,0,0,0,0,0,0.0,0,0,0,0,0.0,0,0,0,0,0,0,0,0,0,0,0,Taylor Decker,OT,OL,"https://static.www.nfl.com/image/upload/f_auto,q_auto/league/j0gbwayifwek9ggoraqm",DET,79.0,324.0,1993-08-23,
00-0032383,0,0,0,0,0,0,0,0,0,0.0,0.0,0,0,0,0,0,0.0,0,0,0,0,0,0.0,0,0,0,0,0.0,0,0,0,0,0,0,0,0,0,0,0,Ryan Kelly,C,OL,"https://static.www.nfl.com/image/upload/f_auto,q_auto/league/owzvmhrfz5lfh2rcalxd",MIN,76.0,307.0,1993-05-30,
00-0032385,0,0,0,0,0,0,0,0,0,0.0,0.0,0,4,19,0,0,0.18291674839565525,39,53,371,1,1,-2.826665500648348,0,0,0,0,0.0,0,0,0,0,0,0,0,0,0,0,0,Sterling Shepard,WR,WR,"https://static.www.nfl.com/image/upload/f_auto,q_auto/league/l47czwi8aaznnit0se5h",TB,70.0,194.0,1993-02-10,
00-0032387,0,0,0,0,0,0,0,0,0,0.0,0.0,0,0,0,0,0,0.0,0,0,0,0,0,0.0,0,9,2,0,1.5,0,0,0,0,0,0,0,0,0,0,0,Jarran Reed,DT,DL,"https://static.www.nfl.com/image/upload/f_auto,q_auto/league/td7umxhgwkswls8rutk0",SEA,75.0,315.0,1992-12-16,
00-0032388,0,0,0,0,0,0,0,0,0,0.0,0.0,0,0,0,0,0,0.0,0,0,0,0,0,0.0,0,15,0,0,0.0,0,0,0,0,0,0,0,0,0,0,0,Deion Jones,LB,LB,"https://static.www.nfl.com/image/upload/f_auto,q_auto/league/fpmevebnsvfm07e7xhcu",TB,73.0,222.0,1994-11-04,
00-0032391,0,0,0,0,0,0,0,0,0,0.0,0.0,0,0,0,0,0,0.0,0,0,0,0,0,0.0,0,0,0,0,0.0,0,0,0,0,0,0,0,0,0,0,0,Joe Thuney,G,OL,"https://static.www.nfl.com/image/upload/f_auto,q_auto/league/fstgjypwv8bcpfaae5mi",CHI,77.0,301.0,1992-11-18,
00-0032392,0,0,0,0,0,0,0,0,0,0.0,0.0,0,0,0,0,0,0.0,20,25,258,2,0,16.783102795132436,0,0,0,0,0.0,0,0,0,0,0,0,0,0,0,0,0,Austin Hooper,TE,TE,"https://static.www.nfl.com/image/upload/f_auto,q_auto/league/gfvav2gybtr174ckovpk",NE,76.0,254.0,1994-10-29,
00-0032395,0,0,0,0,0,0,0,0,0,0.0,0.0,0,0,0,0,0,0.0,0,0,0,0,0,0.0,0,0,0,0,0.0,0,0,0,0,0,0,0,0,0,0,0,Graham Glasgow,C,OL,"https://static.www.nfl.com/image/upload/f_auto,q_auto/league/mgmeks8iieefdbtk2zob",DET,78.0,315.0,1992-08-19,
00-0032398,0,0,0,0,0,0,0,0,0,0.0,0.0,0,1,9,0,0,0.725056131137535,11,23,207,1,0,12.282829990267677,0,4,0,0,0.0,0,0,0,0,0,0,6,157,0,0,0,Chris Moore,WR,WR,"https://static.www.nfl.com/image/upload/f_auto,q_auto/league/o0s29hnpztyxqotqdx8h",WAS,73.0,200.0,1993-06-16,
00-0032399,0,0,0,0,0,0,0,0,0,0.0,0.0,0,0,0,0,0,0.0,0,0,0,0,0,0.0,0,3,0,0,0.0,0,0,0,0,0,0,0,0,0,0,0,Miles Killebrew,SAF,DB,"https://static.www.nfl.com/image/upload/f_auto,q_auto/league/f9p5bqqqb38i6kgvqzms",PIT,74.0,222.0,1993-05-10,
00-0032415,0,0,0,0,0,0,0,0,0,0.0,0.0,0,0,0,0,0,0.0,0,0,0,0,0,0.0,0,8,1,0,0.0,0,0,0,0,0,0,0,0,0,0,0,Matthew Judon,OLB,LB,"https://static.www.nfl.com/image/upload/f_auto,q_auto/league/xio1oo9c8qwfrouppuvk",MIA,75.0,265.0,1992-08-15,
00-0032424,0,0,0,0,0,0,0,0,0,0.0,0.0,0,0,0,0,0,0.0,0,0,0,0,0,0.0,0,11,0,0,0.0,0,0,0,0,0,0,0,0,0,0,0,DJ Reader,DE,DL,"https://static.www.nfl.com/image/upload/f_auto,q_auto/league/gbbbyrh2pgibo9w8ahd6",DET,75.0,330.0,1994-07-01,
00-0032442,0,0,0,0,0,0,0,0,0,0.0,0.0,0,0,0,0,0,0.0,0,0,0,0,0,0.0,0,37,6,0,0.0,0,0,0,0,0,0,0,0,0,0,0,Elandon Roberts,OLB,LB,"https://static.www.nfl.com/image/upload/f_auto,q_auto/league/niydmsknfdiu1zyivwso",LV,71.0,235.0,1994-04-22,
00-0032445,0,0,0,0,0,0,0,0,0,0.0,0.0,0,0,0,0,0,0.0,0,0,0,0,0,0.0,0,0,0,0,0.0,0,0,0,0,0,0,0,0,0,0,0,Ted Karras,C,OL,"https://static.www.nfl.com/image/upload/f_auto,q_auto/league/trz2xsxziqel2nertm1g",CIN,76.0,310.0,1993-03-15,
00-0032464,0,0,0,0,0,0,0,0,0,0.0,0.0,0,2,19,0,0,1.555146539467387,21,27,237,1,0,11.540015788423274,1,0,0,0,0.0,0,0,0,0,29,208,6,161,0,0,0,Kalif Raymond,WR,WR,"https://static.www.nfl.com/image/upload/f_auto,q_auto/league/e5z8bskwg89hqtsjwwgj",DET,68.0,180.0,1994-08-08,
00-0032497,0,0,0,0,0,0,0,0,0,0.0,0.0,0,0,0,0,0,0.0,0,0,0,0,0,0.0,0,0,0,0,0.0,0,0,0,0,0,0,0,0,0,0,0,Reid Ferguson,LS,SPEC,"https://static.www.nfl.com/image/upload/f_auto,q_auto/league/tarla9ric6f8tijjqrkz",BUF,74.0,235.0,1994-03-24,
00-0032521,0,0,0,0,0,0,0,0,0,0.0,0.0,0,0,0,0,0,0.0,0,0,0,0,0,0.0,0,4,1,1,0.0,0,0,0,0,0,0,0,0,0,0,0,Mike Hilton,CB,DB,"https://static.www.nfl.com/image/upload/f_auto,q_auto/league/uippdcskzxubvfqoqxlo",IND,69.0,184.0,1994-03-09,
00-0032569,0,0,0,0,0,0,0,0,0,0.0,0.0,0,0,0,0,0,0.0,0,0,0,0,0,0.0,0,0,0,0,0.0,0,0,0,0,0,0,0,0,24,28,1,Wil Lutz,K,SPEC,"https://static.www.nfl.com/image/upload/f_auto,q_auto/league/lcfurzhyjudmrwjxkgfs",DEN,71.0,184.0,1994-07-07,1.0
00-0032580,0,0,0,0,0,0,0,0,0,0.0,0.0,0,0,0,0,0,0.0,0,0,0,0,0,0.0,0,24,1,0,1.0,0,0,0,0,0,0,0,0,0,0,0,Jonathan Jones,CB,DB,"https://static.www.nfl.com/image/upload/f_auto,q_auto/league/shh2jg4hjsp0xwlnchv1",WAS,70.0,185.0,1993-09-20,
00-0032667,0,0,0,0,0,0,0,0,0,0.0,0.0,0,0,0,0,0,0.0,0,0,0,0,0,0.0,0,16,2,0,0.0,0,0,0,0,0,0,0,0,0,0,0,Roy Robertson-Harris,DE,DL,"https://static.www.nfl.com/image/upload/f_auto,q_auto/league/lu3nlgnkltamn4jtdbtg",NYG,79.0,300.0,1993-07-23,
00-0032688,0,0,0,0,0,0,0,0,0,0.0,0.0,0,0,0,0,0,0.0,5,9,53,0,0,-0.2711158771417101,0,0,0,0,0.0,0,0,0,0,0,0,0,0,0,0,0,Robbie Chosen,WR,WR,"https://static.www.nfl.com/image/upload/f_auto,q_auto/league/kz2hbymqgrobo1uynciv",WAS,75.0,185.0,1993-05-09,
00-0032701,0,0,0,0,0,0,0,0,0,0.0,0.0,0,0,0,0,0,0.0,0,0,0,0,0,0.0,0,0,0,0,0.0,0,0,0,0,0,0,0,0,0,0,0,Jake Brendel,C,OL,"https://static.www.nfl.com/image/upload/f_auto,q_auto/league/fw1g79qwk1gbhmdjvhfv",SF,76.0,299.0,1992-09-10,
00-0032726,0,0,0,0,0,0,0,0,0,0.0,0.0,0,0,0,0,0,0.0,0,0,0,0,0,0.0,0,1,0,0,0.0,0,0,0,0,0,0,0,0,38,42,1,Ka'imi Fairbairn,K,SPEC,"https://static.www.nfl.com/image/upload/f_auto,q_auto/league/nbrs7doetqydf2rzhjjl",HOU,72.0,183.0,1994-01-29,1.0
00-0032753,0,0,0,0,0,0,0,0,0,0.0,0.0,0,0,0,0,0,0.0,0,0,0,0,0,0.0,0,1,0,0,0.0,0,0,0,0,0,0,0,0,0,0,0,Luke Rhodes,LS,SPEC,"https://static.www.nfl.com/image/upload/f_auto,q_auto/league/q0ip1kc9iwwveiuefq1x",IND,74.0,238.0,1992-12-02,
00-0032759,0,0,0,0,0,0,0,0,0,0.0,0.0,0,0,0,0,0,0.0,0,0,0,0,0,0.0,0,14,5,0,3.0,0,0,0,0,0,0,0,0,0,0,0,Sheldon Rankins,DT,DL,"https://static.www.nfl.com/image/upload/f_auto,q_auto/league/ec78oc2cpukwczkzhyrw",HOU,74.0,305.0,1994-04-02,
00-0032762,0,0,0,0,0,0,0,0,0,0.0,0.0,0,0,0,0,0,0.0,0,0,0,0,0,0.0,0,11,10,0,5.0,0,0,0,0,0,0,0,0,0,0,0,Chris Jones,DE,DL,"https://static.www.nfl.com/image/upload/f_auto,q_auto/league/yrka1thykkvkfo4ixrxc",KC,78.0,310.0,1994-07-03,
00-0032763,0,0,0,0,0,0,0,0,0,0.0,0.0,0,0,0,0,0,0.0,0,0,0,0,0,0.0,0,4,0,1,1.0,0,0,0,0,0,0,0,0,0,0,0,Austin Johnson,NT,DL,"https://static.www.nfl.com/image/upload/f_auto,q_auto/league/wmwnpt1s8wxxztkkqd0z",JAX,76.0,314.0,1994-05-08,
00-0032764,0,1,0,0,0,0,0,0,0,-0.4591185906319879,-33.69303643703461,0,287,1469,16,4,8.125427340759531,15,20,150,0,0,-2.064232012955472,0,1,0,0,0.0,0,0,0,0,0,0,0,0,0,0,0,Derrick Henry,RB,RB,"https://static.www.nfl.com/image/upload/f_auto,q_auto/league/jxtikemnvpkw9r0ex2wv",BAL,75.0,252.0,1994-01-04,
00-0032775,0,0,0,0,0,0,0,0,0,0.0,0.0,0,1,6,0,0,0.3164020497351885,19,31,252,1,0,6.198082125225172,0,0,0,0,0.0,0,0,0,0,0,0,0,0,0,0,0,Demarcus Robinson,WR,WR,"https://static.www.nfl.com/image/upload/f_auto,q_auto/league/aynbxqjpwz1vhpxbxvv8",SF,73.0,203.0,1994-09-21,
00-0032803,0,0,0,0,0,0,0,0,0,0.0,0.0,0,0,0,0,0,0.0,0,0,0,0,0,0.0,0,1,0,0,0.0,0,0,0,0,0,0,0,0,0,0,0,Jalen Mills,CB,DB,"https://static.www.nfl.com/image/upload/f_auto,q_auto/league/yc4745ngoppgf1syjghl",HOU,72.0,200.0,1994-04-06,
00-0032889,0,0,0,0,0,0,0,0,0,0.0,0.0,0,0,0,0,0,0.0,0,0,0,0,0,0.0,0,20,3,0,2.5,0,0,1,0,0,0,0,0,0,0,0,A'Shawn Robinson,DE,DL,"https://static.www.nfl.com/image/upload/f_auto,q_auto/league/o2si1evbe2wsnwyrypjj",CAR,75.0,320.0,1995-03-21,
00-0032918,0,0,0,0,0,0,0,0,0,0.0,0.0,0,2,4,1,0,0.5899866244872101,1,1,5,0,0,0.0849601831287145,0,4,0,0,0.0,0,0,0,0,0,0,0,0,0,0,0,C.J. Ham,FB,RB,"https://static.www.nfl.com/image/upload/f_auto,q_auto/league/evssvutwjy6szq7dpelm",MIN,71.0,250.0,1993-07-22,
00-0032933,0,0,0,0,0,0,0,0,0,0.0,0.0,0,0,0,0,0,0.0,0,0,0,0,0,0.0,0,11,0,0,0.0,0,0,0,0,0,0,0,0,0,0,0,Antonio Hamilton,CB,DB,"https://static.www.nfl.com/image/upload/f_auto,q_auto/league/ezqh9yn3k2gnriphk8q8",WAS,72.0,188.0,1993-01-24,
00-0032943,0,0,0,0,0,0,0,0,0,0.0,0.0,0,0,0,0,0,0.0,0,0,0,0,0,0.0,0,0,0,0,0.0,0,0,0,0,0,0,0,0,0,0,0,Riley Dixon,P,SPEC,"https://static.www.nfl.com/image/upload/f_auto,q_auto/league/nkjfawzgxosjvjesf1ad",TB,76.0,221.0,1993-08-24,
00-0032950,110,169,1216,6,5,19,-125,2,0,6.300602965152775,3.00690393131989,1,11,57,0,1,-3.248268716096775,0,0,0,0,0,0.0,0,0,0,0,0.0,0,0,0,0,0,0,0,0,0,0,0,Carson Wentz,QB,QB,"https://static.www.nfl.com/image/upload/f_auto,q_auto/league/ot6wu9gw3cgcdb2cx6is",MIN,77.0,237.0,1992-12-30,
00-0032951,0,0,0,0,0,0,0,0,0,0.0,0.0,0,0,0,0,0,0.0,0,0,0,0,0,0.0,0,6,0,0,0.0,0,0,0,0,0,0,0,0,0,0,0,Laquon Treadwell,WR,WR,"https://static.www.nfl.com/image/upload/f_auto,q_auto/league/b6hu3zlkauy5tcrseyv2",IND,74.0,215.0,1995-06-14,
00-0032965,0,0,0,0,0,0,0,0,0,0.0,0.0,0,0,0,0,0,0.0,0,0,0,0,0,0.0,0,0,0,0,0.0,0,0,0,0,0,0,0,0,0,0,0,Ronnie Stanley,OT,OL,"https://static.www.nfl.com/image/upload/f_auto,q_auto/league/j91t0jvkrdhfmeoeeryr",BAL,78.0,310.0,1994-03-18,
00-0033010,0,0,0,0,0,0,0,0,0,0.0,0.0,0,0,0,0,0,0.0,0,0,0,0,0,0.0,0,6,0,0,0.0,0,0,0,0,0,0,0,0,0,0,0,Sheldon Day,DT,DL,"https://static.www.nfl.com/image/upload/f_auto,q_auto/league/cxw7fnka7letqbn7e1h3",WAS,73.0,294.0,1994-07-01,
00-0033038,0,0,0,0,0,0,0,0,0,0.0,0.0,0,0,0,0,0,0.0,0,0,0,0,0,0.0,0,28,2,1,1.0,1,0,0,0,0,0,0,0,0,0,0,Eric Murray,S,DB,"https://static.www.nfl.com/image/upload/f_auto,q_auto/league/owvt87ldq6ygpyq7ub4h",JAX,71.0,199.0,1994-01-07,
00-0033040,0,0,0,0,0,0,0,0,0,0.0,0.0,0,0,0,0,0,0.0,21,29,265,1,0,19.8345950107323,0,0,0,0,0.0,0,0,0,0,1,19,0,0,0,0,0,Tyreek Hill,WR,WR,"https://static.www.nfl.com/image/upload/f_auto,q_auto/league/gg73gnfivrn80oyqwazl",MIA,70.0,191.0,1994-03-01,
00-0033046,0,0,0,0,0,0,0,0,0,0.0,0.0,0,0,0,0,0,0.0,0,0,0,0,0,0.0,0,12,4,0,5.0,0,0,0,0,0,0,0,0,0,0,0,Jihad Ward,LB,LB,"https://static.www.nfl.com/image/upload/f_auto,q_auto/league/btmkbywpoicg8fcgvfhc",TEN,77.0,285.0,1994-05-11,
00-0033050,0,0,0,0,0,0,0,0,0,0.0,0.0,0,0,0,0,0,0.0,0,0,0,0,0,0.0,0,7,0,0,0.0,0,0,0,0,0,0,0,0,0,0,0,Xavien Howard,CB,DB,"https://static.www.nfl.com/image/upload/f_auto,q_auto/league/jbebiqcxa5rrf9ihaxkp",IND,73.0,203.0,1993-07-04,
00-0033051,0,0,0,0,0,0,0,0,0,0.0,0.0,0,0,0,0,0,0.0,0,0,0,0,0,0.0,0,27,7,0,1.0,0,0,0,0,0,0,0,0,0,0,0,David Onyemata,DT,DL,"https://static.www.nfl.com/image/upload/f_auto,q_auto/league/zzqx9ig8ltlva2uo0cgd",ATL,76.0,310.0,1992-11-13,
00-0033055,0,0,0,0,0,0,0,0,0,0.0,0.0,0,0,0,0,0,0.0,0,0,0,0,0,0.0,0,47,4,0,3.0,1,0,0,0,0,0,0,0,0,0,0,Jalen Ramsey,CB,DB,"https://static.www.nfl.com/image/upload/f_auto,q_auto/league/pjozgun3xstol72jfoow",PIT,73.0,211.0,1994-10-24,
00-0033057,0,0,0,0,0,0,0,0,0,0.0,0.0,0,0,0,0,0,0.0,0,0,0,0,0,0.0,0,0,0,0,0.0,0,0,0,0,0,0,0,0,0,0,0,Jack Conklin,OT,OL,"https://static.www.nfl.com/image/upload/f_auto,q_auto/league/n8bh3p91qk6myrjqmast",CLE,78.0,308.0,1994-08-17,
00-0033063,0,0,0,0,0,0,0,0,0,0.0,0.0,0,0,0,0,0,0.0,0,0,0,0,0,0.0,0,1,0,0,0.0,0,0,0,0,0,0,0,0,0,0,0,Zach Wood,LS,SPEC,"https://static.www.nfl.com/image/upload/f_auto,q_auto/league/vldx7g9vu0boohxmhs48",NO,75.0,255.0,1993-01-10,
00-0033064,0,0,0,0,0,0,0,0,0,0.0,0.0,0,0,0,0,0,0.0,0,0,0,0,0,0.0,0,0,0,0,0.0,0,0,0,0,0,0,0,0,0,0,0,Adam Gotsis,DE,DL,"https://static.www.nfl.com/image/upload/f_auto,q_auto/league/vos0byevm4wxvjrb6pd7",TB,76.0,287.0,1992-09-23,
00-0033066,0,0,0,0,0,0,0,0,0,0.0,0.0,0,0,0,0,0,0.0,0,0,0,0,0,0.0,0,13,5,0,0.0,0,0,0,0,0,0,0,0,0,0,0,Andrew Billings,DT,DL,"https://static.www.nfl.com/image/upload/f_auto,q_auto/league/rfxthtnhruxgqnofnuzg",CHI,73.0,340.0,1995-06-03,
00-0033072,0,0,0,0,0,0,0,0,0,0.0,0.0,0,0,0,0,0,0.0,0,0,0,0,0,0.0,0,5,5,0,3.5,0,0,0,0,0,0,0,0,0,0,0,Leonard Floyd,DE,DL,"https://static.www.nfl.com/image/upload/f_auto,q_auto/league/hmojdd6skft3sfhs59ma",ATL,75.0,240.0,1992-09-08,
00-0033073,0,0,0,0,0,0,0,0,0,0.0,0.0,0,0,0,0,0,0.0,0,0,0,0,0,0.0,0,4,2,0,0.5,0,0,0,0,0,0,0,0,0,0,0,Emmanuel Ogbah,DE,DL,"https://static.www.nfl.com/image/upload/f_auto,q_auto/league/uaj08gf9lrokgxgrbgcn",JAX,76.0,275.0,1993-11-06,
00-0033077,397,589,4482,30,10,31,-208,2,1,114.33935272057242,34.855299469750584,3,51,178,2,3,-3.9055033205146152,0,0,0,0,0,0.0,0,2,0,0,0.0,0,0,0,0,0,0,0,0,0,0,0,Dak Prescott,QB,QB,"https://static.www.nfl.com/image/upload/f_auto,q_auto/league/blixemm3s9sa4gmqk5yn",DAL,74.0,238.0,1993-07-29,
00-0033090,0,0,0,0,0,0,0,0,0,0.0,0.0,0,0,0,0,0,0.0,55,82,712,7,0,36.312639967456356,0,0,0,0,0.0,0,0,0,0,0,0,0,0,0,0,0,Hunter Henry,TE,TE,"https://static.www.nfl.com/image/upload/f_auto,q_auto/league/l0fsrutz9fwbohx10lcf",NE,77.0,249.0,1994-12-07,
00-0033093,0,0,0,0,0,0,0,0,0,0.0,0.0,0,0,0,0,0,0.0,0,0,0,0,0,0.0,0,9,4,0,0.0,0,0,0,0,0,0,0,0,0,0,0,Jonathan Bullard,DE,DL,"https://static.www.nfl.com/image/upload/f_auto,q_auto/league/z0iwn1oavvemgjupnkep",NO,75.0,290.0,1993-10-22,
00-0033106,366,536,4233,33,7,36,-244,3,3,94.16272438877277,43.70417014286383,0,19,45,0,3,-14.42414307045102,0,0,0,0,0,0.0,0,0,0,0,0.0,0,0,0,0,0,0,0,0,0,0,0,Jared Goff,QB,QB,"https://static.www.nfl.com/image/upload/f_auto,q_auto/league/yggfwr4ak4po9byj0qor",DET,76.0,217.0,1994-10-14,
00-0033109,0,0,0,0,0,0,0,0,0,0.0,0.0,0,0,0,0,0,0.0,0,0,0,0,0,0.0,0,18,4,1,3.5,0,0,0,0,0,0,0,0,0,0,0,Javon Hargrave,NT,DL,"https://static.www.nfl.com/image/upload/f_auto,q_auto/league/ql5febs5kjgtrpj555ex",MIN,74.0,307.0,1993-02-07,
00-0033110,0,0,0,0,0,0,0,0,0,0.0,0.0,0,0,0,0,0,0.0,20,30,190,2,0,1.2893049233138503,0,0,0,0,0.0,0,0,0,0,0,0,0,0,0,0,0,Tyler Higbee,TE,TE,"https://static.www.nfl.com/image/upload/f_auto,q_auto/league/x1d4osiefibd04df6gow",LA,78.0,255.0,1993-01-01,
00-0033119,293,454,3123,21,7,37,-255,3,3,-0.12863853328173214,-60.15739641776183,1,35,149,1,1,7.22821922174649,0,0,0,0,0,0.0,0,0,0,0,0.0,0,0,0,0,0,0,0,0,0,0,0,Jacoby Brissett,QB,QB,"https://static.www.nfl.com/image/upload/f_auto,q_auto/league/rdxowm5dvpbb8p3aazbc",ARI,76.0,235.0,1992-12-11,
00-0033120,0,0,0,0,0,0,0,0,0,0.0,0.0,0,0,0,0,0,0.0,0,0,0,0,0,0.0,0,16,6,0,3.0,0,0,0,0,0,0,0,0,0,0,0,Kenny Clark,NT,DL,"https://static.www.nfl.com/image/upload/f_auto,q_auto/league/ydhhuuqdppcs8vzi6v7d",DAL,75.0,314.0,1995-10-04,
00-0033131,0,0,0,0,0,0,0,0,0,0.0,0.0,0,0,0,0,0,0.0,0,0,0,0,0,0.0,0,14,7,0,6.5,0,0,0,0,0,0,0,0,0,0,0,Maliek Collins,DT,DL,"https://static.www.nfl.com/image/upload/f_auto,q_auto/league/tjyv74ytq62fprrfnjrv",CLE,74.0,310.0,1995-04-08,
00-0033132,0,0,0,0,0,0,0,0,0,0.0,0.0,0,0,0,0,0,0.0,0,0,0,0,0,0.0,0,56,4,0,0.0,6,0,0,0,0,0,0,0,0,0,0,Kevin Byard,FS,DB,"https://static.www.nfl.com/image/upload/f_auto,q_auto/league/ymu0jcrm7clsyhhvmcki",CHI,71.0,218.0,1993-08-17,
00-0033156,0,0,0,0,0,0,0,0,0,0.0,0.0,0,0,0,0,0,0.0,0,0,0,0,0,0.0,0,17,9,5,5.0,0,0,0,0,0,0,0,0,0,0,0,Joey Bosa,DE,DL,"https://static.www.nfl.com/image/upload/f_auto,q_auto/league/soo7a4n5mxia4iky4so8",BUF,77.0,280.0,1995-07-11,
00-0033217,0,0,0,0,0,0,0,0,0,0.0,0.0,0,0,0,0,0,0.0,10,16,95,1,0,-3.642898689955473,0,2,0,0,0.0,0,0,0,0,0,0,0,0,0,0,0,Mo Alie-Cox,TE,TE,"https://static.www.nfl.com/image/upload/f_auto,q_auto/league/qss1euhktuj7qje9heoi",IND,77.0,267.0,1993-09-19,
00-0033246,0,0,0,0,0,0,0,0,0,0.0,0.0,0,0,0,0,0,0.0,8,18,95,0,0,2.9580572397680953,0,1,0,0,0.0,0,0,0,0,0,0,0,0,0,0,0,Johnny Mundt,TE,TE,"https://static.www.nfl.com/image/upload/f_auto,q_auto/league/dnvrns7mliks2ptijfo0",JAX,76.0,243.0,1994-11-23,
00-0033260,0,0,0,0,0,0,0,0,0,0.0,0.0,0,0,0,0,0,0.0,0,0,0,0,0,0.0,0,1,0,0,0.0,0,0,0,0,0,0,0,0,0,0,0,Thomas Hennessy,LS,SPEC,"https://static.www.nfl.com/image/upload/f_auto,q_auto/league/dzwef96yf2ovfdcppbmo",NYJ,74.0,246.0,1994-06-11,
00-0033269,0,0,0,0,0,0,0,0,0,0.0,0.0,0,0,0,0,0,0.0,0,0,0,0,0,0.0,0,0,0,0,0.0,0,0,0,0,0,0,0,0,0,0,0,Rigoberto Sanchez,P,SPEC,"https://static.www.nfl.com/image/upload/f_auto,q_auto/league/io2gctkkefyopm7m7mnj",IND,72.0,195.0,1994-09-08,
00-0033280,0,1,0,0,0,0,0,0,0,-0.770897071401123,0.0,0,303,1179,10,1,-18.87002910827964,96,122,890,7,1,43.35550047221233,0,2,0,0,0.0,0,0,0,0,0,0,0,0,0,0,0,Christian McCaffrey,RB,RB,"https://static.www.nfl.com/image/upload/f_auto,q_auto/league/resjdwihunsqckohcorj",SF,71.0,210.0,1996-06-07,
00-0033281,0,0,0,0,0,0,0,0,0,0.0,0.0,0,0,0,0,0,0.0,0,0,0,0,0,0.0,0,47,2,2,1.0,4,0,0,0,0,0,0,0,0,0,0,Marlon Humphrey,CB,DB,"https://static.www.nfl.com/image/upload/f_auto,q_auto/league/zru6ellib9fzob6zq5c3",BAL,72.0,210.0,1996-07-08,
00-0033282,0,0,0,0,0,0,0,0,0,0.0,0.0,0,0,0,0,0,0.0,7,9,81,1,0,8.805984938517213,0,1,0,0,0.0,0,0,0,0,0,0,9,223,0,0,0,Curtis Samuel,WR,WR,"https://static.www.nfl.com/image/upload/f_auto,q_auto/league/vyibrxegz375ntjby5zs",BUF,71.0,195.0,1996-08-11,
00-0033284,0,0,0,0,0,0,0,0,0,0.0,0.0,0,0,0,0,0,0.0,0,0,0,0,0,0.0,0,1,0,0,0.0,0,0,0,0,0,0,0,0,0,0,0,Taylor Moton,OT,OL,"https://static.www.nfl.com/image/upload/f_auto,q_auto/league/sfwnn5fqfzp64p0zkwkl",CAR,77.0,325.0,1994-08-14,
00-0033288,0,0,0,0,0,0,0,0,0,0.0,0.0,0,1,-3,0,0,-0.9897125085117296,52,62,599,7,0,47.679496858973934,0,1,0,0,0.0,0,0,0,0,0,0,0,0,0,0,0,George Kittle,TE,TE,"https://static.www.nfl.com/image/upload/f_auto,q_auto/league/ztz3xqjaqgok9m4nylgs",SF,76.0,250.0,1993-10-09,
00-0033290,0,0,0,0,0,0,0,0,0,0.0,0.0,0,0,0,0,0,0.0,0,0,0,0,0,0.0,0,1,0,0,0.0,0,0,0,0,0,0,0,0,0,0,0,Jermaine Eluemunor,G,OL,"https://static.www.nfl.com/image/upload/f_auto,q_auto/league/xqlquhcisz9ykfedvele",NYG,76.0,338.0,1994-12-13,
00-0033293,0,0,0,0,0,0,0,0,0,0.0,0.0,0,132,548,2,0,-2.374720258308603,28,41,199,1,1,-7.550731344502499,0,1,0,0,0.0,0,0,0,0,0,0,0,0,0,0,0,Aaron Jones,RB,RB,"https://static.www.nfl.com/image/upload/f_auto,q_auto/league/bktkfvgfwujkdbzkcfim",MIN,69.0,208.0,1994-12-02,
00-0033294,0,0,0,0,0,0,0,0,0,0.0,0.0,0,0,0,0,0,0.0,0,0,0,0,0,0.0,0,29,2,1,0.0,0,0,0,0,0,0,0,0,0,0,0,Chuck Clark,DB,DB,"https://static.www.nfl.com/image/upload/f_auto,q_auto/league/yv3fcxrrkt1c0tavgpq7",PIT,72.0,209.0,1995-04-19,
00-0033297,0,0,0,0,0,0,0,0,0,0.0,0.0,0,0,0,0,0,0.0,0,0,0,0,0,0.0,0,20,4,0,3.0,0,0,0,0,0,0,0,0,0,0,0,D.J. Jones,DT,DL,"https://static.www.nfl.com/image/upload/f_auto,q_auto/league/ft4g8bxpn85mshqvp4lj",DEN,72.0,305.0,1995-01-19,
00-0033303,0,0,0,0,0,0,0,0,0,0.0,0.0,0,0,0,0,0,0.0,0,0,0,0,0,0.0,0,1,0,0,0.0,0,0,0,0,0,0,0,0,29,34,0,Harrison Butker,K,SPEC,"https://static.www.nfl.com/image/upload/f_auto,q_auto/league/ove4pmnrtqtuyta6rrlc",KC,76.0,205.0,1995-07-14,1.0
00-0033307,0,0,0,0,0,0,0,0,0,0.0,0.0,0,0,0,0,0,0.0,37,52,551,0,0,21.74121327036541,0,0,0,0,0.0,0,0,0,0,0,0,0,0,0,0,0,Kendrick Bourne,WR,WR,"https://static.www.nfl.com/image/upload/f_auto,q_auto/league/rroh157jvpywprbfn3vx",SF,73.0,205.0,1995-08-04,
00-0033319,1,1,3,0,0,0,0,0,0,-0.5442676531910864,17.997896671295166,0,9,-6,0,0,-2.4598922564764507,0,0,0,0,0,0.0,0,0,0,0,0.0,0,0,0,0,0,0,0,0,0,0,0,Nick Mullens,QB,QB,"https://static.www.nfl.com/image/upload/f_auto,q_auto/league/xrpcaavzkqoq1ybqthgm",JAX,73.0,210.0,1995-03-21,
00-0033336,0,0,0,0,0,0,0,0,0,0.0,0.0,0,0,0,0,0,0.0,0,0,0,0,0,0.0,0,53,16,4,6.5,0,0,0,0,0,0,0,0,0,0,0,Eric Wilson,LB,LB,"https://static.www.nfl.com/image/upload/f_auto,q_auto/league/ita0jmgsuikjagrpuqqb",MIN,73.0,230.0,1994-09-26,
00-0033347,0,0,0,0,0,0,0,0,0,0.0,0.0,0,0,0,0,0,0.0,0,0,0,0,0,0.0,0,1,0,0,0.0,0,0,0,0,0,0,0,0,0,0,0,Josh Tupou,DT,DL,"https://static.www.nfl.com/image/upload/f_auto,q_auto/league/l2qbcwd7xkczaf4yibdf",BAL,75.0,340.0,1994-05-02,
00-0033357,2,6,57,1,0,0,0,0,0,-0.9995986306660125,-54.57397699356079,0,52,114,1,2,-14.218752735960987,8,13,59,0,0,-2.089070585094671,0,1,0,0,0.0,0,0,0,0,0,0,0,0,0,0,0,Taysom Hill,TE,TE,"https://static.www.nfl.com/image/upload/f_auto,q_auto/league/q8itjlocg5do60qat4l3",NO,74.0,221.0,1990-08-23,
00-0033375,0,0,0,0,0,0,0,0,0,0.0,0.0,0,0,0,0,0,0.0,14,23,183,3,0,6.021225390013271,0,1,0,0,0.0,0,0,0,0,0,0,0,0,0,0,0,Tim Patrick,WR,WR,"https://static.www.nfl.com/image/upload/f_auto,q_auto/league/ovltsc9sdoo5e62fpa9b",JAX,77.0,210.0,1993-11-23,
00-0033376,0,0,0,0,0,0,0,0,0,0.0,0.0,0,1,3,0,0,0.5102673803921789,0,1,0,0,0,-0.6971074535977095,0,1,0,0,0.0,0,0,0,0,0,0,0,0,0,0,0,Patrick Ricard,FB,RB,"https://static.www.nfl.com/image/upload/f_auto,q_auto/league/l5nzsaigpp87jl5h5mtc",BAL,75.0,300.0,1994-05-27,
00-0033381,0,0,0,0,0,0,0,0,0,0.0,0.0,0,0,0,0,0,0.0,0,0,0,0,0,0.0,0,19,3,0,1.0,0,0,0,0,0,0,0,0,0,0,0,Adam Butler,DT,DL,"https://static.www.nfl.com/image/upload/f_auto,q_auto/league/t9cxogz67nugvjyqif73",LV,77.0,300.0,1994-04-12,
00-0033393,0,0,0,0,0,0,0,0,0,0.0,0.0,0,0,0,0,0,0.0,0,0,0,0,0,0.0,0,34,3,2,1.5,1,1,0,0,0,0,0,0,0,0,0,Kenny Moore II,CB,DB,"https://static.www.nfl.com/image/private/f_auto,q_auto/league/ji3hdoi86xonnhxlr6gl",IND,69.0,190.0,1995-08-23,
00-0033400,0,0,0,0,0,0,0,0,0,0.0,0.0,0,0,0,0,0,0.0,0,0,0,0,0,0.0,0,0,0,0,0.0,0,0,0,0,0,0,0,0,0,0,0,Matt Haack,P,SPEC,"https://static.www.nfl.com/image/upload/f_auto,q_auto/league/q0pk8i0ehgn4bccwbmme",ARI,72.0,205.0,1994-07-25,
00-0033439,0,0,0,0,0,0,0,0,0,0.0,0.0,0,0,0,0,0,0.0,2,2,1,0,0,-0.885376922233263,0,1,0,0,0.0,0,0,0,0,0,0,0,0,0,0,0,Pharaoh Brown,TE,TE,"https://static.www.nfl.com/image/upload/f_auto,q_auto/league/hfgg6gr7aiyzmdzh4iww",ARI,77.0,246.0,1994-05-04,
00-0033455,0,0,0,0,0,0,0,0,0,0.0,0.0,0,0,0,0,0,0.0,6,7,51,0,0,3.2094201747677285,0,0,0,0,0.0,0,0,0,0,0,0,0,0,0,0,0,Anthony Firkser,TE,TE,"https://static.www.nfl.com/image/upload/f_auto,q_auto/league/rpbs9wsnuhu9tgipzwuv",DET,74.0,246.0,1995-02-19,
00-0033463,0,0,0,0,0,0,0,0,0,0.0,0.0,0,0,0,0,0,0.0,0,0,0,0,0,0.0,0,0,0,0,0.0,0,0,0,0,0,0,0,0,0,0,0,Carl Lawson,DE,DL,"https://static.www.nfl.com/image/upload/f_auto,q_auto/league/fv6hftu35bcjuenhupde",BAL,74.0,265.0,1995-06-29,
00-0033503,0,0,0,0,0,0,0,0,0,0.0,0.0,0,0,0,0,0,0.0,0,0,0,0,0,0.0,0,11,0,0,0.0,1,0,0,0,0,0,0,0,0,0,0,Arthur Maulet,CB,DB,"https://static.www.nfl.com/image/upload/f_auto,q_auto/league/aubd7y8fpt8tdx3tci9t",DET,69.0,190.0,1993-07-13,
00-0033523,0,0,0,0,0,0,0,0,0,0.0,0.0,0,0,0,0,0,0.0,0,0,0,0,0,0.0,0,27,7,0,3.5,0,0,0,0,0,0,0,0,0,0,0,Jonathan Allen,DE,DL,"https://static.www.nfl.com/image/upload/f_auto,q_auto/league/pri0osdjdsziyqrd14ar",MIN,75.0,300.0,1995-01-16,
00-0033526,0,0,0,0,0,0,0,0,0,0.0,0.0,0,76,340,3,3,-0.8043011686475587,14,17,77,0,0,-0.5537925658270428,0,1,0,0,0.0,0,0,0,0,0,0,17,430,0,0,0,Samaje Perine,RB,RB,"https://static.www.nfl.com/image/upload/f_auto,q_auto/league/ur3jv6biq0pefkrgpzty",CIN,70.0,240.0,1995-09-16,
00-0033538,0,0,0,0,0,0,0,0,0,0.0,0.0,0,0,0,0,0,0.0,0,1,0,0,0,-0.82037357360241,0,0,0,0,0.0,0,0,0,0,0,0,0,0,0,0,0,Garett Bolles,OT,OL,"https://static.www.nfl.com/image/upload/f_auto,q_auto/league/dpgttf9sbcrvmqvohqtn",DEN,77.0,300.0,1992-05-27,
00-0033546,0,0,0,0,0,0,0,0,0,0.0,0.0,0,0,0,0,0,0.0,0,0,0,0,0,0.0,0,12,3,0,1.0,0,0,0,0,0,0,0,0,0,0,0,Dalvin Tomlinson,DE,DL,"https://static.www.nfl.com/image/upload/f_auto,q_auto/league/al9wtdcyop0h56lby8ba",ARI,75.0,335.0,1994-02-18,
00-0033547,0,0,0,0,0,0,0,0,0,0.0,0.0,0,0,0,0,0,0.0,0,0,0,0,0,0.0,0,5,1,0,0.0,0,0,0,0,0,0,0,0,0,0,0,Zach Cunningham,ILB,LB,"https://static.www.nfl.com/image/upload/f_auto,q_auto/league/gxugy1m0xlxbyk8dv5rr",DET,75.0,230.0,1994-12-02,
00-0033548,0,0,0,0,0,0,0,0,0,0.0,0.0,0,0,0,0,0,0.0,0,0,0,0,0,0.0,0,23,0,0,0.0,0,0,0,0,0,0,0,0,0,0,0,Chidobe Awuzie,CB,DB,"https://static.www.nfl.com/image/upload/f_auto,q_auto/league/qmjzimecbg4ftseg8myr",BAL,72.0,202.0,1995-05-24,
00-0033551,0,0,0,0,0,0,0,0,0,0.0,0.0,0,0,0,0,0,0.0,0,0,0,0,0,0.0,0,31,2,1,1.0,2,0,0,0,0,0,0,0,0,0,0,Rasul Douglas,CB,DB,"https://static.www.nfl.com/image/upload/f_auto,q_auto/league/f2ac9dmdbhc6rvgllcbt",MIA,74.0,209.0,1994-08-29,
00-0033553,0,0,0,0,0,0,0,0,0,0.0,0.0,0,32,95,1,1,-2.779542084841523,8,9,38,1,0,2.2344548034016047,0,0,0,0,0.0,0,0,0,0,0,0,0,0,0,0,0,James Conner,RB,RB,"https://static.www.nfl.com/image/upload/f_auto,q_auto/league/g5yjordcmt76j0saytzb",ARI,73.0,233.0,1995-05-05,
00-0033555,0,0,0,0,0,0,0,0,0,0.0,0.0,0,1,4,0,0,-0.2241695423144847,46,65,550,2,1,27.20059189906663,0,1,0,0,0.0,0,0,0,0,0,0,0,0,0,0,0,Mack Hollins,WR,WR,"https://static.www.nfl.com/image/upload/f_auto,q_auto/league/qbz7whjzsittudcecezw",NE,76.0,221.0,1993-09-16,
00-0033557,0,0,0,0,0,0,0,0,0,0.0,0.0,0,0,0,0,0,0.0,0,0,0,0,0,0.0,0,2,0,0,0.0,0,0,0,0,0,0,0,0,0,0,0,Jalen Reeves-Maybin,LB,LB,"https://static.www.nfl.com/image/upload/f_auto,q_auto/league/oczccxuvy4ltvjy4fhmu",CHI,73.0,226.0,1995-01-31,
00-0033571,0,0,0,0,0,0,0,0,0,0.0,0.0,0,0,0,0,0,0.0,0,0,0,0,0,0.0,0,34,7,1,3.5,0,0,0,0,0,0,0,0,0,0,0,Matt Milano,OLB,LB,"https://static.www.nfl.com/image/upload/f_auto,q_auto/league/ikmvrrbegypwn8wejcge",BUF,72.0,223.0,1994-07-28,
00-0033572,0,0,0,0,0,0,0,0,0,0.0,0.0,0,0,0,0,0,0.0,0,0,0,0,0,0.0,0,0,0,0,0.0,0,0,3,0,15,114,30,741,0,0,0,Jamal Agnew,WR,WR,"https://static.www.nfl.com/image/upload/f_auto,q_auto/league/buapoaxrvjzwsr4l34mq",ATL,70.0,190.0,1995-04-03,
00-0033576,0,0,0,0,0,0,0,0,0,0.0,0.0,0,0,0,0,0,0.0,2,4,21,0,0,2.514794211762026,0,5,0,0,0.0,0,0,0,0,0,0,0,0,0,0,0,Eric Saubert,TE,TE,"https://static.www.nfl.com/image/upload/f_auto,q_auto/league/ojoapzazehxdd01fadz6",SEA,77.0,253.0,1994-05-09,
00-0033579,0,0,0,0,0,0,0,0,0,0.0,0.0,0,0,0,0,0,0.0,0,0,0,0,0,0.0,0,23,0,0,1.0,2,0,0,0,0,0,0,0,0,0,0,Xavier Woods,FS,DB,"https://static.www.nfl.com/image/upload/f_auto,q_auto/league/of7kdkfale5fnuz6u8gr",TEN,71.0,200.0,1995-07-26,
00-0033589,0,0,0,0,0,0,0,0,0,0.0,0.0,0,1,12,0,0,1.0353833953849971,1,1,5,0,0,-0.3032329112756997,0,0,0,0,0.0,0,0,0,0,1,0,0,0,0,0,0,David Moore,WR,WR,"https://static.www.nfl.com/image/upload/f_auto,q_auto/league/k2szy47lyxy9u5om7vd1",CAR,72.0,219.0,1995-01-15,
00-0033591,0,0,0,0,0,0,0,0,0,0.0,0.0,0,0,0,0,0,0.0,5,10,83,0,0,2.284025734901661,0,0,0,0,0.0,0,0,0,0,0,0,0,0,0,0,0,Noah Brown,WR,WR,"https://static.www.nfl.com/image/upload/f_auto,q_auto/league/nv6ix0p8965yiugsuhwh",WAS,74.0,225.0,1996-01-06,
00-0033595,0,0,0,0,0,0,0,0,0,0.0,0.0,0,0,0,0,0,0.0,0,0,0,0,0,0.0,0,5,0,0,0.0,0,0,0,0,0,0,0,0,0,0,0,Pat O'Connor,DE,DL,"https://static.www.nfl.com/image/upload/f_auto,q_auto/league/hlyhbl1hpgksy8swksa8",DET,76.0,300.0,1993-11-01,
00-0033662,34,52,303,0,4,1,-16,0,0,-18.84717217733835,-2.5764845886774213,0,4,-4,0,1,-5.581122012459673,0,0,0,0,0,0.0,0,0,0,0,0.0,0,0,0,0,0,0,0,0,0,0,0,Cooper Rush,QB,QB,"https://static.www.nfl.com/image/upload/f_auto,q_auto/league/mwrtykpswz7nbfisqlmj",BAL,75.0,225.0,1993-11-21,
00-0033676,0,0,0,0,0,0,0,0,0,0.0,0.0,0,0,0,0,0,0.0,0,0,0,0,0,0.0,0,0,0,0,0.0,0,0,0,0,0,0,0,0,0,0,0,Elijah Wilkinson,OT,OL,"https://static.www.nfl.com/image/upload/f_auto,q_auto/league/vf0jyksmu8odxv2b9ich",ATL,78.0,310.0,1995-02-10,
00-0033697,0,0,0,0,0,0,0,0,0,0.0,0.0,0,0,0,0,0,0.0,0,0,0,0,0,0.0,0,2,0,0,0.0,0,0,0,0,0,0,0,0,0,0,0,Michael Davis,CB,DB,"https://static.www.nfl.com/image/upload/f_auto,q_auto/league/bh8fcv8fcihcx1munujm",NO,74.0,195.0,1996-01-06,
00-0033699,0,0,0,0,0,0,0,0,0,0.0,0.0,0,14,43,0,0,-1.1653470726450905,5,7,38,0,0,0.22969329675153594,0,0,0,0,0.0,0,0,0,0,0,0,0,0,0,0,0,Austin Ekeler,RB,RB,"https://static.www.nfl.com/image/upload/f_auto,q_auto/league/sldndpn2zwt4uhkj2zks",WAS,70.0,200.0,1995-05-17,
00-0033702,0,0,0,0,0,0,0,0,0,0.0,0.0,0,0,0,0,0,0.0,0,0,0,0,0,0.0,0,2,0,0,0.0,0,0,0,0,0,0,0,0,6,9,0,Younghoe Koo,K,SPEC,"https://static.www.nfl.com/image/upload/f_auto,q_auto/league/d6k1yzhzj3mikcheisnm",ATL,70.0,195.0,1994-08-03,0.6666666666666666
00-0033729,0,0,0,0,0,0,0,0,0,0.0,0.0,0,0,0,0,0,0.0,0,0,0,0,0,0.0,0,0,0,0,0.0,0,0,0,0,0,0,0,0,0,0,0,Cameron Johnston,P,SPEC,"https://static.www.nfl.com/image/upload/f_auto,q_auto/league/ppcxjnntytozgd78mhzz",BUF,71.0,194.0,1992-02-24,
00-0033757,0,0,0,0,0,0,0,0,0,0.0,0.0,0,0,0,0,0,0.0,1,1,1,0,0,-0.5185336319264024,0,1,0,0,0.0,0,0,0,0,0,0,0,0,0,0,0,Robert Tonyan,TE,TE,"https://static.www.nfl.com/image/upload/f_auto,q_auto/league/m8h8rzmxq4sjywitqnyb",KC,77.0,240.0,1994-04-30,
00-0033782,0,0,0,0,0,0,0,0,0,0.0,0.0,0,0,0,0,0,0.0,0,0,0,0,0,0.0,0,0,0,0,0.0,0,0,0,0,0,0,0,0,0,0,0,DeMarcus Walker,DE,DL,"https://static.www.nfl.com/image/upload/f_auto,q_auto/league/srytj7u2ver5a0lnanpg",WAS,76.0,280.0,1994-09-30,
00-0033783,0,0,0,0,0,0,0,0,0,0.0,0.0,0,0,0,0,0,0.0,0,0,0,0,0,0.0,0,6,0,0,0.0,0,0,0,0,0,0,0,0,0,0,0,Ahkello Witherspoon,CB,DB,"https://static.www.nfl.com/image/upload/f_auto,q_auto/league/ub7code8rbhomboifmob",LA,74.0,195.0,1995-03-21,
00-0033787,0,0,0,0,0,0,0,0,0,0.0,0.0,0,0,0,0,0,0.0,0,0,0,0,0,0.0,0,1,0,0,0.0,0,0,0,0,0,0,0,0,19,26,0,Jake Elliott,K,SPEC,"https://static.www.nfl.com/image/upload/f_auto,q_auto/league/v35j7b3tofdn0kfskdhj",PHI,69.0,167.0,1995-01-21,1.0
00-0033831,0,0,0,0,0,0,0,0,0,0.0,0.0,0,0,0,0,0,0.0,0,0,0,0,0,0.0,0,0,0,0,0.0,0,0,0,0,0,0,0,0,0,0,0,Andrew Wylie,G,OL,"https://static.www.nfl.com/image/upload/f_auto,q_auto/league/ocotasgekygqeq8tmgzh",WAS,77.0,304.0,1994-08-19,
00-0033854,0,0,0,0,0,0,0,0,0,0.0,0.0,0,10,22,1,0,-3.5670222046746813,9,11,70,0,1,-6.752407487688195,0,8,0,0,0.0,0,0,0,0,0,0,0,0,0,0,0,Dare Ogunbowale,RB,RB,"https://static.www.nfl.com/image/upload/f_auto,q_auto/league/bsm0k0jkytuiej2riudv",HOU,71.0,205.0,1994-05-04,
00-0033857,0,0,0,0,0,0,0,0,0,0.0,0.0,0,0,0,0,0,0.0,31,43,332,1,0,2.328529644478128,0,1,0,0,0.0,0,0,0,0,0,0,0,0,0,0,0,JuJu Smith-Schuster,WR,WR,"https://static.www.nfl.com/image/upload/f_auto,q_auto/league/fmjrhk2zt9z22uifctv0",KC,73.0,215.0,1996-11-22,
00-0033858,0,0,0,0,0,0,0,0,0,0.0,0.0,0,8,68,1,0,4.389799415657762,37,52,220,2,1,1.514906029870353,0,0,0,0,0.0,0,0,0,0,0,0,0,0,0,0,0,Jonnu Smith,TE,TE,"https://static.www.nfl.com/image/upload/f_auto,q_auto/league/egd6llghj3n5wfdrqacw",PIT,75.0,248.0,1995-08-22,
00-0033860,0,0,0,0,0,0,0,0,0,0.0,0.0,0,0,0,0,0,0.0,0,0,0,0,0,0.0,0,14,2,1,0.0,0,0,0,0,0,0,0,0,0,0,0,Davon Godchaux,DT,DL,"https://static.www.nfl.com/image/upload/f_auto,q_auto/league/ggliw5fteiagipksotkk",NO,75.0,330.0,1994-11-11,
00-0033862,0,0,0,0,0,0,0,0,0,0.0,0.0,0,0,0,0,0,0.0,0,0,0,0,0,0.0,0,0,0,0,0.0,0,0,0,0,0,0,0,0,15,18,2,Zane Gonzalez,K,SPEC,"https://static.www.nfl.com/image/upload/f_auto,q_auto/league/tytaxive5qhdumjqy2o2",ATL,72.0,200.0,1995-05-07,1.0
00-0033863,0,0,0,0,0,0,0,0,0,0.0,0.0,0,0,0,0,0,0.0,0,0,0,0,0,0.0,0,0,0,0,0.0,0,0,0,0,0,0,0,0,0,0,0,Dan Skipper,OT,OL,"https://static.www.nfl.com/image/upload/f_auto,q_auto/league/umcplds2xhmcs6wijlpw",DET,81.0,334.0,1994-09-20,
00-0033868,0,0,0,0,0,0,0,0,0,0.0,0.0,0,0,0,0,0,0.0,0,0,0,0,0,0.0,0,39,32,3,22.0,0,0,0,0,0,0,0,0,0,0,0,Myles Garrett,DE,DL,"https://static.www.nfl.com/image/private/f_auto,q_auto/league/y33rmtjxhgil7cjcftlc",CLE,76.0,272.0,1995-12-29,
00-0033869,3,6,54,0,0,0,0,0,0,3.249496043776162,-25.32012313604355,0,4,1,0,0,-3.886258147773333,0,0,0,0,0,0.0,0,0,0,0,0.0,0,0,0,0,0,0,0,0,0,0,0,Mitchell Trubisky,QB,QB,"https://static.www.nfl.com/image/upload/f_auto,q_auto/league/fw9ec0v5pn3sorobytpb",BUF,74.0,222.0,1994-08-20,
00-0033870,0,0,0,0,0,0,0,0,0,0.0,0.0,0,0,0,0,0,0.0,0,0,0,0,0,0.0,0,8,3,0,0.0,0,0,0,0,0,0,0,0,0,0,0,Solomon Thomas,DE,DL,"https://static.www.nfl.com/image/upload/f_auto,q_auto/league/pk5ozcdcbehjnw3txvu8",DAL,75.0,285.0,1995-08-26,
00-0033872,0,0,0,0,0,0,0,0,0,0.0,0.0,0,0,0,0,0,0.0,0,0,0,0,0,0.0,0,24,4,0,1.0,0,0,0,0,0,0,0,0,0,0,0,Jamal Adams,LB,LB,"https://static.www.nfl.com/image/upload/f_auto,q_auto/league/plodzh6kwjvhpo2mf3ie",LV,73.0,213.0,1995-10-17,
00-0033873,315,502,3587,22,11,34,-193,3,0,68.24694077617175,1.9283827065423758,2,64,422,5,0,29.164493967895396,1,1,-10,0,0,-2.5388513491488998,0,1,0,0,0.0,0,0,0,0,0,0,0,0,0,0,0,Patrick Mahomes,QB,QB,"https://static.www.nfl.com/image/upload/f_auto,q_auto/league/iireqbn32cpg9fn4sfy7",KC,74.0,225.0,1995-09-17,
00-0033874,0,0,0,0,0,0,0,0,0,0.0,0.0,0,0,0,0,0,0.0,0,0,0,0,0,0.0,0,15,1,0,0.0,1,0,0,0,0,0,0,0,0,0,0,Marshon Lattimore,CB,DB,"https://static.www.nfl.com/image/upload/f_auto,q_auto/league/z4npwlwl5teozc1lp8ky",WAS,72.0,192.0,1996-05-20,
00-0033875,0,0,0,0,0,0,0,0,0,0.0,0.0,0,0,0,0,0,0.0,0,0,0,0,0,0.0,0,17,6,1,2.5,0,0,0,0,0,0,0,0,0,0,0,Haason Reddick,OLB,LB,"https://static.www.nfl.com/image/upload/f_auto,q_auto/league/to1hxe921e7wc8rarebt",TB,73.0,240.0,1994-09-22,
00-0033876,0,0,0,0,0,0,0,0,0,0.0,0.0,0,0,0,0,0,0.0,0,0,0,0,0,0.0,0,10,7,0,5.0,0,0,0,0,0,0,0,0,0,0,0,Derek Barnett,DE,DL,"https://static.www.nfl.com/image/upload/f_auto,q_auto/league/eh9ienpeakbbr9mw4vlm",HOU,75.0,259.0,1996-06-25,
00-0033877,0,0,0,0,0,0,0,0,0,0.0,0.0,0,0,0,0,0,0.0,0,0,0,0,0,0.0,0,24,2,0,0.0,0,0,0,0,0,0,0,0,0,0,0,Malik Hooker,FS,DB,"https://static.www.nfl.com/image/upload/f_auto,q_auto/league/juvd0vtnne04b8fbqaf6",DAL,73.0,212.0,1996-04-02,
00-0033878,0,0,0,0,0,0,0,0,0,0.0,0.0,0,0,0,0,0,0.0,0,0,0,0,0,0.0,0,40,0,0,0.0,1,0,0,0,0,0,0,0,0,0,0,Adoree' Jackson,CB,DB,"https://static.www.nfl.com/image/upload/f_auto,q_auto/league/jtskiyzkosuajjatls72",PHI,71.0,185.0,1995-09-18,
00-0033881,0,0,0,0,0,0,0,0,0,0.0,0.0,0,1,7,0,0,0.2544323517940938,47,72,416,1,0,2.829093568176027,0,0,0,0,0.0,0,0,0,0,0,0,0,0,0,0,0,Evan Engram,TE,TE,"https://static.www.nfl.com/image/upload/f_auto,q_auto/league/vsrjso6phkjqki88qw9y",DEN,75.0,240.0,1994-09-02,
00-0033883,0,0,0,0,0,0,0,0,0,0.0,0.0,0,0,0,0,0,0.0,0,0,0,0,0,0.0,0,6,0,0,0.0,0,0,0,0,0,0,0,0,0,0,0,Jabrill Peppers,FS,DB,"https://static.www.nfl.com/image/upload/f_auto,q_auto/league/ibsp6bicwpzoghc9mofe",PIT,71.0,217.0,1995-10-04,
00-0033884,0,0,0,0,0,0,0,0,0,0.0,0.0,0,0,0,0,0,0.0,0,0,0,0,0,0.0,0,28,6,0,0.0,1,0,0,0,0,0,0,0,0,0,0,Tre'Davious White,CB,DB,"https://static.www.nfl.com/image/upload/f_auto,q_auto/league/uxwbh1qimnyieywlu6ic",BUF,71.0,192.0,1995-01-16,
00-0033885,0,0,0,0,0,0,0,0,0,0.0,0.0,0,0,0,0,0,0.0,33,48,293,4,0,-3.614772343487779,0,0,0,0,0.0,0,0,0,0,0,0,0,0,0,0,0,David Njoku,TE,TE,"https://static.www.nfl.com/image/upload/f_auto,q_auto/league/gdwtgcfz3mxj6codxdpn",CLE,76.0,246.0,1996-07-10,
00-0033886,0,0,0,0,0,0,0,0,0,0.0,0.0,0,0,0,0,0,0.0,0,0,0,0,0,0.0,0,20,10,3,7.0,1,0,0,0,0,0,0,0,0,0,0,T.J. Watt,OLB,LB,"https://static.www.nfl.com/image/upload/f_auto,q_auto/league/aywegy4gpj1d32vrl67u",PIT,76.0,252.0,1994-10-11,
00-0033889,0,0,0,0,0,0,0,0,0,0.0,0.0,0,0,0,0,0,0.0,0,0,0,0,0,0.0,0,0,0,0,0.0,0,0,0,0,0,0,0,0,0,0,0,Cam Robinson,OT,OL,"https://static.www.nfl.com/image/upload/f_auto,q_auto/league/lqgjpx9ttpdhpbvswdly",HOU,78.0,335.0,1995-10-09,
00-0033890,0,0,0,0,0,0,0,0,0,0.0,0.0,0,0,0,0,0,0.0,0,0,0,0,0,0.0,0,49,2,0,0.5,1,0,0,0,0,0,0,0,0,0,0,Budda Baker,S,DB,"https://static.www.nfl.com/image/upload/f_auto,q_auto/league/ja3tkctpkfcschgpowoe",ARI,70.0,195.0,1996-01-10,
00-0033891,0,0,0,0,0,0,0,0,0,0.0,0.0,0,0,0,0,0,0.0,12,18,183,0,0,5.602521057240665,0,0,0,0,0.0,0,0,0,0,0,0,0,0,0,0,0,Zay Jones,WR,WR,"https://static.www.nfl.com/image/upload/f_auto,q_auto/league/qihjjzfk0vwzoyrzztkq",ARI,74.0,200.0,1995-03-30,
00-0033894,0,0,0,0,0,0,0,0,0,0.0,0.0,0,0,0,0,0,0.0,0,0,0,0,0,0.0,0,7,0,0,0.0,0,0,0,0,0,0,0,0,0,0,0,Marcus Williams,FS,DB,"https://static.www.nfl.com/image/upload/f_auto,q_auto/league/niqp2dje7qvlegxtsttn",LAC,73.0,204.0,1996-09-08,
00-0033901,0,0,0,0,0,0,0,0,0,0.0,0.0,0,0,0,0,0,0.0,0,0,0,0,0,0.0,0,0,0,0,0.0,0,0,0,0,0,0,0,0,0,0,0,Ethan Pocic,C,OL,"https://static.www.nfl.com/image/upload/f_auto,q_auto/league/yl6ylttfhl37pjf4iqxi",CLE,78.0,320.0,1995-08-05,
00-0033902,0,0,0,0,0,0,0,0,0,0.0,0.0,0,0,0,0,0,0.0,0,0,0,0,0,0.0,0,4,1,0,1.0,0,0,0,0,0,0,0,0,0,0,0,Tanoh Kpassagnon,DE,DL,"https://static.www.nfl.com/image/private/f_auto,q_auto/league/ilr1bs7qesfq7fryeetc",CHI,79.0,289.0,1994-06-14,
00-0033904,0,0,0,0,0,0,0,0,0,0.0,0.0,0,0,0,0,0,0.0,0,0,0,0,0,0.0,0,0,0,0,0.0,0,0,0,0,0,0,0,0,0,0,0,Dion Dawkins,OT,OL,"https://static.www.nfl.com/image/upload/f_auto,q_auto/league/wuczkzxwxypvr9ssis5h",BUF,77.0,320.0,1994-04-26,
00-0033905,0,0,0,0,0,0,0,0,0,0.0,0.0,0,0,0,0,0,0.0,0,0,0,0,0,0.0,0,9,3,0,0.0,0,0,0,0,0,0,0,0,0,0,0,Larry Ogunjobi,DT,DL,"https://static.www.nfl.com/image/upload/f_auto,q_auto/league/gt0gj15hsswookg40d39",BUF,75.0,305.0,1994-06-03,
00-0033906,0,0,0,0,0,0,0,0,0,0.0,0.0,0,131,471,1,1,-28.774972601836286,33,39,186,0,1,-11.671730328886465,0,1,0,0,0.0,0,0,0,0,0,0,0,0,0,0,0,Alvin Kamara,RB,RB,"https://static.www.nfl.com/image/upload/f_auto,q_auto/league/uay6uo9lonegelngihki",NO,70.0,215.0,1995-07-25,
00-0033907,0,0,0,0,0,0,0,0,0,0.0,0.0,0,0,0,0,0,0.0,0,0,0,0,0,0.0,0,9,2,0,1.0,0,0,0,0,0,0,0,0,0,0,0,Dawuane Smoot,DE,DL,"https://static.www.nfl.com/image/upload/f_auto,q_auto/league/gmwsx9fddqfaqsm6dx0a",JAX,75.0,275.0,1995-03-02,
00-0033908,0,1,0,0,1,0,0,0,0,-5.370166467153467,-65.11815786361694,0,0,0,0,0,0.0,45,67,564,2,1,7.813508729673723,0,1,0,0,0.0,0,0,0,0,0,0,0,0,0,0,0,Cooper Kupp,WR,WR,"https://static.www.nfl.com/image/upload/f_auto,q_auto/league/lpaxi9rsedlg9sdr5quw",SEA,74.0,205.0,1993-06-15,
00-0033913,0,0,0,0,0,0,0,0,0,0.0,0.0,0,0,0,0,0,0.0,0,0,0,0,0,0.0,0,2,1,0,1.0,0,0,0,0,0,0,0,0,0,0,0,Chris Wormley,NT,DL,"https://static.www.nfl.com/image/upload/f_auto,q_auto/league/qqmbvbpitcgchhjcptve",IND,77.0,300.0,1993-08-25,
00-0033914,0,0,0,0,0,0,0,0,0,0.0,0.0,0,0,0,0,0,0.0,0,0,0,0,0,0.0,0,52,4,0,2.5,1,0,0,0,0,0,0,0,0,0,0,Alex Anzalone,MLB,LB,"https://static.www.nfl.com/image/upload/f_auto,q_auto/league/gbqizpfxe7nsijlw4gwv",DET,75.0,234.0,1994-09-22,
00-0033918,0,0,0,0,0,0,0,0,0,0.0,0.0,0,0,0,0,0,0.0,0,0,0,0,0,0.0,0,12,0,0,0.0,0,0,0,0,0,0,0,0,0,0,0,Fabian Moreau,CB,DB,"https://static.www.nfl.com/image/upload/f_auto,q_auto/league/osj1pbe8mj5f7h47l2op",MIN,72.0,204.0,1994-04-09,
00-0033921,0,0,0,0,0,0,0,0,0,0.0,0.0,0,0,0,0,0,0.0,32,50,352,2,0,13.824209952147758,0,0,0,0,0.0,0,0,0,0,0,0,0,0,0,0,0,Chris Godwin Jr.,WR,WR,"https://static.www.nfl.com/image/upload/f_auto,q_auto/league/ilkheljdx4hbjpisulke",TB,73.0,209.0,1996-02-27,
00-0033923,0,0,0,0,0,0,0,0,0,0.0,0.0,0,158,597,8,2,9.224904596027883,15,21,122,1,0,3.4310656157817894,0,1,0,0,0.0,0,0,0,0,0,0,0,0,0,0,0,Kareem Hunt,RB,RB,"https://static.www.nfl.com/image/upload/f_auto,q_auto/league/hktvzf8hiupoycyg1kmc",KC,71.0,216.0,1995-08-06,
00-0033926,0,0,0,0,0,0,0,0,0,0.0,0.0,0,0,0,0,0,0.0,0,0,0,0,0,0.0,0,7,0,0,0.0,0,0,0,0,0,0,0,0,0,0,0,Shaquill Griffin,CB,DB,"https://static.www.nfl.com/image/upload/f_auto,q_auto/league/jybewrw2vsf17rxds4tv",SEA,72.0,198.0,1995-07-20,
00-0033928,0,0,0,0,0,0,0,0,0,0.0,0.0,0,0,0,0,0,0.0,0,0,0,0,0,0.0,0,20,5,0,0.0,2,0,0,0,0,0,0,0,0,0,0,Jourdan Lewis,CB,DB,"https://static.www.nfl.com/image/upload/f_auto,q_auto/league/tba0nqjehzlrgwtvlvvf",JAX,70.0,190.0,1995-08-31,
00-0033935,0,0,0,0,0,0,0,0,0,0.0,0.0,0,0,0,0,0,0.0,0,0,0,0,0,0.0,0,11,3,1,4.0,0,0,0,0,0,0,0,0,0,0,0,Trey Hendrickson,DE,DL,"https://static.www.nfl.com/image/upload/f_auto,q_auto/league/gfdlbzmukca60bgo3lr7",CIN,76.0,265.0,1994-12-05,
00-0033941,0,0,0,0,0,0,0,0,0,0.0,0.0,0,0,0,0,0,0.0,0,0,0,0,0,0.0,0,17,0,1,0.0,1,0,0,0,0,0,0,0,0,0,0,Rayshawn Jenkins,SAF,DB,"https://static.www.nfl.com/image/upload/f_auto,q_auto/league/e3tppqrhd6bpipfn2k4z",CLE,73.0,220.0,1994-01-25,
00-0033943,0,0,0,0,0,0,0,0,0,0.0,0.0,0,0,0,0,0,0.0,11,21,101,0,0,-2.4222081790647936,0,1,0,0,0.0,0,0,0,0,0,0,0,0,0,0,0,Josh Reynolds,WR,WR,"https://static.www.nfl.com/image/upload/f_auto,q_auto/league/lf1fjsagcsvxmktl0bbn",NYJ,75.0,192.0,1995-02-16,
00-0033945,0,0,0,0,0,0,0,0,0,0.0,0.0,0,0,0,0,0,0.0,0,0,0,0,0,0.0,0,19,5,0,2.0,0,0,0,0,0,0,0,0,0,0,0,Samson Ebukam,DE,DL,"https://static.www.nfl.com/image/upload/f_auto,q_auto/league/hw0ako11hlkm45wl7cfb",IND,75.0,245.0,1995-05-09,
00-0033947,0,0,0,0,0,0,0,0,0,0.0,0.0,0,0,0,0,0,0.0,0,0,0,0,0,0.0,0,2,1,0,0.0,0,0,0,0,0,0,0,0,0,0,0,Deatrich Wise,DE,DL,"https://static.www.nfl.com/image/upload/f_auto,q_auto/league/kmshfa3dfehklgdh1lrk",WAS,77.0,280.0,1994-07-26,
00-0033949,4,6,42,0,0,0,0,0,0,-0.16531750203399387,-1.6134023666381836,0,7,-5,0,0,-1.7740061114891432,0,0,0,0,0,0.0,0,0,0,0,0.0,0,0,0,0,0,0,0,0,0,0,0,Joshua Dobbs,QB,QB,"https://static.www.nfl.com/image/upload/f_auto,q_auto/league/twaqqjexyi0vgyfbvzis",NE,75.0,220.0,1995-01-26,
00-0033952,0,0,0,0,0,0,0,0,0,0.0,0.0,0,0,0,0,0,0.0,0,0,0,0,0,0.0,0,20,5,1,0.5,1,0,0,0,0,0,0,0,0,0,0,Grover Stewart,DT,DL,"https://static.www.nfl.com/image/upload/f_auto,q_auto/league/n9e0hbrrdvjloopiu51z",IND,76.0,315.0,1993-10-20,
00-0033955,0,0,0,0,0,0,0,0,0,0.0,0.0,0,43,218,1,1,1.7015637855366803,24,30,188,0,0,-1.2665133318848567,0,1,0,0,0.0,0,0,0,0,0,0,2,29,0,0,0,Jeremy McNichols,RB,RB,"https://static.www.nfl.com/image/upload/f_auto,q_auto/league/kegqjj5pv7xidm0xwtpy",WAS,69.0,205.0,1995-12-26,
00-0033964,0,0,0,0,0,0,0,0,0,0.0,0.0,0,0,0,0,0,0.0,0,0,0,0,0,0.0,0,15,9,0,11.0,0,0,0,0,0,0,0,0,0,0,0,Al-Quadin Muhammad,DE,DL,"https://static.www.nfl.com/image/upload/f_auto,q_auto/league/lmpiwh2pphphimm6bnxq",DET,76.0,250.0,1995-03-28,
00-0034051,0,0,0,0,0,0,0,0,0,0.0,0.0,0,0,0,0,0,0.0,0,0,0,0,0,0.0,0,2,0,0,0.0,0,0,0,0,0,0,0,0,0,0,0,Christian Kuntz,LS,SPEC,"https://static.www.nfl.com/image/upload/f_auto,q_auto/league/htpzfa51x3erujnkvmre",PIT,73.0,228.0,1994-04-13,
00-0034054,0,0,0,0,0,0,0,0,0,0.0,0.0,0,0,0,0,0,0.0,0,0,0,0,0,0.0,0,0,0,0,0.0,0,0,0,0,1,0,0,0,0,0,0,River Cracraft,WR,WR,"https://static.www.nfl.com/image/upload/f_auto,q_auto/league/y8t968ntco72t8f8ryba",WAS,72.0,198.0,1994-11-01,
00-0034067,0,0,0,0,0,0,0,0,0,0.0,0.0,0,0,0,0,0,0.0,0,0,0,0,0,0.0,0,0,0,0,0.0,0,0,0,0,0,0,0,0,0,0,0,Scott Daly,LS,SPEC,"https://static.www.nfl.com/image/upload/f_auto,q_auto/league/u8klt4zjxkahyhbkwvqp",CHI,73.0,245.0,1994-02-07,
00-0034073,0,0,0,0,0,0,0,0,0,0.0,0.0,0,0,0,0,0,0.0,2,5,7,0,0,-2.5642958066309802,0,1,0,0,0.0,0,0,0,0,0,0,0,0,0,0,0,Ross Dwelley,TE,TE,"https://static.www.nfl.com/image/upload/f_auto,q_auto/league/wf9ynmqonmnaosslkwdl",DET,77.0,235.0,1995-01-26,
00-0034084,0,0,0,0,0,0,0,0,0,0.0,0.0,0,0,0,0,0,0.0,0,0,0,0,0,0.0,0,0,0,0,0.0,0,0,0,0,0,0,0,0,11,12,0,Mike Badgley,K,SPEC,"https://static.www.nfl.com/image/upload/f_auto,q_auto/league/vws2nawkkxxb8s82ny1s",IND,70.0,188.0,1995-07-28,1.0
00-0034091,0,0,0,0,0,0,0,0,0,0.0,0.0,0,0,0,0,0,0.0,0,0,0,0,0,0.0,0,2,0,0,0.0,0,0,0,0,0,0,0,0,0,0,0,George Odum,DB,DB,"https://static.www.nfl.com/image/upload/f_auto,q_auto/league/watelqvhccitomv8ntny",IND,73.0,202.0,1993-11-03,
00-0034112,0,0,0,0,0,0,0,0,0,0.0,0.0,0,0,0,0,0,0.0,0,0,0,0,0,0.0,0,0,0,0,0.0,0,0,0,0,0,0,0,0,0,0,0,Austin Schlottmann,G,OL,"https://static.www.nfl.com/image/upload/f_auto,q_auto/league/oyncfcyyfflsqesj6xei",NYG,78.0,300.0,1995-09-18,
00-0034114,0,0,0,0,0,0,0,0,0,0.0,0.0,0,0,0,0,0,0.0,0,0,0,0,0,0.0,0,0,0,0,0.0,0,0,0,0,0,0,0,0,0,0,0,Coleman Shelton,C,OL,"https://static.www.nfl.com/image/upload/f_auto,q_auto/league/fbmh9dwdvja6yeu3pmj3",LA,77.0,285.0,1995-07-28,
00-0034116,0,0,0,0,0,0,0,0,0,0.0,0.0,0,0,0,0,0,0.0,0,0,0,0,0,0.0,0,0,0,0,0.0,0,0,0,0,0,0,0,0,0,0,0,J.T. Gray,DB,DB,"https://static.www.nfl.com/image/private/f_auto,q_auto/league/ibo4b3ak2ufimxupcezw",TB,72.0,202.0,1996-01-18,
00-0034145,0,0,0,0,0,0,0,0,0,0.0,0.0,0,0,0,0,0,0.0,0,0,0,0,0,0.0,0,14,1,0,0.0,1,0,0,0,0,0,0,0,0,0,0,Chris Lammons,DB,DB,"https://static.www.nfl.com/image/upload/f_auto,q_auto/league/odsa5adl0tyjcer1hnzz",IND,70.0,190.0,1996-01-31,
00-0034158,0,0,0,0,0,0,0,0,0,0.0,0.0,0,0,0,0,0,0.0,0,0,0,0,0,0.0,0,0,0,0,0.0,0,0,0,0,0,0,0,0,0,0,0,Brian O'Neill,OT,OL,"https://static.www.nfl.com/image/upload/f_auto,q_auto/league/ouq6nfernugv9rsvcvwm",MIN,79.0,310.0,1995-09-15,
00-0034159,0,0,0,0,0,0,0,0,0,0.0,0.0,0,0,0,0,0,0.0,10,11,91,0,0,5.491725644814175,0,0,0,0,0.0,0,0,0,0,0,0,0,0,0,0,0,Will Dissly,TE,TE,"https://static.www.nfl.com/image/upload/f_auto,q_auto/league/b2s1wwxsgkenwlxmncu3",LAC,76.0,265.0,1996-07-08,
00-0034160,0,0,0,0,0,0,0,0,0,0.0,0.0,0,0,0,0,0,0.0,0,0,0,0,0,0.0,0,0,0,0,0.0,0,0,0,0,0,0,0,0,0,0,0,Michael Dickson,P,SPEC,"https://static.www.nfl.com/image/upload/f_auto,q_auto/league/chduw8ql98kdzegqiylt",SEA,74.0,208.0,1996-01-04,
00-0034161,0,0,0,0,0,0,0,0,0,0.0,0.0,0,0,0,0,0,0.0,0,0,0,0,0,0.0,0,1,0,0,0.0,0,0,0,0,0,0,0,0,18,23,1,Daniel Carlson,K,SPEC,"https://static.www.nfl.com/image/upload/f_auto,q_auto/league/gsvj7rtvqwbwdeho8whf",LV,77.0,215.0,1995-01-23,0.6666666666666666
00-0034162,0,0,0,0,0,0,0,0,0,0.0,0.0,0,0,0,0,0,0.0,0,0,0,0,0,0.0,0,0,0,0,0.0,0,0,0,0,0,0,0,0,0,0,0,J.K. Scott,P,SPEC,"https://static.www.nfl.com/image/upload/f_auto,q_auto/league/yayikawhfng99cqrosax",LAC,77.0,208.0,1995-10-30,
00-0034163,0,0,0,0,0,0,0,0,0,0.0,0.0,0,0,0,0,0,0.0,0,0,0,0,0,0.0,0,17,3,1,5.5,0,0,0,0,0,0,0,0,0,0,0,Jacob Martin,DE,DL,"https://static.www.nfl.com/image/upload/f_auto,q_auto/league/ngm7muyzhk9xv2ofafke",WAS,74.0,242.0,1995-12-11,
00-0034173,0,0,0,0,0,0,0,0,0,0.0,0.0,0,0,0,0,0,0.0,0,0,0,0,0,0.0,0,0,0,0,0.0,0,0,0,0,0,0,0,0,27,28,0,Eddy Pineiro,K,SPEC,"https://static.www.nfl.com/image/upload/f_auto,q_auto/league/l4rrfcuczjau7q02h2iz",SF,71.0,190.0,1995-09-13,1.0
00-0034198,0,0,0,0,0,0,0,0,0,0.0,0.0,0,0,0,0,0,0.0,0,0,0,0,0,0.0,0,1,0,0,0.0,0,0,0,0,0,0,0,0,0,0,0,Trent Sieg,LS,SPEC,"https://static.www.nfl.com/image/upload/f_auto,q_auto/league/ikhujd70ky9ymcrvpjm5",DAL,76.0,240.0,1995-05-19,
00-0034203,0,0,0,0,0,0,0,0,0,0.0,0.0,0,0,0,0,0,0.0,0,0,0,0,0,0.0,0,17,1,0,0.0,1,0,0,0,0,0,0,0,0,0,0,Darious Williams,CB,DB,"https://static.www.nfl.com/image/upload/f_auto,q_auto/league/nzrgn9doxy57s7si8uyf",LA,69.0,192.0,1993-03-15,
00-0034234,0,0,0,0,0,0,0,0,0,0.0,0.0,0,0,0,0,0,0.0,0,0,0,0,0,0.0,0,17,4,0,2.0,0,0,0,0,0,0,0,0,0,0,0,Poona Ford,DT,DL,"https://static.www.nfl.com/image/upload/f_auto,q_auto/league/z6bvartiturag8gtidcz",LA,71.0,310.0,1995-11-19,
00-0034248,0,0,0,0,0,0,0,0,0,0.0,0.0,0,0,0,0,0,0.0,0,0,0,0,0,0.0,0,4,0,0,0.0,0,0,0,0,0,0,0,0,0,0,0,Elijah Campbell,DB,DB,"https://static.www.nfl.com/image/upload/f_auto,q_auto/league/niou8nbhpkmao45zccm7",MIA,71.0,200.0,1995-08-24,
00-0034251,0,0,0,0,0,0,0,0,0,0.0,0.0,0,0,0,0,0,0.0,0,0,0,0,0,0.0,0,4,0,0,0.0,0,0,0,0,0,0,0,0,0,0,0,Daniel Ekuale,DT,DL,"https://static.www.nfl.com/image/upload/f_auto,q_auto/league/jlab8hsw5int8lkrevrg",PIT,75.0,300.0,1994-01-13,
00-0034261,0,0,0,0,0,0,0,0,0,0.0,0.0,0,0,0,0,0,0.0,0,0,0,0,0,0.0,0,0,0,0,0.0,0,0,0,0,0,0,0,0,0,0,0,Austin Corbett,C,OL,"https://static.www.nfl.com/image/upload/f_auto,q_auto/league/ry8oftk4wq0uiivdxyzw",CAR,76.0,306.0,1995-09-05,
00-0034264,0,0,0,0,0,0,0,0,0,0.0,0.0,0,0,0,0,0,0.0,0,0,0,0,0,0.0,0,5,0,0,0.0,0,0,0,0,0,0,0,0,0,0,0,Jalyn Holmes,DT,DL,"https://static.www.nfl.com/image/upload/f_auto,q_auto/league/vvlecpcfjc7fgkuqbcuj",WAS,77.0,283.0,1996-01-25,
00-0034270,0,0,0,0,0,0,0,0,0,0.0,0.0,0,1,2,0,0,0.5390934753813781,6,9,95,0,1,-3.7900402548468692,0,0,0,0,0.0,0,0,0,0,0,0,0,0,0,0,0,Tyler Conklin,TE,TE,"https://static.www.nfl.com/image/upload/f_auto,q_auto/league/knjuzxnzsfjxwcjxp5en",LAC,75.0,248.0,1995-07-30,
00-0034272,0,0,0,0,0,0,0,0,0,0.0,0.0,0,0,0,0,0,0.0,9,22,86,1,1,-4.807314526886858,0,0,0,0,0.0,0,0,0,0,0,0,0,0,0,0,0,Marquez Valdes-Scantling,WR,WR,"https://static.www.nfl.com/image/upload/f_auto,q_auto/league/vvk5v3hfjw0tevqxrhnf",SF,76.0,206.0,1994-10-10,
00-0034274,0,0,0,0,0,0,0,0,0,0.0,0.0,0,0,0,0,0,0.0,0,0,0,0,0,0.0,0,2,0,0,0.0,0,0,0,0,0,0,0,0,0,0,0,Parry Nickerson,CB,DB,"https://static.www.nfl.com/image/upload/f_auto,q_auto/league/w8wujvtmfphdc3wohtry",PHI,70.0,182.0,1994-10-11,
00-0034275,0,0,0,0,0,0,0,0,0,0.0,0.0,0,0,0,0,0,0.0,0,0,0,0,0,0.0,0,5,1,0,1.5,0,0,0,0,0,0,0,0,0,0,0,Foley Fatukasi,DT,DL,"https://static.www.nfl.com/image/upload/f_auto,q_auto/league/ttcdigwndhyvmhvgof25",HOU,76.0,318.0,1995-03-04,
00-0034277,0,0,0,0,0,0,0,0,0,0.0,0.0,0,0,0,0,0,0.0,0,0,0,0,0,0.0,0,20,1,1,1.0,1,0,0,0,0,0,0,0,0,0,0,DeShon Elliott,SAF,DB,"https://static.www.nfl.com/image/upload/f_auto,q_auto/league/rprbkb3ze0jgpl5u8f2g",PIT,73.0,210.0,1997-04-21,
00-0034278,0,0,0,0,0,0,0,0,0,0.0,0.0,0,0,0,0,0,0.0,0,0,0,0,0,0.0,0,11,1,0,0.0,0,0,0,0,0,0,18,435,0,0,0,Tremon Smith,CB,DB,"https://static.www.nfl.com/image/upload/f_auto,q_auto/league/crjcjcsvkq0o689drl3c",HOU,72.0,190.0,1996-07-20,
00-0034281,0,0,0,0,0,0,0,0,0,0.0,0.0,0,0,0,0,0,0.0,0,0,0,0,0,0.0,0,0,0,0,0.0,0,0,0,0,0,0,0,0,0,0,0,Bradley Bozeman,C,OL,"https://static.www.nfl.com/image/upload/f_auto,q_auto/league/qzomwajldexxneohmb7q",LAC,77.0,325.0,1994-11-24,
00-0034285,0,0,0,0,0,0,0,0,0,0.0,0.0,0,0,0,0,0,0.0,0,0,0,0,0,0.0,0,26,9,0,5.5,0,0,0,0,0,0,0,0,0,0,0,Zach Sieler,DT,DL,"https://static.www.nfl.com/image/upload/f_auto,q_auto/league/a3mvqtjjep76e13cs353",MIA,78.0,300.0,1995-09-07,
00-0034302,0,0,0,0,0,0,0,0,0,0.0,0.0,0,0,0,0,0,0.0,0,0,0,0,0,0.0,0,39,5,2,3.0,0,0,0,0,0,0,0,0,0,0,0,Frankie Luvu,LB,LB,"https://static.www.nfl.com/image/upload/f_auto,q_auto/league/tirwphxxgjmqhf2ucs9h",WAS,75.0,236.0,1996-09-19,
00-0034320,0,0,0,0,0,0,0,0,0,0.0,0.0,0,0,0,0,0,0.0,0,0,0,0,0,0.0,0,8,2,0,1.0,0,0,0,0,0,0,0,0,0,0,0,Kentavius Street,DE,DL,"https://static.www.nfl.com/image/upload/f_auto,q_auto/league/r1ie0jaeux86ri5hejel",ATL,74.0,315.0,1996-05-08,
00-0034333,0,0,0,0,0,0,0,0,0,0.0,0.0,0,0,0,0,0,0.0,0,0,0,0,0,0.0,0,16,6,1,2.0,0,0,0,1,0,0,0,0,0,0,0,Daron Payne,NT,DL,"https://static.www.nfl.com/image/upload/f_auto,q_auto/league/wyy5j7epmu2idqfwjhcr",WAS,75.0,320.0,1997-05-27,
00-0034342,0,0,0,0,0,0,0,0,0,0.0,0.0,0,0,0,0,0,0.0,0,0,0,0,0,0.0,0,0,0,0,0.0,0,0,0,0,0,0,0,0,0,0,0,Quenton Nelson,G,OL,"https://static.www.nfl.com/image/upload/f_auto,q_auto/league/bzj1mpc7ykpkks4nmokp",IND,77.0,330.0,1996-03-19,
00-0034344,0,0,0,0,0,0,0,0,0,0.0,0.0,0,0,0,0,0,0.0,0,0,0,0,0,0.0,0,5,1,0,1.0,0,0,0,0,0,0,0,0,0,0,0,Marcus Davenport,DE,DL,"https://static.www.nfl.com/image/upload/f_auto,q_auto/league/hauze2vwdskhaiqjifk1",DET,78.0,285.0,1996-09-04,
00-0034346,0,0,0,0,0,0,0,0,0,0.0,0.0,0,0,0,0,0,0.0,0,0,0,0,0,0.0,0,0,0,0,0.0,0,0,0,0,0,0,0,0,0,0,0,Will Hernandez,G,OL,"https://static.www.nfl.com/image/upload/f_auto,q_auto/league/ut7l385k6rcyhgsh7q40",ARI,75.0,332.0,1995-09-02,
00-0034348,0,0,0,0,0,1,-5,0,0,-4.031719361392031,0.0,0,0,0,0,0,0.0,73,122,1012,7,0,48.155317814728186,0,2,0,0,0.0,0,0,0,0,0,0,0,0,0,0,0,Courtland Sutton,WR,WR,"https://static.www.nfl.com/image/upload/f_auto,q_auto/league/r2sr6cbma4c7wc3isejj",DEN,76.0,216.0,1995-10-10,
00-0034350,0,0,0,0,0,0,0,0,0,0.0,0.0,0,0,0,0,0,0.0,0,0,0,0,0,0.0,0,14,7,0,6.0,0,0,0,0,0,0,0,0,0,0,0,Uchenna Nwosu,LB,LB,"https://static.www.nfl.com/image/upload/f_auto,q_auto/league/eovri4ccfixdbtikxbyg",SEA,74.0,265.0,1996-12-28,
00-0034351,0,0,0,0,0,0,0,0,0,0.0,0.0,0,0,0,0,0,0.0,60,82,591,11,0,36.12277578752909,0,2,0,0,0.0,0,0,0,0,0,0,0,0,0,0,0,Dallas Goedert,TE,TE,"https://static.www.nfl.com/image/upload/f_auto,q_auto/league/a6ljhwvkehvyiufdx3d1",PHI,77.0,256.0,1995-01-03,
00-0034355,0,0,0,0,0,0,0,0,0,0.0,0.0,0,0,0,0,0,0.0,0,0,0,0,0,0.0,0,15,0,1,0.0,0,0,0,0,0,0,0,0,0,0,0,M.J. Stewart,SAF,DB,"https://static.www.nfl.com/image/upload/f_auto,q_auto/league/ks5w5s7jghanmslipbfs",HOU,71.0,205.0,1995-09-16,
00-0034356,0,0,0,0,0,0,0,0,0,0.0,0.0,0,0,0,0,0,0.0,0,0,0,0,0,0.0,0,16,1,0,0.0,4,0,0,0,0,0,0,0,0,0,0,Donte Jackson,CB,DB,"https://static.www.nfl.com/image/upload/f_auto,q_auto/league/nliq6ydokq7tica1y1gq",LAC,70.0,180.0,1995-11-08,
00-0034357,0,0,0,0,0,0,0,0,0,0.0,0.0,0,0,0,0,0,0.0,0,0,0,0,0,0.0,0,29,0,0,0.0,0,0,0,0,0,0,0,0,0,0,0,Isaiah Oliver,SAF,DB,"https://static.www.nfl.com/image/upload/f_auto,q_auto/league/s5m8lnvv8xcidpvkyyd4",NYJ,72.0,202.0,1996-09-30,
00-0034359,0,0,0,0,0,0,0,0,0,0.0,0.0,0,0,0,0,0,0.0,0,0,0,0,0,0.0,0,4,4,0,3.0,0,0,0,0,0,0,0,0,0,0,0,Tyquan Lewis,DE,DL,"https://static.www.nfl.com/image/upload/f_auto,q_auto/league/d47ganmptjxxpyhctc8x",IND,75.0,267.0,1995-01-30,
00-0034361,0,0,0,0,0,0,0,0,0,0.0,0.0,0,0,0,0,0,0.0,0,0,0,0,0,0.0,0,37,2,0,0.5,1,1,0,0,0,0,0,0,0,0,0,Justin Reid,S,DB,"https://static.www.nfl.com/image/upload/f_auto,q_auto/league/ysi7vrkwfhei6adamgb3",NO,73.0,207.0,1997-02-15,
00-0034365,0,0,0,0,0,0,0,0,0,0.0,0.0,0,0,0,0,0,0.0,13,13,114,0,0,5.073345937766135,0,0,0,0,0.0,0,0,0,0,0,0,0,0,0,0,0,Ian Thomas,TE,TE,"https://static.www.nfl.com/image/upload/f_auto,q_auto/league/gvpwnq0mjefjlekgzxro",LV,75.0,253.0,1996-06-06,
00-0034367,0,0,0,0,0,0,0,0,0,0.0,0.0,0,2,-2,0,0,-1.5138825021567754,0,0,0,0,0,0.0,0,0,0,0,0.0,0,0,0,0,0,0,7,195,0,0,0,Nyheim Hines,RB,RB,"https://static.www.nfl.com/image/upload/f_auto,q_auto/league/ud1q6gh3tlkiy2w90gvm",LAC,69.0,196.0,1996-11-12,
00-0034371,0,0,0,0,0,0,0,0,0,0.0,0.0,0,0,0,0,0,0.0,0,0,0,0,0,0.0,0,13,5,0,1.5,1,0,1,0,0,0,0,0,0,0,0,Da'Shawn Hand,DE,DL,"https://static.www.nfl.com/image/upload/f_auto,q_auto/league/n3ujcvyv6nl5oletxa6g",LAC,75.0,302.0,1995-11-14,
00-0034373,0,0,0,0,0,0,0,0,0,0.0,0.0,0,0,0,0,0,0.0,0,0,0,0,0,0.0,0,15,7,0,5.5,0,0,0,0,0,0,0,0,0,0,0,Dorance Armstrong,DE,DL,"https://static.www.nfl.com/image/upload/f_auto,q_auto/league/cdapnpgtde1mdf7r8l5e",WAS,76.0,255.0,1997-06-10,
00-0034375,0,0,0,0,0,0,0,0,0,0.0,0.0,0,0,0,0,0,0.0,0,0,0,0,0,0.0,0,2,0,0,0.0,0,0,0,0,0,0,0,0,0,0,0,Kyzir White,OLB,LB,"https://static.www.nfl.com/image/upload/f_auto,q_auto/league/n5sjtcxydtaszz7yeyqw",TEN,74.0,234.0,1996-03-24,
00-0034376,0,0,0,0,0,0,0,0,0,0.0,0.0,0,0,0,0,0,0.0,0,0,0,0,0,0.0,0,34,1,0,0.0,0,0,0,0,0,0,0,0,0,0,0,Taron Johnson,CB,DB,"https://static.www.nfl.com/image/upload/f_auto,q_auto/league/xdvo4thpmwbehsfwpedb",BUF,71.0,192.0,1996-07-27,
00-0034377,0,0,0,0,0,0,0,0,0,0.0,0.0,0,0,0,0,0,0.0,0,0,0,0,0,0.0,0,20,1,1,0.0,0,0,0,0,0,0,0,0,0,0,0,Avonte Maddox,CB,DB,"https://static.www.nfl.com/image/upload/f_auto,q_auto/league/j2guzeu1ggx5opajjl3h",DET,69.0,191.0,1996-03-31,
00-0034381,0,0,0,0,0,0,0,0,0,0.0,0.0,0,0,0,0,0,0.0,0,0,0,0,0,0.0,0,18,12,4,11.0,0,0,0,0,0,0,0,0,0,0,0,Josh Sweat,OLB,LB,"https://static.www.nfl.com/image/upload/f_auto,q_auto/league/zryjvbggvdlringt4vcn",ARI,77.0,265.0,1997-03-29,
00-0034383,0,0,0,0,0,0,0,0,0,0.0,0.0,0,0,0,0,0,0.0,78,102,704,3,1,30.788860340984375,0,1,0,0,0.0,0,0,0,0,0,0,0,0,0,0,0,Dalton Schultz,TE,TE,"https://static.www.nfl.com/image/upload/f_auto,q_auto/league/xbl9mhuamzv5udb4hyzj",HOU,77.0,242.0,1996-07-11,
00-0034384,0,0,0,0,0,0,0,0,0,0.0,0.0,0,0,0,0,0,0.0,0,0,0,0,0,0.0,0,35,0,1,0.0,2,0,0,0,0,0,0,0,0,0,0,D.J. Reed,CB,DB,"https://static.www.nfl.com/image/upload/f_auto,q_auto/league/haxt1fpxhgnobin0d5sx",DET,69.0,190.0,1996-11-11,
00-0034386,0,0,0,0,0,0,0,0,0,0.0,0.0,0,0,0,0,0,0.0,3,4,30,0,0,1.3515022930677918,0,0,0,0,0.0,0,0,0,0,0,0,0,0,0,0,0,Justin Watson,WR,WR,"https://static.www.nfl.com/image/upload/f_auto,q_auto/league/unqrnkfpqg7juhlbyp4v",HOU,74.0,215.0,1996-04-04,
00-0034387,0,0,0,0,0,0,0,0,0,0.0,0.0,0,0,0,0,0,0.0,0,0,0,0,0,0.0,0,0,0,0,0.0,0,0,0,0,0,0,0,0,0,0,0,Bilal Nichols,DT,DL,"https://static.www.nfl.com/image/upload/f_auto,q_auto/league/ukjuxv7bxvbfnciod79v",ARI,75.0,313.0,1996-09-14,
00-0034391,0,0,0,0,0,0,0,0,0,0.0,0.0,0,0,0,0,0,0.0,0,0,0,0,0,0.0,0,4,0,0,0.0,0,0,0,0,0,0,0,0,0,0,0,Siran Neal,CB,DB,"https://static.www.nfl.com/image/upload/f_auto,q_auto/league/kq7kbeol3boyczqkm9jx",SF,72.0,206.0,1994-08-04,
00-0034397,0,0,0,0,0,0,0,0,0,0.0,0.0,0,0,0,0,0,0.0,0,0,0,0,0,0.0,0,6,3,0,1.0,0,0,0,0,0,0,0,0,0,0,0,Tim Settle,DT,DL,"https://static.www.nfl.com/image/upload/f_auto,q_auto/league/jhb7b9b6r8yybbltih4v",HOU,75.0,313.0,1997-07-11,
00-0034399,0,0,0,0,0,0,0,0,0,0.0,0.0,0,0,0,0,0,0.0,0,0,0,0,0,0.0,0,0,0,0,0.0,0,0,0,0,0,0,0,0,0,0,0,Wyatt Teller,G,OL,"https://static.www.nfl.com/image/upload/f_auto,q_auto/league/cssfbsfmyuubkg0js8ni",CLE,76.0,315.0,1994-11-21,
00-0034407,0,0,0,0,0,0,0,0,0,0.0,0.0,0,0,0,0,0,0.0,7,15,69,0,0,-9.451976196961434,0,1,0,0,0.0,0,0,0,0,2,0,4,91,0,0,0,Ray-Ray McCloud,WR,WR,"https://static.www.nfl.com/image/upload/f_auto,q_auto/league/nvwn3sdihyyd2itjt7vy",ATL,69.0,185.0,1996-10-15,
00-0034413,0,0,0,0,0,0,0,0,0,0.0,0.0,0,0,0,0,0,0.0,0,0,0,0,0,0.0,0,65,5,2,1.0,1,0,0,0,0,0,0,0,0,0,0,Foye Oluokun,LB,LB,"https://static.www.nfl.com/image/private/f_auto,q_auto/league/ldsewkhf1k2uxwcud0bj",JAX,74.0,229.0,1995-08-02,
00-0034418,0,0,0,0,0,0,0,0,0,0.0,0.0,0,0,0,0,0,0.0,5,7,44,0,0,2.5830736632924527,0,0,0,0,0.0,0,0,0,0,0,0,0,0,0,0,0,Cedrick Wilson Jr.,WR,WR,"https://static.www.nfl.com/image/upload/f_auto,q_auto/league/cf6fmi91zijiovftx9qk",MIA,74.0,197.0,1995-11-20,
00-0034419,0,0,0,0,0,0,0,0,0,0.0,0.0,0,0,0,0,0,0.0,6,8,37,0,0,2.3596400750102475,0,0,0,0,0.0,0,0,0,0,3,25,3,81,0,0,0,Braxton Berrios,WR,WR,"https://static.www.nfl.com/image/upload/f_auto,q_auto/league/striwxmn9t0ixherw7l8",HOU,69.0,185.0,1995-10-06,
00-0034429,0,0,0,0,0,0,0,0,0,0.0,0.0,0,0,0,0,0,0.0,0,0,0,0,0,0.0,0,0,0,0,0.0,0,0,0,0,0,0,0,0,0,0,0,Jordan Mailata,OT,OL,"https://static.www.nfl.com/image/upload/f_auto,q_auto/league/vpfwqsmjzkby3auc0m5q",PHI,80.0,365.0,1997-03-31,
00-0034431,0,0,0,0,0,0,0,0,0,0.0,0.0,0,0,0,0,0,0.0,0,0,0,0,0,0.0,0,54,5,1,2.0,0,0,0,0,0,0,0,0,0,0,0,Zaire Franklin,OLB,LB,"https://static.www.nfl.com/image/upload/f_auto,q_auto/league/sjssdwwimkrgh3jzuo89",IND,72.0,235.0,1996-07-02,
00-0034437,0,0,0,0,0,0,0,0,0,0.0,0.0,0,0,0,0,0,0.0,0,0,0,0,0,0.0,0,1,0,0,0.0,0,0,0,0,0,0,0,0,0,0,0,Logan Cooke,P,SPEC,"https://static.www.nfl.com/image/upload/f_auto,q_auto/league/tm0qrnirdvbhshxsfhg2",JAX,77.0,230.0,1995-07-28,
00-0034446,0,0,0,0,0,0,0,0,0,0.0,0.0,0,0,0,0,0,0.0,0,0,0,0,0,0.0,0,6,2,1,1.0,1,0,0,0,0,0,0,0,0,0,0,Jalen Davis,CB,DB,"https://static.www.nfl.com/image/upload/f_auto,q_auto/league/lrtxaeqg5he2bao1hbok",CIN,70.0,186.0,1996-02-02,
00-0034465,0,0,0,0,0,0,0,0,0,0.0,0.0,0,0,0,0,0,0.0,0,0,0,0,0,0.0,0,47,5,0,1.0,0,0,0,0,0,0,0,0,0,0,0,Jeremy Reaves,SAF,DB,"https://static.www.nfl.com/image/upload/f_auto,q_auto/league/kwmtxcogvel516q4ws86",WAS,71.0,200.0,1996-08-29,
00-0034473,0,0,0,0,0,0,0,0,0,0.0,0.0,0,0,0,0,0,0.0,0,0,0,0,0,0.0,0,26,6,1,2.5,0,0,0,0,0,0,0,0,0,0,0,Dennis Gardeck,LB,LB,"https://static.www.nfl.com/image/upload/f_auto,q_auto/league/n7dgy1vckfce4ynxeoil",JAX,72.0,232.0,1994-08-09,
00-0034485,0,0,0,0,0,0,0,0,0,0.0,0.0,0,0,0,0,0,0.0,0,0,0,0,0,0.0,0,9,0,0,0.0,0,0,0,0,0,0,0,0,0,0,0,Jonathan Owens,DB,DB,"https://static.www.nfl.com/image/upload/f_auto,q_auto/league/nefkbybdw0icaynztmxk",CHI,71.0,204.0,1995-07-22,
00-0034487,0,0,0,0,0,0,0,0,0,0.0,0.0,0,0,0,0,0,0.0,3,5,21,0,0,-0.8546745961648411,0,3,0,0,0.0,0,0,0,0,0,0,0,0,0,0,0,Trent Sherfield,WR,WR,"https://static.www.nfl.com/image/upload/f_auto,q_auto/league/euvbflse91irfzlk7yiq",DEN,73.0,206.0,1996-02-26,
00-0034488,0,0,0,0,0,0,0,0,0,0.0,0.0,0,0,0,0,0,0.0,0,0,0,0,0,0.0,0,9,0,1,0.0,0,0,0,0,0,0,0,0,0,0,0,Tavierre Thomas,SAF,DB,"https://static.www.nfl.com/image/upload/f_auto,q_auto/league/bbljj6ltlnswmkqjhzfw",MIN,70.0,212.0,1996-03-11,
00-0034495,0,0,0,0,0,0,0,0,0,0.0,0.0,0,0,0,0,0,0.0,0,0,0,0,0,0.0,0,1,0,0,0.0,0,0,0,0,0,0,0,0,0,0,0,Evan Brown,G,OL,"https://static.www.nfl.com/image/upload/f_auto,q_auto/league/tlw4pewhhoepd5998bg4",ARI,75.0,320.0,1996-09-16,
00-0034521,0,0,0,0,0,0,0,0,0,0.0,0.0,0,0,0,0,0,0.0,10,18,70,1,0,-9.657388184568845,0,0,0,0,0.0,0,0,0,0,0,0,0,0,0,0,0,Allen Lazard,WR,WR,"https://static.www.nfl.com/image/upload/f_auto,q_auto/league/b05f33npu1zjtpozfgdk",NYJ,77.0,227.0,1995-12-11,
00-0034571,0,0,0,0,0,0,0,0,0,0.0,0.0,0,0,0,0,0,0.0,0,0,0,0,0,0.0,0,0,0,0,0.0,0,0,0,0,0,0,0,0,0,0,0,Trent Scott,OT,OL,"https://static.www.nfl.com/image/upload/f_auto,q_auto/league/v5tyxvb4cdtzumhdzbd0",WAS,77.0,320.0,1994-01-25,
00-0034573,0,0,0,0,0,0,0,0,0,0.0,0.0,0,0,0,0,0,0.0,0,0,0,0,0,0.0,0,17,0,0,0.0,0,0,0,0,0,0,0,0,0,0,0,Charvarius Ward,CB,DB,"https://static.www.nfl.com/image/upload/f_auto,q_auto/league/vbxv5ynhjrayfzbe2lda",IND,73.0,196.0,1996-05-16,
00-0034577,0,2,0,0,0,0,0,0,0,-1.3552653677443862,-63.74935805797577,0,3,-3,0,0,0.0,0,0,0,0,0,0.0,0,0,0,0,0.0,0,0,0,0,0,0,0,0,0,0,0,Kyle Allen,QB,QB,"https://static.www.nfl.com/image/upload/f_auto,q_auto/league/vq3aw57yyjtydur0divt",DET,75.0,210.0,1996-03-08,
00-0034613,0,0,0,0,0,0,0,0,0,0.0,0.0,0,0,0,0,0,0.0,19,24,168,2,0,0.5661477006975133,0,0,0,0,0.0,0,0,0,0,0,0,0,0,0,0,0,Tanner Hudson,TE,TE,"https://static.www.nfl.com/image/upload/f_auto,q_auto/league/xe86peg3bxumjzfmtait",CIN,77.0,241.0,1994-11-12,
00-0034639,0,0,0,0,0,0,0,0,0,0.0,0.0,0,0,0,0,0,0.0,0,0,0,0,0,0.0,0,10,0,0,0.0,0,0,0,0,1,0,0,0,0,0,0,Mike Ford,CB,DB,"https://static.www.nfl.com/image/upload/f_auto,q_auto/league/njli78vr2hcan6rfogsb",ATL,72.0,199.0,1995-08-04,
00-0034657,0,0,0,0,0,0,0,0,0,0.0,0.0,0,0,0,0,0,0.0,0,0,0,0,0,0.0,0,1,1,0,0.0,0,0,0,0,0,0,0,0,0,0,0,Matt Dickerson,DE,DL,"https://static.www.nfl.com/image/upload/f_auto,q_auto/league/swevjtjnkyxxkei5jtsm",JAX,77.0,300.0,1995-11-09,
00-0034668,0,0,0,0,0,0,0,0,0,0.0,0.0,0,0,0,0,0,0.0,0,0,0,0,0,0.0,0,1,0,0,0.0,0,0,0,0,0,0,0,0,0,0,0,Aaron Stinnie,G,OL,"https://static.www.nfl.com/image/upload/f_auto,q_auto/league/fi5wxfsa59aw80nwetoi",NYG,75.0,312.0,1994-02-18,
00-0034673,0,0,0,0,0,0,0,0,0,0.0,0.0,0,0,0,0,0,0.0,0,0,0,0,0,0.0,0,50,3,0,1.0,4,0,0,0,0,0,0,0,0,0,0,Tremaine Edmunds,MLB,LB,"https://static.www.nfl.com/image/upload/f_auto,q_auto/league/unz9o9leinnet5o4qlsr",CHI,76.0,251.0,1998-05-02,
00-0034675,0,0,0,0,0,0,0,0,0,0.0,0.0,0,0,0,0,0,0.0,0,0,0,0,0,0.0,0,54,1,1,0.0,3,1,0,0,0,0,0,0,0,0,0,Jessie Bates,FS,DB,"https://static.www.nfl.com/image/upload/f_auto,q_auto/league/ypv1sfm8zjghyzvmx0a1",ATL,73.0,210.0,1997-02-26,
00-0034678,0,0,0,0,0,0,0,0,0,0.0,0.0,0,0,0,0,0,0.0,0,1,0,0,0,-0.3397870389162563,0,0,0,0,0.0,0,0,0,0,0,0,0,0,0,0,0,Alex Cappa,G,OL,"https://static.www.nfl.com/image/upload/f_auto,q_auto/league/flztjm6mqgjywtmaaioy",LV,77.0,312.0,1995-01-27,
00-0034681,0,0,0,0,0,0,0,0,0,0.0,0.0,0,0,0,0,0,0.0,0,0,0,0,0,0.0,0,0,0,0,0.0,0,0,0,0,0,0,11,242,0,0,0,Chase Edmonds,RB,RB,"https://static.www.nfl.com/image/upload/f_auto,q_auto/league/nbnqxhjafvg2vg6lc2ls",WAS,69.0,201.0,1996-04-13,
00-0034720,0,0,0,0,0,0,0,0,0,0.0,0.0,0,0,0,0,0,0.0,0,0,0,0,0,0.0,0,47,4,1,1.0,2,0,0,0,0,0,0,0,0,0,0,Robert Spillane,LB,LB,"https://static.www.nfl.com/image/upload/f_auto,q_auto/league/jt2r3dnb8dmywp1azotj",NE,73.0,229.0,1995-12-14,
00-0034721,0,1,0,0,0,0,0,0,0,-1.804541337362025,0.0,0,0,0,0,0,0.0,0,0,0,0,0,0.0,0,0,0,0,0.0,0,0,0,0,0,0,0,0,0,0,0,Corey Bojorquez,P,SPEC,"https://static.www.nfl.com/image/private/f_auto,q_auto/league/eiuli9dmspe6d4cwwa00",CLE,72.0,217.0,1996-09-13,
00-0034728,0,0,0,0,0,0,0,0,0,0.0,0.0,0,0,0,0,0,0.0,0,0,0,0,0,0.0,0,4,0,0,0.0,0,0,0,0,0,0,0,0,0,0,0,Jaire Alexander,CB,DB,"https://static.www.nfl.com/image/upload/f_auto,q_auto/league/niwxzo2rjy1uuo3aehac",BAL,70.0,196.0,1997-02-09,
00-0034746,0,0,0,0,0,0,0,0,0,0.0,0.0,0,0,0,0,0,0.0,0,0,0,0,0,0.0,0,0,0,0,0.0,0,0,0,0,0,0,0,0,0,0,0,Maurice Hurst,DT,DL,"https://static.www.nfl.com/image/upload/f_auto,q_auto/league/j4y7trnt3kiptgfklo8o",CLE,74.0,291.0,1995-05-09,
00-0034752,0,0,0,0,0,0,0,0,0,0.0,0.0,0,0,0,0,0,0.0,0,0,0,0,0,0.0,0,0,0,0,0.0,0,0,0,0,0,0,0,0,0,0,0,Orlando Brown,OT,OL,"https://static.www.nfl.com/image/private/f_auto,q_auto/league/icuytojhzdm0dqxoebo4",CIN,80.0,350.0,1996-05-02,
00-0034753,0,0,0,0,0,0,0,0,0,0.0,0.0,0,10,48,1,0,6.520739546627738,46,67,408,5,1,2.5557679676715885,0,2,0,0,0.0,0,0,0,0,0,0,0,0,0,0,0,Mark Andrews,TE,TE,"https://static.www.nfl.com/image/upload/f_auto,q_auto/league/wzx3p0hzm3qyqsrfqznb",BAL,77.0,250.0,1995-09-06,
00-0034754,0,0,0,0,0,0,0,0,0,0.0,0.0,0,0,0,0,0,0.0,0,0,0,0,0,0.0,0,16,1,1,0.0,0,0,0,0,0,0,0,0,0,0,0,Oren Burks,ILB,LB,"https://static.www.nfl.com/image/upload/f_auto,q_auto/league/efcamqfjel7jozjdvbe9",CIN,75.0,233.0,1995-03-21,
00-0034760,0,0,0,0,0,0,0,0,0,0.0,0.0,0,0,0,0,0,0.0,0,0,0,0,0,0.0,0,22,4,1,3.0,0,0,0,0,0,0,0,0,0,0,0,Nathan Shepherd,DT,DL,"https://static.www.nfl.com/image/upload/f_auto,q_auto/league/sl9b2jgyvmo5yn0vglok",NO,76.0,315.0,1993-10-09,
00-0034771,38,52,310,2,2,2,-12,1,1,2.503363687047772,-23.7906495546965,0,7,6,0,0,1.3411726071499288,0,0,0,0,0,0.0,0,0,0,0,0.0,0,0,0,0,0,0,0,0,0,0,0,Mason Rudolph,QB,QB,"https://static.www.nfl.com/image/upload/f_auto,q_auto/league/vaeklpqoesk72mlloora",PIT,77.0,235.0,1995-07-17,
00-0034773,0,0,0,0,0,0,0,0,0,0.0,0.0,0,0,0,0,0,0.0,0,0,0,0,0,0.0,0,12,6,0,4.5,0,0,0,0,0,0,0,0,0,0,0,Vita Vea,DT,DL,"https://static.www.nfl.com/image/upload/f_auto,q_auto/league/enh7ieutevvqmvrn13ob",TB,76.0,347.0,1995-02-05,
00-0034775,0,0,0,0,0,0,0,0,0,0.0,0.0,0,0,0,0,0,0.0,27,50,242,1,0,-19.416232113801513,0,2,0,0,0.0,0,0,0,0,0,0,0,0,0,0,0,Christian Kirk,WR,WR,"https://static.www.nfl.com/image/upload/f_auto,q_auto/league/bugikrmfz5k4jvyaogza",HOU,71.0,200.0,1996-11-18,
00-0034778,0,0,0,0,0,0,0,0,0,0.0,0.0,0,0,0,0,0,0.0,0,0,0,0,0,0.0,0,35,3,0,0.0,0,0,0,0,0,0,0,0,0,0,0,Carlton Davis III,CB,DB,"https://static.www.nfl.com/image/upload/f_auto,q_auto/league/pzbrbbwgymysharir2ms",NE,73.0,206.0,1996-12-31,
00-0034779,0,0,0,0,0,0,0,0,0,0.0,0.0,0,0,0,0,0,0.0,0,0,0,0,0,0.0,0,20,2,0,2.0,0,0,0,0,0,0,0,0,0,0,0,Ronnie Harrison,LB,LB,"https://static.www.nfl.com/image/upload/f_auto,q_auto/league/mdkbai0lmyu6pbe13ovb",ATL,75.0,207.0,1997-04-18,
00-0034780,0,0,0,0,0,0,0,0,0,0.0,0.0,0,0,0,0,0,0.0,0,0,0,0,0,0.0,0,17,1,0,0.0,0,0,0,0,0,0,0,0,0,0,0,Isaac Yiadom,CB,DB,"https://static.www.nfl.com/image/upload/f_auto,q_auto/league/yshnc3lfpcams5ropegx",NO,73.0,188.0,1996-02-20,
00-0034782,0,0,0,0,0,0,0,0,0,0.0,0.0,0,0,0,0,0,0.0,0,0,0,0,0,0.0,0,20,4,1,0.5,0,0,0,0,0,0,0,0,0,0,0,Harrison Phillips,DT,DL,"https://static.www.nfl.com/image/upload/f_auto,q_auto/league/znophhdzukalwuwsx6vx",NYJ,75.0,307.0,1996-01-25,
00-0034787,0,0,0,0,0,0,0,0,0,0.0,0.0,0,0,0,0,0,0.0,0,0,0,0,0,0.0,0,2,0,0,0.0,0,0,0,0,0,0,0,0,0,0,0,Chris Board,LB,LB,"https://static.www.nfl.com/image/upload/f_auto,q_auto/league/xrhz4xljlfr6cpmfbgjw",NYG,74.0,229.0,1995-07-23,
00-0034789,0,0,0,0,0,0,0,0,0,0.0,0.0,0,0,0,0,0,0.0,0,0,0,0,0,0.0,0,57,4,1,1.0,1,0,0,0,0,0,0,0,0,0,0,Minkah Fitzpatrick,FS,DB,"https://static.www.nfl.com/image/upload/f_auto,q_auto/league/umy9w1ayh5lnhjc10mmq",MIA,73.0,207.0,1996-11-17,
00-0034790,0,0,0,0,0,0,0,0,0,0.0,0.0,0,0,0,0,0,0.0,0,0,0,0,0,0.0,0,49,6,1,2.0,3,0,0,0,0,0,0,0,0,0,0,Derwin James,FS,DB,"https://static.www.nfl.com/image/upload/f_auto,q_auto/league/z9au0ajgcwoeozfdu0ec",LAC,74.0,215.0,1996-08-03,
00-0034791,0,0,0,0,0,0,0,0,0,0.0,0.0,0,122,506,3,0,-13.610680025783257,13,20,67,0,0,-2.4318653126247227,0,1,0,0,0.0,0,0,0,0,0,0,0,0,0,0,0,Nick Chubb,RB,RB,"https://static.www.nfl.com/image/upload/f_auto,q_auto/league/h5y74trx6l8ivpkbmrkt",HOU,71.0,227.0,1995-12-27,
00-0034792,0,0,0,0,0,0,0,0,0,0.0,0.0,0,0,0,0,0,0.0,0,0,0,0,0,0.0,0,1,0,0,0.0,0,0,0,0,0,0,0,0,0,0,0,Cornell Armstrong,DB,DB,"https://static.www.nfl.com/image/upload/f_auto,q_auto/league/aslfjfnirvlt7u6z8hkn",MIA,72.0,185.0,1995-09-22,
00-0034796,181,284,2311,18,6,33,-223,5,3,9.4573340038409,35.20014352319107,1,63,340,2,0,20.512550022338655,0,0,0,0,0,0.0,0,2,0,0,0.0,0,0,0,0,0,0,0,0,0,0,0,Lamar Jackson,QB,QB,"https://static.www.nfl.com/image/upload/f_auto,q_auto/league/cruqs6qpbykh7a2whd7p",BAL,74.0,205.0,1997-01-07,
00-0034797,0,0,0,0,0,0,0,0,0,0.0,0.0,0,0,0,0,0,0.0,0,0,0,0,0,0.0,0,9,3,1,1.5,0,0,0,0,0,0,0,0,0,0,0,Jerome Baker,OLB,LB,"https://static.www.nfl.com/image/upload/f_auto,q_auto/league/wdo4k5bdufnhhu8izyj4",CLE,74.0,232.0,1996-12-25,
00-0034798,0,0,0,0,0,0,0,0,0,0.0,0.0,0,0,0,0,0,0.0,4,6,25,0,0,-0.2538035491015762,0,0,0,0,0.0,0,0,0,0,0,0,0,0,0,0,0,Durham Smythe,TE,TE,"https://static.www.nfl.com/image/upload/f_auto,q_auto/league/qmpveaqrfntryixpjqq2",CHI,76.0,248.0,1995-08-09,
00-0034800,0,0,0,0,0,0,0,0,0,0.0,0.0,0,0,0,0,0,0.0,0,0,0,0,0,0.0,0,25,4,0,3.0,0,0,0,0,0,0,0,0,0,0,0,B.J. Hill,DE,DL,"https://static.www.nfl.com/image/upload/f_auto,q_auto/league/t5d3t2wt1goqgv5njdqa",CIN,75.0,311.0,1995-04-20,
00-0034801,0,0,0,0,0,0,0,0,0,0.0,0.0,0,0,0,0,0,0.0,0,0,0,0,0,0.0,0,7,0,0,0.0,0,0,0,0,0,0,0,0,0,0,0,Josh Woods,LB,LB,"https://static.www.nfl.com/image/upload/f_auto,q_auto/league/p6wltly2bismav4hvfvb",ATL,73.0,235.0,1996-07-01,
00-0034803,0,0,0,0,0,0,0,0,0,0.0,0.0,0,0,0,0,0,0.0,0,0,0,0,0,0.0,0,1,0,0,0.0,0,0,0,0,0,0,0,0,0,0,0,Joe Noteboom,OT,OL,"https://static.www.nfl.com/image/upload/f_auto,q_auto/league/dn3tttcun4lwo7dbwsbq",BAL,77.0,321.0,1995-06-19,
00-0034805,0,0,0,0,0,0,0,0,0,0.0,0.0,0,0,0,0,0,0.0,0,0,0,0,0,0.0,0,12,6,0,7.5,0,0,0,0,0,0,0,0,0,0,0,John Franklin-Myers,DE,DL,"https://static.www.nfl.com/image/upload/f_auto,q_auto/league/uddpcfoopacmfjcovnvi",DEN,76.0,288.0,1996-09-26,
00-0034810,0,0,0,0,0,0,0,0,0,0.0,0.0,0,0,0,0,0,0.0,0,0,0,0,0,0.0,0,18,6,0,2.0,0,0,0,0,0,0,0,0,0,0,0,Sebastian Joseph-Day,DE,DL,"https://static.www.nfl.com/image/upload/f_auto,q_auto/league/clutt16odnru2dvidv9w",TEN,76.0,310.0,1995-03-21,
00-0034815,0,0,0,0,0,0,0,0,0,0.0,0.0,0,0,0,0,0,0.0,0,0,0,0,0,0.0,0,27,2,2,0.0,0,0,0,0,0,0,0,0,0,0,0,Fred Warner,MLB,LB,"https://static.www.nfl.com/image/upload/f_auto,q_auto/league/u3en19iyyfc64d3vprh6",SF,75.0,230.0,1996-11-19,
00-0034818,0,0,0,0,0,0,0,0,0,0.0,0.0,0,0,0,0,0,0.0,0,0,0,0,0,0.0,0,6,0,0,0.0,0,0,0,0,0,0,0,0,0,0,0,Derrick Nnadi,NT,DL,"https://static.www.nfl.com/image/upload/f_auto,q_auto/league/dbzhxihrdflpqcgcn7z4",KC,73.0,317.0,1996-05-09,
00-0034825,0,0,0,0,0,0,0,0,0,0.0,0.0,0,0,0,0,0,0.0,0,0,0,0,0,0.0,0,9,6,0,4.0,0,0,0,0,0,0,0,0,0,0,0,Arden Key,LB,LB,"https://static.www.nfl.com/image/upload/f_auto,q_auto/league/wgnbernjlxpmk5rhgkhn",TEN,77.0,240.0,1996-05-03,
00-0034827,1,1,2,1,0,0,0,0,0,3.8681936897919513,46.21419906616211,0,15,79,1,0,4.172832281328738,49,82,671,6,0,17.65787637086555,0,1,0,0,0.0,0,0,0,0,0,0,0,0,0,0,0,DJ Moore,WR,WR,"https://static.www.nfl.com/image/upload/f_auto,q_auto/league/qphturmeiifnqrnf5pax",CHI,72.0,213.0,1997-04-14,
00-0034828,0,0,0,0,0,0,0,0,0,0.0,0.0,0,0,0,0,0,0.0,0,0,0,0,0,0.0,0,26,10,1,8.5,0,0,0,0,0,0,0,0,0,0,0,Harold Landry III,LB,LB,"https://static.www.nfl.com/image/upload/f_auto,q_auto/league/u4vo0zlxvsph3annhc4f",NE,74.0,252.0,1996-06-05,
00-0034829,0,0,0,0,0,0,0,0,0,0.0,0.0,0,0,0,0,0,0.0,26,40,294,2,0,2.166385331802303,0,1,0,0,0.0,0,0,0,0,0,0,0,0,0,0,0,Mike Gesicki,TE,TE,"https://static.www.nfl.com/image/upload/f_auto,q_auto/league/mfswo0trev4oi2gnb41e",CIN,78.0,245.0,1995-10-03,
00-0034832,0,0,0,0,0,0,0,0,0,0.0,0.0,0,0,0,0,0,0.0,0,0,0,0,0,0.0,0,23,8,2,8.5,0,0,0,0,0,0,0,0,0,0,0,Bradley Chubb,OLB,LB,"https://static.www.nfl.com/image/upload/f_auto,q_auto/league/u0hpsvirbf0ksqqrr4of",MIA,76.0,268.0,1996-06-24,
00-0034836,0,0,0,0,0,0,0,0,0,0.0,0.0,0,0,0,0,0,0.0,0,0,0,0,0,0.0,0,0,0,0,0.0,0,0,0,0,0,0,0,0,0,0,0,Braden Smith,OT,OL,"https://static.www.nfl.com/image/upload/f_auto,q_auto/league/xajcpouicrecoyupypyw",IND,78.0,312.0,1996-03-25,
00-0034837,0,0,0,0,0,0,0,0,0,0.0,0.0,0,0,0,0,0,0.0,17,36,303,0,0,12.221225031865272,0,0,0,0,0.0,0,0,0,0,0,0,0,0,0,0,0,Calvin Ridley,WR,WR,"https://static.www.nfl.com/image/upload/f_auto,q_auto/league/l96rlegwqz7qfakbdtlp",TEN,73.0,190.0,1994-12-20,
00-0034842,0,0,0,0,0,0,0,0,0,0.0,0.0,0,0,0,0,0,0.0,0,0,0,0,0,0.0,0,0,0,0,0.5,0,0,0,0,0,0,0,0,0,0,0,Taven Bryan,DT,DL,"https://static.www.nfl.com/image/upload/f_auto,q_auto/league/omwj6uyx0ermi51ptvh6",BAL,76.0,291.0,1996-03-11,
00-0034843,0,0,0,0,0,0,0,0,0,0.0,0.0,0,0,0,0,0,0.0,0,0,0,0,0,0.0,0,38,2,0,0.0,1,0,0,0,0,0,0,0,0,0,0,Mike Hughes,CB,DB,"https://static.www.nfl.com/image/upload/f_auto,q_auto/league/fzxie6iznr3i8qc2pmnv",ATL,70.0,191.0,1997-02-11,
00-0034844,0,0,0,0,0,0,0,0,0,0.0,0.0,0,280,1140,7,0,-24.096579715675524,37,50,273,2,1,-4.971302645470016,0,1,0,0,0.0,0,0,0,0,0,0,0,0,0,0,0,Saquon Barkley,RB,RB,"https://static.www.nfl.com/image/upload/f_auto,q_auto/league/ern1nbhivkmwkg82c7v1",PHI,72.0,232.0,1997-02-09,
00-0034847,0,0,0,0,0,0,0,0,0,0.0,0.0,0,0,0,0,0,0.0,0,0,0,0,0,0.0,0,1,0,0,0.0,0,0,0,0,0,0,0,0,0,0,0,Mike McGlinchey,OT,OL,"https://static.www.nfl.com/image/upload/f_auto,q_auto/league/rlmc7tqeolzj5btkdicj",DEN,80.0,315.0,1995-01-12,
00-0034854,0,0,0,0,0,0,0,0,0,0.0,0.0,0,0,0,0,0,0.0,3,10,31,0,0,-2.792162029421752,0,4,0,0,0.0,0,0,0,0,0,0,0,0,0,0,0,KhaDarel Hodge,WR,WR,"https://static.www.nfl.com/image/upload/f_auto,q_auto/league/r6vyxamrbb62lcccap2r",ATL,74.0,210.0,1994-01-03,
00-0034855,327,521,3490,25,10,34,-229,9,3,-6.108091989451991,-47.55056328558551,2,51,351,1,1,33.170702941620355,0,0,0,0,0,0.0,0,0,0,0,0.0,0,0,0,0,0,0,0,0,0,0,0,Baker Mayfield,QB,QB,"https://static.www.nfl.com/image/upload/f_auto,q_auto/league/i2uufyghiphx4oihgucm",TB,73.0,215.0,1995-04-14,
00-0034856,0,0,0,0,0,0,0,0,0,0.0,0.0,0,0,0,0,0,0.0,0,0,0,0,0,0.0,0,27,2,0,0.0,1,0,0,0,0,0,0,0,0,0,0,Denzel Ward,CB,DB,"https://static.www.nfl.com/image/upload/f_auto,q_auto/league/mmp5gacrbeeolrsgg5wm",CLE,71.0,190.0,1997-04-28,
00-0034857,319,460,3668,25,10,40,-298,1,1,71.32633645753506,46.26201849719101,1,112,579,14,6,38.772568229397066,0,0,0,0,0,0.0,0,0,0,0,0.0,0,0,0,0,0,0,0,0,0,0,0,Josh Allen,QB,QB,"https://static.www.nfl.com/image/upload/f_auto,q_auto/league/servs1fpsynfxep4rz2z",BUF,77.0,237.0,1996-05-21,
00-0034860,0,0,0,0,0,0,0,0,0,0.0,0.0,0,0,0,0,0,0.0,4,6,67,0,1,-6.436257164576,0,0,0,0,0.0,0,0,0,0,11,62,15,351,0,0,0,Dante Pettis,WR,WR,"https://static.www.nfl.com/image/upload/f_auto,q_auto/league/xz70t2ahl2ak2q9mqtia",NO,74.0,200.0,1995-10-23,
00-0034867,0,0,0,0,0,0,0,0,0,0.0,0.0,0,0,0,0,0,0.0,0,1,0,0,0,-0.5652746770065278,0,3,0,0,0.0,0,0,0,0,0,0,0,0,0,0,0,Malik Turner,WR,WR,"https://static.www.nfl.com/image/private/f_auto,q_auto/league/r7wv14bgrb5ohjmqsf9p",SF,74.0,202.0,1996-01-30,
00-0034869,303,451,3850,25,14,25,-169,7,5,69.79782931079816,98.74291685584939,2,29,86,0,2,-10.92341779183015,0,0,0,0,0,0.0,0,2,0,1,0.0,0,0,0,0,0,0,0,0,0,0,0,Sam Darnold,QB,QB,"https://static.www.nfl.com/image/upload/f_auto,q_auto/league/s5t8m6bhedjwwtfw3ild",SEA,75.0,225.0,1997-06-05,
00-0034874,0,0,0,0,0,0,0,0,0,0.0,0.0,0,0,0,0,0,0.0,0,0,0,0,0,0.0,0,73,5,0,0.0,0,0,0,0,0,0,0,0,0,0,0,Roquan Smith,ILB,LB,"https://static.www.nfl.com/image/upload/f_auto,q_auto/league/ru4idxsvmhlpiwx6za9a",BAL,73.0,235.0,1997-04-08,
00-0034928,0,0,0,0,0,0,0,0,0,0.0,0.0,0,0,0,0,0,0.0,0,1,0,0,0,-0.5559911653399467,0,0,0,0,0.0,0,0,0,0,1,5,7,187,0,0,0,Steven Sims,WR,WR,"https://static.www.nfl.com/image/upload/f_auto,q_auto/league/j4wvyoqtwt34h8qamgun",ARI,70.0,176.0,1997-03-31,
00-0034941,0,0,0,0,0,0,0,0,0,0.0,0.0,0,0,0,0,0,0.0,0,0,0,0,0,0.0,0,0,0,0,0.0,0,0,0,0,0,0,0,0,0,0,0,Mitch Wishnowsky,P,SPEC,"https://static.www.nfl.com/image/upload/f_auto,q_auto/league/kjifuyh2rm6dygczcv4f",BUF,74.0,220.0,1992-03-02,
00-0034951,0,0,0,0,0,0,0,0,0,0.0,0.0,0,0,0,0,0,0.0,0,0,0,0,0,0.0,0,0,0,0,0.0,0,0,0,0,0,0,0,0,0,0,0,Fred Johnson,OT,OL,"https://static.www.nfl.com/image/private/f_auto,q_auto/league/unogqelkwjhl0qwfbyu5",PHI,79.0,326.0,1997-06-05,
00-0034955,0,0,0,0,0,1,-2,0,0,-1.2378779940772802,0.0,0,0,0,0,0,0.0,0,0,0,0,0,0.0,0,0,0,0,0.0,0,0,0,0,0,0,0,0,0,0,0,Brett Rypien,QB,QB,"https://static.www.nfl.com/image/upload/f_auto,q_auto/league/aagqym9xmd5rligbbacq",CIN,74.0,210.0,1996-07-09,
00-0034959,0,0,0,0,0,0,0,0,0,0.0,0.0,0,1,5,0,0,1.3011814060155302,5,7,43,1,0,-0.5515096440794878,0,4,0,0,0.0,0,0,0,0,0,0,0,0,0,0,0,Andrew Beck,RB,RB,"https://static.www.nfl.com/image/upload/f_auto,q_auto/league/cgfleml3vlakevf285n3",NYJ,75.0,255.0,1996-05-15,
00-0034960,0,0,0,0,0,0,0,0,0,0.0,0.0,0,5,13,0,0,-0.40705584074021317,70,104,791,3,1,6.8776379163467425,0,0,0,0,0.0,0,0,0,0,0,0,0,0,0,0,0,Jakobi Meyers,WR,WR,"https://static.www.nfl.com/image/upload/f_auto,q_auto/league/qui5ajbevlk7pfjpcufz",LV,73.0,193.0,1996-11-09,
00-0034966,0,0,0,0,0,0,0,0,0,0.0,0.0,0,0,0,0,0,0.0,0,0,0,0,0,0.0,0,2,0,0,0.0,0,0,0,0,0,0,0,0,0,0,0,D'Angelo Ross,CB,DB,"https://static.www.nfl.com/image/upload/f_auto,q_auto/league/knsvo3gypaqfo3vtnt1o",CLE,69.0,190.0,1996-10-29,
00-0034967,0,0,0,0,0,0,0,0,0,0.0,0.0,0,0,0,0,0,0.0,0,0,0,0,0,0.0,0,25,7,1,7.5,0,0,0,0,0,0,0,0,0,0,0,Rashan Gary,DE,DL,"https://static.www.nfl.com/image/private/f_auto,q_auto/league/t4clz4xe8sfxszmvohfo",GB,77.0,277.0,1997-12-03,
00-0034968,0,0,0,0,0,0,0,0,0,0.0,0.0,0,0,0,0,0,0.0,0,0,0,0,0,0.0,0,10,0,1,0.0,0,0,0,0,0,0,0,0,0,0,0,Darnell Savage,SAF,DB,"https://static.www.nfl.com/image/upload/f_auto,q_auto/league/oahujzgwcvkeyc9qpqrb",JAX,71.0,198.0,1997-07-30,
00-0034973,0,0,0,0,0,0,0,0,0,0.0,0.0,0,0,0,0,0,0.0,0,0,0,0,0,0.0,0,42,28,2,10.0,1,0,0,0,0,0,0,0,0,0,0,Maxx Crosby,DE,DL,"https://static.www.nfl.com/image/upload/f_auto,q_auto/league/eradjc0noknlab2smu1e",LV,77.0,255.0,1997-08-22,
00-0034974,0,0,0,0,0,0,0,0,0,0.0,0.0,0,0,0,0,0,0.0,0,0,0,0,0,0.0,0,22,1,0,1.0,1,0,0,0,0,0,0,0,0,0,0,Julian Love,SAF,DB,"https://static.www.nfl.com/image/upload/f_auto,q_auto/league/s3fvfslhz6hpmf6fzv2u",SEA,71.0,195.0,1998-03-19,
00-0034975,0,0,0,0,0,0,0,0,0,0.0,0.0,0,18,93,2,1,-1.254315791418776,21,27,169,1,0,0.42149716021958766,0,0,0,0,0.0,0,0,0,0,0,0,7,188,0,0,0,Justice Hill,RB,RB,"https://static.www.nfl.com/image/upload/f_auto,q_auto/league/h6p9crhra8ehxju3ubza",BAL,70.0,205.0,1997-11-14,
00-0034978,0,0,0,0,0,0,0,0,0,0.0,0.0,0,0,0,0,0,0.0,0,0,0,0,0,0.0,0,0,0,0,0.0,0,0,0,0,0,0,0,0,0,0,0,Ben Powers,G,OL,"https://static.www.nfl.com/image/upload/f_auto,q_auto/league/fajb5zieqq91lh0ymlws",DEN,76.0,310.0,1996-10-29,
00-0034981,0,0,0,0,0,0,0,0,0,0.0,0.0,0,0,0,0,0,0.0,7,10,59,0,0,-3.7357050054706633,0,0,0,0,0.0,0,0,0,0,0,0,0,0,0,0,0,Foster Moreau,TE,TE,"https://static.www.nfl.com/image/upload/f_auto,q_auto/league/esc21tsccagvyy1ctaoc",NO,76.0,250.0,1997-05-06,
00-0034982,0,0,0,0,0,0,0,0,0,0.0,0.0,0,0,0,0,0,0.0,0,0,0,0,0,0.0,0,15,2,1,1.0,1,0,0,0,0,0,0,0,0,0,0,Dre Greenlaw,LB,LB,"https://static.www.nfl.com/image/upload/f_auto,q_auto/league/twmm0to7fptnq71n75iz",DEN,72.0,230.0,1997-05-25,
00-0034983,0,0,0,0,0,0,0,0,0,0.0,0.0,0,0,0,0,0,0.0,15,26,89,2,0,-2.002839822307898,0,0,0,0,0.0,0,0,0,0,2,13,0,0,0,0,0,Hunter Renfrow,WR,WR,"https://static.www.nfl.com/image/upload/f_auto,q_auto/league/sgrqk1a6fm34swazm2bx",CAR,70.0,185.0,1995-12-21,
00-0034987,0,0,0,0,0,0,0,0,0,0.0,0.0,0,0,0,0,0,0.0,0,0,0,0,0,0.0,0,30,2,0,0.0,0,0,0,0,0,0,0,0,0,0,0,E.J. Speed,LB,LB,"https://static.www.nfl.com/image/upload/f_auto,q_auto/league/lpqe7elzi8tbt8rjzozd",HOU,76.0,227.0,1995-06-01,
00-0034989,0,0,0,0,0,0,0,0,0,0.0,0.0,0,0,0,0,0,0.0,0,0,0,0,0,0.0,0,0,0,0,0.0,0,0,0,0,0,0,0,0,0,0,0,Justin Skule,OT,OL,"https://static.www.nfl.com/image/upload/f_auto,q_auto/league/qhgittdykajfsjsznegg",MIN,78.0,315.0,1996-11-23,
00-0034993,0,0,0,0,0,0,0,0,0,0.0,0.0,0,0,0,0,0,0.0,0,0,0,0,0,0.0,0,18,1,0,0.0,0,0,0,0,0,0,0,0,0,0,0,Marcus Epps,SAF,DB,"https://static.www.nfl.com/image/upload/f_auto,q_auto/league/buqwodgcsy5ndrrxtpga",PHI,72.0,191.0,1996-01-27,
00-0034994,0,0,0,0,0,0,0,0,0,0.0,0.0,0,0,0,0,0,0.0,0,0,0,0,0,0.0,0,0,0,0,0.0,0,0,0,0,0,0,0,0,0,0,0,Olisaemeka Udoh,OT,OL,"https://static.www.nfl.com/image/upload/f_auto,q_auto/league/i4odgbpj1mebaq92mpo2",TEN,78.0,320.0,1997-02-14,
00-0034999,0,0,0,0,0,0,0,0,0,0.0,0.0,0,0,0,0,0,0.0,0,0,0,0,0,0.0,0,0,0,0,0.0,0,0,0,0,0,0,0,0,0,0,0,Ty Summers,LB,LB,"https://static.www.nfl.com/image/upload/f_auto,q_auto/league/gx55memu9ifriore7bzy",DET,73.0,241.0,1995-12-31,
00-0035000,0,0,0,0,0,0,0,0,0,0.0,0.0,0,0,0,0,0,0.0,0,0,0,0,0,0.0,0,0,0,0,0.0,0,0,0,0,0,0,0,0,0,0,0,Quinton Bell,LB,LB,"https://static.www.nfl.com/image/upload/f_auto,q_auto/league/zjs3eeybw4lxtljzm8lf",MIA,76.0,258.0,1996-05-09,
00-0035020,0,0,0,0,0,0,0,0,0,0.0,0.0,0,0,0,0,0,0.0,0,0,0,0,0,0.0,0,18,3,0,1.0,0,0,0,0,0,0,0,0,0,0,0,Demetrius Flannigan-Fowles,LB,LB,"https://static.www.nfl.com/image/upload/f_auto,q_auto/league/elhj5qgby9zxlasenqjb",NYG,74.0,223.0,1996-09-04,
00-0035021,0,0,0,0,0,0,0,0,0,0.0,0.0,0,3,44,0,0,3.9105675144819543,5,8,106,0,0,6.951571413257625,0,6,0,0,0.0,0,0,0,0,0,0,14,457,0,0,0,Ashton Dulin,WR,WR,"https://static.www.nfl.com/image/upload/f_auto,q_auto/league/tfiokr6nyal5c5qgdj1c",IND,74.0,215.0,1997-05-15,
00-0035026,0,0,0,0,0,0,0,0,0,0.0,0.0,0,0,0,0,0,0.0,0,0,0,0,0,0.0,0,1,0,0,0.0,0,0,0,0,0,0,0,0,0,0,0,Kevin Givens,DT,DL,"https://static.www.nfl.com/image/upload/f_auto,q_auto/league/dpbmpsyvi88lpb4xebly",SF,73.0,285.0,1997-03-01,
00-0035042,0,0,0,0,0,0,0,0,0,0.0,0.0,0,1,-13,0,0,-3.758570118108764,0,0,0,0,0,0.0,0,1,0,0,0.0,0,0,0,0,0,0,0,0,0,0,0,Jamie Gillan,P,SPEC,"https://static.www.nfl.com/image/upload/f_auto,q_auto/league/kxwddoiqqghc1kxaajco",NYG,73.0,207.0,1997-07-04,
00-0035084,0,0,0,0,0,0,0,0,0,0.0,0.0,0,0,0,0,0,0.0,0,0,0,0,0,0.0,0,0,0,0,0.0,0,0,0,0,0,0,0,0,0,0,0,Yosh Nijman,OT,OL,"https://static.www.nfl.com/image/upload/f_auto,q_auto/league/zkc4avbq8cmmqo9flz4z",CAR,79.0,314.0,1996-01-02,
00-0035100,81,125,771,6,8,9,-60,1,0,-38.38703885115973,30.05983121958686,0,9,39,1,0,6.786059658799786,0,0,0,0,0,0.0,0,0,0,0,0.0,0,0,0,0,0,0,0,0,0,0,0,Jake Browning,QB,QB,"https://static.www.nfl.com/image/upload/f_auto,q_auto/league/kzyh6yum2w3c6xrkndla",CIN,74.0,210.0,1996-04-11,
00-0035112,0,0,0,0,0,0,0,0,0,0.0,0.0,0,0,0,0,0,0.0,0,0,0,0,0,0.0,0,0,0,0,0.0,0,0,0,0,0,0,0,0,0,0,0,Patrick Mekari,OT,OL,"https://static.www.nfl.com/image/upload/f_auto,q_auto/league/vvvuokcp8hwm8i9j9ctb",JAX,76.0,305.0,1997-08-13,
00-0035118,0,0,0,0,0,0,0,0,0,0.0,0.0,0,0,0,0,0,0.0,0,0,0,0,0,0.0,0,2,0,0,0.0,0,0,0,0,0,0,0,0,0,0,0,Matthew Orzech,LS,SPEC,"https://static.www.nfl.com/image/upload/f_auto,q_auto/league/kfuljmbcfkwx1quqoklv",GB,75.0,245.0,1995-04-12,
00-0035125,0,0,0,0,0,0,0,0,0,0.0,0.0,0,2,9,0,0,0.45087128586601466,7,9,49,0,0,0.5555758462287486,0,0,0,0,0.0,0,0,0,0,0,0,0,0,0,0,0,Alec Ingold,FB,RB,"https://static.www.nfl.com/image/upload/f_auto,q_auto/league/comhknenryrjabyifcqe",MIA,73.0,232.0,1996-07-09,
00-0035133,0,0,0,0,0,0,0,0,0,0.0,0.0,0,0,0,0,0,0.0,0,0,0,0,0,0.0,0,54,3,0,0.0,1,0,1,0,3,3,0,0,0,0,0,Keisean Nixon,CB,DB,"https://static.www.nfl.com/image/upload/f_auto,q_auto/league/vl34o93l5u7ins8ioebi",GB,70.0,200.0,1997-06-22,
00-0035140,0,0,0,0,0,0,0,0,0,0.0,0.0,0,0,0,0,0,0.0,0,1,0,0,0,-0.5083634960465133,0,0,0,0,0.0,0,0,1,0,2,4,1,61,0,0,0,Mecole Hardman,WR,WR,"https://static.www.nfl.com/image/upload/f_auto,q_auto/league/mswmia17pkencx01nswj",BUF,70.0,187.0,1998-03-12,
00-0035142,0,0,0,0,0,0,0,0,0,0.0,0.0,0,0,0,0,0,0.0,0,0,0,0,0,0.0,0,0,0,0,0.0,0,0,0,0,0,0,0,0,0,0,0,Ugo Amadi,CB,DB,"https://static.www.nfl.com/image/upload/f_auto,q_auto/league/xo6ierx4ousz4wxuye0z",NO,69.0,201.0,1997-05-16,
00-0035144,0,0,0,0,0,0,0,0,0,0.0,0.0,0,0,0,0,0,0.0,0,0,0,0,0,0.0,0,31,3,1,0.0,1,0,0,0,0,0,0,0,0,0,0,Mack Wilson,LB,LB,"https://static.www.nfl.com/image/upload/f_auto,q_auto/league/zjazfilpr7k2agiwqpxn",ARI,73.0,240.0,1998-02-14,
00-0035149,0,0,0,0,0,0,0,0,0,0.0,0.0,0,0,0,0,0,0.0,0,0,0,0,0,0.0,0,0,0,0,0.0,0,0,0,0,0,0,0,0,0,0,0,Nick Allegretti,G,OL,"https://static.www.nfl.com/image/upload/f_auto,q_auto/league/vblrphfqfohxa2hycuue",WAS,76.0,310.0,1996-04-21,
00-0035156,0,0,0,0,0,0,0,0,0,0.0,0.0,0,0,0,0,0,0.0,0,0,0,0,0,0.0,0,2,0,0,0.0,0,0,0,0,0,0,0,0,0,0,0,Jack Fox,P,SPEC,"https://static.www.nfl.com/image/upload/f_auto,q_auto/league/oxbywegffnm7lrwl2map",DET,74.0,218.0,1996-09-01,
00-0035157,0,0,0,0,0,0,0,0,0,0.0,0.0,0,0,0,0,0,0.0,0,0,0,0,0,0.0,0,2,0,0,0.0,0,0,0,0,0,0,0,0,0,0,0,Darius Harris,LB,LB,"https://static.www.nfl.com/image/upload/f_auto,q_auto/league/hhjpzik4tly0h4mwsigq",NE,74.0,245.0,1996-01-17,
00-0035166,0,0,0,0,0,0,0,0,0,0.0,0.0,0,0,0,0,0,0.0,0,0,0,0,0,0.0,0,48,1,1,0.0,2,0,0,0,0,0,0,0,0,0,0,Azeez Al-Shaair,LB,LB,"https://static.www.nfl.com/image/upload/f_auto,q_auto/league/gtnnl92squxvzhhydeq8",HOU,74.0,228.0,1997-08-04,
00-0035189,0,0,0,0,0,0,0,0,0,0.0,0.0,0,0,0,0,0,0.0,0,0,0,0,0,0.0,0,0,0,0,0.0,0,0,0,0,0,0,0,0,5,5,0,Matthew Wright,K,SPEC,"https://static.www.nfl.com/image/upload/f_auto,q_auto/league/htrs1hrrfok88fllrtex",TEN,71.0,174.0,1996-03-22,1.0
00-0035190,0,0,0,0,0,0,0,0,0,0.0,0.0,0,0,0,0,0,0.0,0,0,0,0,0,0.0,0,1,0,0,0.0,0,0,0,0,0,0,0,0,0,0,0,AJ Cole,P,SPEC,"https://static.www.nfl.com/image/upload/f_auto,q_auto/league/t6ah2u0wptbb8n22tehr",LV,76.0,220.0,1995-11-27,
00-0035192,0,0,0,0,0,0,0,0,0,0.0,0.0,0,0,0,0,0,0.0,0,0,0,0,0,0.0,0,3,0,0,0.0,0,0,0,0,0,0,0,0,28,34,1,Joey Slye,K,SPEC,"https://static.www.nfl.com/image/upload/f_auto,q_auto/league/xokfs27mtqrbb0y47ahn",TEN,71.0,213.0,1996-04-10,1.0
00-0035202,0,0,0,0,0,0,0,0,0,0.0,0.0,0,0,0,0,0,0.0,0,0,0,0,0,0.0,0,13,0,0,0.0,0,0,0,0,0,0,0,0,0,0,0,Del'Shawn Phillips,LB,LB,"https://static.www.nfl.com/image/upload/f_auto,q_auto/league/plnsixu8jpozw1grxuvc",LAC,74.0,230.0,1996-10-09,
00-0035208,0,0,0,0,0,0,0,0,0,0.0,0.0,0,4,25,0,0,0.6340966686257161,39,65,313,2,0,-3.795792692052766,0,0,0,0,0.0,0,0,0,0,0,0,0,0,0,0,0,Olamide Zaccheaus,WR,WR,"https://static.www.nfl.com/image/upload/f_auto,q_auto/league/ucpai2odeunecbe6o1dj",CHI,68.0,199.0,1997-07-23,
00-0035227,0,0,0,0,0,0,0,0,0,0.0,0.0,0,0,0,0,0,0.0,0,0,0,0,0,0.0,0,9,1,0,0.0,0,0,0,0,0,0,0,0,0,0,0,P.J. Locke,SAF,DB,"https://static.www.nfl.com/image/upload/f_auto,q_auto/league/ojoaoxeadc6x0iekj3my",DEN,70.0,202.0,1997-02-12,
00-0035228,110,161,962,6,3,16,-111,0,0,5.72059112573841,-0.4241159502983578,0,29,173,1,1,4.088747776171658,0,0,0,0,0,0.0,0,0,0,0,0.0,0,0,0,0,0,0,0,0,0,0,0,Kyler Murray,QB,QB,"https://static.www.nfl.com/image/upload/f_auto,q_auto/league/flezsremqighwuiyu77f",ARI,70.0,207.0,1997-08-07,
00-0035229,0,0,0,0,0,0,0,0,0,0.0,0.0,0,1,0,0,0,-1.1067849059472792,51,66,438,3,0,14.095465457870558,0,1,0,0,0.0,0,0,0,0,0,0,0,0,0,0,0,T.J. Hockenson,TE,TE,"https://static.www.nfl.com/image/upload/f_auto,q_auto/league/rs8o65x0u0n9xzde0fd6",MIN,77.0,248.0,1997-07-03,
00-0035230,0,0,0,0,0,0,0,0,0,0.0,0.0,0,0,0,0,0,0.0,0,0,0,0,0,0.0,0,9,7,1,3.0,0,0,0,0,0,0,0,0,0,0,0,Ed Oliver,DT,DL,"https://static.www.nfl.com/image/upload/f_auto,q_auto/league/wqmheiax6xnk7pvcdzav",BUF,73.0,287.0,1997-12-12,
00-0035234,0,0,0,0,0,0,0,0,0,0.0,0.0,0,0,0,0,0,0.0,0,0,0,0,0,0.0,0,0,0,0,0.0,0,0,0,0,0,0,0,0,0,0,0,Tytus Howard,OT,OL,"https://static.www.nfl.com/image/upload/f_auto,q_auto/league/dsxhasekno62of0prulo",HOU,77.0,322.0,1996-05-23,
00-0035236,0,0,0,0,0,0,0,0,0,0.0,0.0,0,0,0,0,0,0.0,0,0,0,0,0,0.0,0,45,2,0,0.0,2,0,0,0,0,0,0,0,0,0,0,Byron Murphy,CB,DB,"https://static.www.nfl.com/image/upload/f_auto,q_auto/league/secfzfwznyhcgiow4rvq",MIN,71.0,190.0,1998-01-18,
00-0035237,0,0,0,0,0,0,0,0,0,0.0,0.0,0,0,0,0,0,0.0,0,0,0,0,0,0.0,0,0,0,0,0.0,0,0,0,0,0,0,0,0,0,0,0,Jawaan Taylor,OT,OL,"https://static.www.nfl.com/image/upload/f_auto,q_auto/league/honwntzfepzenss8uqhw",KC,77.0,330.0,1997-11-25,
00-0035238,0,0,0,0,0,0,0,0,0,0.0,0.0,0,0,0,0,0,0.0,1,1,21,0,0,1.6709702801308597,0,0,0,0,0.0,0,0,0,0,0,0,0,0,0,0,0,Cody Ford,G,OL,"https://static.www.nfl.com/image/private/f_auto,q_auto/league/tvlrnep8pest5wubog4f",CIN,75.0,345.0,1996-12-28,
00-0035240,0,0,0,0,0,0,0,0,0,0.0,0.0,0,0,0,0,0,0.0,0,0,0,0,0,0.0,0,17,3,0,0.0,0,0,0,0,0,0,0,0,0,0,0,Jahlani Tavai,LB,LB,"https://static.www.nfl.com/image/upload/f_auto,q_auto/league/srlewkb9utcfby1x0bhh",NE,74.0,255.0,1996-09-28,
00-0035242,0,0,0,0,0,0,0,0,0,0.0,0.0,0,0,0,0,0,0.0,0,0,0,0,0,0.0,0,0,0,0,0.0,0,0,0,0,0,0,0,0,0,0,0,Erik McCoy,C,OL,"https://static.www.nfl.com/image/upload/f_auto,q_auto/league/w5kp02xeo5pg9shcddoz",NO,76.0,303.0,1997-08-27,
00-0035243,0,0,0,0,0,0,0,0,0,0.0,0.0,0,20,117,1,1,-1.8873982272925787,8,8,30,0,0,-1.5148692699835669,0,0,0,0,0.0,0,0,0,0,0,0,3,68,0,0,0,Miles Sanders,RB,RB,"https://static.www.nfl.com/image/upload/f_auto,q_auto/league/niyjjkzmxjmesftgjs8y",DAL,71.0,211.0,1997-05-01,
00-0035244,0,0,0,0,0,0,0,0,0,0.0,0.0,0,0,0,0,0,0.0,0,0,0,0,0,0.0,0,12,0,0,0.0,0,0,0,0,0,0,0,0,0,0,0,Lonnie Johnson,SAF,DB,"https://static.www.nfl.com/image/upload/f_auto,q_auto/league/a25iox2kpt2faeivak0g",LV,74.0,221.0,1995-11-04,
00-0035248,0,0,0,0,0,0,0,0,0,0.0,0.0,0,0,0,0,0,0.0,0,0,0,0,0,0.0,0,13,3,0,6.5,0,0,0,0,0,0,0,0,0,0,0,Zach Allen,DE,DL,"https://static.www.nfl.com/image/upload/f_auto,q_auto/league/alnctfzlh2giup65i5zt",DEN,76.0,285.0,1997-08-20,
00-0035249,0,0,0,0,0,0,0,0,0,0.0,0.0,0,0,0,0,0,0.0,13,17,131,4,0,8.192497209456748,0,1,0,0,0.0,0,0,0,0,0,0,0,0,0,0,0,Josh Oliver,TE,TE,"https://static.www.nfl.com/image/upload/f_auto,q_auto/league/pfvhbfguzu6wv9ikluop",MIN,77.0,264.0,1997-03-21,
00-0035250,0,0,0,0,0,0,0,0,0,0.0,0.0,0,110,411,4,0,-1.7811330768163316,18,19,151,0,0,2.2629662439562077,0,1,0,0,0.0,0,0,0,0,0,0,12,313,0,0,0,Devin Singletary,RB,RB,"https://static.www.nfl.com/image/upload/f_auto,q_auto/league/wqw8ee4nsxsisqb3bagw",NYG,67.0,203.0,1997-09-03,
00-0035253,0,0,0,0,0,0,0,0,0,0.0,0.0,0,0,0,0,0,0.0,0,0,0,0,0,0.0,0,40,5,1,3.0,2,0,0,0,0,0,0,0,0,0,0,C.J. Gardner-Johnson,SAF,DB,"https://static.www.nfl.com/image/upload/f_auto,q_auto/league/lgbewdwm0p4wnwfbcock",HOU,71.0,208.0,1997-12-20,
00-0035254,0,0,0,0,0,0,0,0,0,0.0,0.0,0,0,0,0,0,0.0,0,0,0,0,0,0.0,0,21,3,2,3.0,1,1,0,0,0,0,0,0,0,0,0,Anthony Nelson,LB,LB,"https://static.www.nfl.com/image/upload/f_auto,q_auto/league/p7ot8uy26tblyhgpwcdv",TB,79.0,271.0,1997-03-04,
00-0035255,0,0,0,0,0,0,0,0,0,0.0,0.0,0,0,0,0,0,0.0,0,0,0,0,0,0.0,0,1,0,0,0.0,0,0,0,0,0,0,0,0,0,0,0,Kendall Sheffield,DB,DB,"https://static.www.nfl.com/image/upload/f_auto,q_auto/league/ukj6kbovqjqrinpgeysa",MIA,70.0,212.0,1996-05-30,
00-0035258,0,0,0,0,0,0,0,0,0,0.0,0.0,0,0,0,0,0,0.0,0,0,0,0,0,0.0,0,2,0,1,0.0,0,0,0,0,0,0,0,0,0,0,0,Hjalte Froholdt,C,OL,"https://static.www.nfl.com/image/upload/f_auto,q_auto/league/w29pfmjsyr2ylmbvedol",ARI,77.0,310.0,1996-08-20,
00-0035261,0,0,0,0,0,0,0,0,0,0.0,0.0,0,228,1034,5,3,-20.772752233068854,30,38,189,0,1,-12.315128749798333,0,0,0,0,0.0,0,0,0,0,0,0,0,0,0,0,0,Tony Pollard,RB,RB,"https://static.www.nfl.com/image/upload/f_auto,q_auto/league/dvpdczetkdhrqpm8izmd",TEN,72.0,209.0,1997-04-30,
00-0035262,0,0,0,0,0,0,0,0,0,0.0,0.0,0,0,0,0,0,0.0,0,0,0,0,0,0.0,0,50,9,1,2.0,0,0,0,0,0,0,0,0,0,0,0,Drue Tranquill,LB,LB,"https://static.www.nfl.com/image/upload/f_auto,q_auto/league/azjrwh0rdddskgckydsq",KC,74.0,234.0,1995-08-15,
00-0035264,0,0,0,0,0,0,0,0,0,0.0,0.0,0,1,-1,0,0,0.0,0,0,0,0,0,0.0,0,0,0,0,0.0,0,0,0,0,0,0,0,0,0,0,0,Jarrett Stidham,QB,QB,"https://static.www.nfl.com/image/upload/f_auto,q_auto/league/hlq7q7zkusdhmudwbodl",DEN,75.0,215.0,1996-08-08,
00-0035266,0,0,0,0,0,0,0,0,0,0.0,0.0,0,0,0,0,0,0.0,0,0,0,0,0,0.0,0,0,0,0,0.0,0,0,0,0,0,0,0,0,0,0,0,Mike Jordan,G,OL,"https://static.www.nfl.com/image/upload/f_auto,q_auto/league/b7mi3e3r7n1cdlymjtwl",TB,78.0,312.0,1998-01-25,
00-0035269,0,0,0,0,0,0,0,0,0,0.0,0.0,0,0,0,0,0,0.0,0,0,0,0,0,0.0,0,0,0,0,0.0,0,0,0,0,0,0,0,0,17,23,0,Matt Gay,K,SPEC,"https://static.www.nfl.com/image/upload/f_auto,q_auto/league/qeca8ofwxhytcioy29wc",WAS,72.0,232.0,1994-03-15,0.3333333333333333
00-0035270,0,0,0,0,0,0,0,0,0,0.0,0.0,0,0,0,0,0,0.0,0,0,0,0,0,0.0,0,0,0,0,0.0,0,0,0,0,0,0,0,0,0,0,0,Amani Oruwariye,CB,DB,"https://static.www.nfl.com/image/upload/f_auto,q_auto/league/rfqlsxmwdqnfcxng5oli",BAL,74.0,200.0,1996-02-09,
00-0035272,0,0,0,0,0,0,0,0,0,0.0,0.0,0,0,0,0,0,0.0,0,0,0,0,0,0.0,0,23,9,0,7.0,1,0,0,0,0,0,0,0,0,0,0,Andrew Van Ginkel,OLB,LB,"https://static.www.nfl.com/image/upload/f_auto,q_auto/league/vbpdlib647tcpzz59wyt",MIN,76.0,242.0,1995-07-01,
00-0035276,0,0,0,0,0,0,0,0,0,0.0,0.0,0,0,0,0,0,0.0,0,0,0,0,0,0.0,0,57,3,1,1.0,0,0,0,0,0,0,0,0,0,0,0,Blake Cashman,LB,LB,"https://static.www.nfl.com/image/upload/f_auto,q_auto/league/mvui8tjkoewkupyncbok",MIN,73.0,235.0,1996-05-10,
00-0035277,0,0,0,0,0,0,0,0,0,0.0,0.0,0,0,0,0,0,0.0,0,0,0,0,0,0.0,0,48,4,1,0.0,4,1,0,0,0,0,0,0,0,0,0,Mike Jackson,CB,DB,"https://static.www.nfl.com/image/upload/f_auto,q_auto/league/cqvxm9n1ncjq7hd2dtqb",CAR,73.0,210.0,1997-01-10,
00-0035279,0,0,0,0,0,0,0,0,0,0.0,0.0,0,0,0,0,0,0.0,0,0,0,0,0,0.0,0,15,5,0,3.5,0,0,0,0,0,0,0,0,0,0,0,Charles Omenihu,DE,DL,"https://static.www.nfl.com/image/upload/f_auto,q_auto/league/eqdzy6rghyb0sywwbd8i",KC,77.0,280.0,1997-08-20,
00-0035280,0,0,0,0,0,0,0,0,0,0.0,0.0,0,0,0,0,0,0.0,0,0,0,0,0,0.0,0,1,0,0,0.0,0,0,0,0,0,0,0,0,0,0,0,Jake Bailey,P,SPEC,"https://static.www.nfl.com/image/upload/f_auto,q_auto/league/xgqo8pwrwqtmfhoaproq",MIA,74.0,212.0,1997-06-18,
00-0035286,0,0,0,0,0,0,0,0,0,0.0,0.0,0,0,0,0,0,0.0,0,0,0,0,0,0.0,0,24,0,1,0.0,0,0,0,0,0,0,0,0,0,0,0,Cole Holcomb,LB,LB,"https://static.www.nfl.com/image/upload/f_auto,q_auto/league/hhhvsv4sv9zreuedr7lj",PIT,73.0,240.0,1996-07-30,
00-0035289,6,13,37,0,1,0,0,0,0,-6.414683026901912,-29.241243324109483,0,6,2,0,0,-0.570991942193359,0,0,0,0,0,0.0,0,0,0,0,0.0,0,0,0,0,0,0,0,0,0,0,0,Gardner Minshew,QB,QB,"https://static.www.nfl.com/image/upload/f_auto,q_auto/league/lggwtoj1m0jxxiawtzpw",KC,73.0,225.0,1996-05-16,
00-0035291,0,0,0,0,0,0,0,0,0,0.0,0.0,0,9,29,0,0,1.6212996988906523,7,7,42,0,0,-1.5120087517144074,0,0,0,0,0.0,0,0,0,0,0,0,6,139,0,0,0,Trayveon Williams,RB,RB,"https://static.www.nfl.com/image/upload/f_auto,q_auto/league/zwei0idpruplnhlmpfkr",LAC,68.0,206.0,1997-10-18,
00-0035298,0,0,0,0,0,0,0,0,0,0.0,0.0,0,0,0,0,0,0.0,7,12,53,0,0,-0.8572116994496053,0,0,0,0,0.0,0,0,0,0,2,34,0,0,0,0,0,Scott Miller,WR,WR,"https://static.www.nfl.com/image/upload/f_auto,q_auto/league/mlx2xhjvzt6pqwgoloqa",PIT,69.0,174.0,1997-07-31,
00-0035301,0,0,0,0,0,0,0,0,0,0.0,0.0,0,0,0,0,0,0.0,0,0,0,0,0,0.0,0,36,3,1,0.0,2,0,0,0,0,0,0,0,0,0,0,Donovan Wilson,SAF,DB,"https://static.www.nfl.com/image/upload/f_auto,q_auto/league/fl10d0bhrvfrqkjamcgp",DAL,72.0,204.0,1995-02-21,
00-0035311,0,0,0,0,0,0,0,0,0,0.0,0.0,0,3,6,0,0,-1.5420904575730674,0,0,0,0,0,0.0,0,0,0,0,0.0,0,0,0,0,0,0,0,0,0,0,0,Myles Gaskin,RB,RB,"https://static.www.nfl.com/image/upload/f_auto,q_auto/league/dn5kacxm99pb95u8dle1",SEA,70.0,199.0,1997-02-15,
00-0035316,0,0,0,0,0,0,0,0,0,0.0,0.0,0,0,0,0,0,0.0,0,0,0,0,0,0.0,0,55,10,1,3.5,1,0,0,0,0,0,0,0,0,0,0,Kaden Elliss,LB,LB,"https://static.www.nfl.com/image/upload/f_auto,q_auto/league/b7jmlakbznkeusvsztgo",ATL,74.0,240.0,1995-06-10,
00-0035330,0,0,0,0,0,0,0,0,0,0.0,0.0,0,0,0,0,0,0.0,0,0,0,0,0,0.0,0,1,0,0,0.0,0,0,0,0,0,0,0,0,0,0,0,Anthony Pittman,LB,LB,"https://static.www.nfl.com/image/upload/f_auto,q_auto/league/eitmt82nhdoeyeemklmi",DET,75.0,236.0,1996-11-24,
00-0035352,0,0,0,0,0,0,0,0,0,0.0,0.0,0,0,0,0,0,0.0,0,0,0,0,0,0.0,0,70,10,1,5.0,1,0,0,0,0,0,0,0,0,0,0,Tyrel Dodson,LB,LB,"https://static.www.nfl.com/image/upload/f_auto,q_auto/league/ssfyc6yarlegh112xeoa",MIA,72.0,237.0,1998-06-25,
00-0035355,0,0,0,0,0,0,0,0,0,0.0,0.0,0,0,0,0,0,0.0,0,0,0,0,0,0.0,0,0,0,0,0.0,0,0,0,0,0,0,0,0,0,0,0,Blake Hance,OL,OL,"https://static.www.nfl.com/image/upload/f_auto,q_auto/league/hdxdmuvnrlz3tykblysu",TEN,77.0,310.0,1996-01-11,
00-0035357,0,0,0,0,0,0,0,0,0,0.0,0.0,0,0,0,0,0,0.0,0,0,0,0,0,0.0,0,30,1,2,0.0,0,0,0,0,0,0,0,0,0,0,0,Cam Lewis,CB,DB,"https://static.www.nfl.com/image/upload/f_auto,q_auto/league/zjktx8s1xlcacohcfimq",BUF,69.0,183.0,1997-04-13,
00-0035358,0,0,0,0,0,0,0,0,0,0.0,0.0,0,0,0,0,0,0.0,0,0,0,0,0,0.0,0,0,0,0,0.0,0,0,0,0,0,0,0,0,29,34,2,Chase McLaughlin,K,SPEC,"https://static.www.nfl.com/image/upload/f_auto,q_auto/league/vwefhtevyn2qxauchan5",TB,72.0,190.0,1996-04-09,0.5
00-0035359,0,0,0,0,0,0,0,0,0,0.0,0.0,0,0,0,0,0,0.0,17,35,180,2,0,-1.8157572047857098,0,2,0,0,0.0,0,0,0,0,0,0,0,0,0,0,0,David Sills,WR,WR,"https://static.www.nfl.com/image/upload/f_auto,q_auto/league/b0vacwlg3vcau2vzg3ry",ATL,75.0,211.0,1995-05-29,
00-0035363,0,0,0,0,0,0,0,0,0,0.0,0.0,0,0,0,0,0,0.0,0,0,0,0,0,0.0,0,13,0,0,0.0,0,0,0,0,0,0,0,0,0,0,0,Joe Giles-Harris,LB,LB,"https://static.www.nfl.com/image/upload/f_auto,q_auto/league/eh3338umczzrrmolwpur",CIN,74.0,234.0,1997-04-01,
00-0035378,0,0,0,0,0,0,0,0,0,0.0,0.0,0,0,0,0,0,0.0,0,0,0,0,0,0.0,0,43,3,0,0.0,1,0,0,0,0,0,0,0,0,0,0,Andrew Wingard,SAF,DB,"https://static.www.nfl.com/image/upload/f_auto,q_auto/league/vumoaka528nab6au7caj",JAX,72.0,200.0,1996-12-05,
00-0035386,0,0,0,0,0,0,0,0,0,0.0,0.0,0,0,0,0,0,0.0,0,0,0,0,0,0.0,0,31,2,0,0.5,1,1,0,0,0,0,0,0,0,0,0,T.J. Edwards,LB,LB,"https://static.www.nfl.com/image/upload/f_auto,q_auto/league/tqu3uz4nzkcq4crcepj3",CHI,72.0,228.0,1996-08-12,
00-0035402,0,0,0,0,0,0,0,0,0,0.0,0.0,0,0,0,0,0,0.0,0,0,0,0,0,0.0,0,28,8,0,4.5,0,0,0,0,0,0,0,0,0,0,0,Carl Granderson,DE,DL,"https://static.www.nfl.com/image/upload/f_auto,q_auto/league/qubwfcjeareypbdlvwnb",NO,77.0,261.0,1996-12-18,
00-0035406,0,0,0,0,0,0,0,0,0,0.0,0.0,0,0,0,0,0,0.0,13,25,156,1,0,7.935661617713378,0,0,0,0,0.0,0,0,0,0,0,0,0,0,0,0,0,Lil'Jordan Humphrey,WR,WR,"https://static.www.nfl.com/image/upload/f_auto,q_auto/league/otxrvkflhixz9akhmfqq",NYG,76.0,225.0,1998-04-19,
00-0035409,0,0,0,0,0,0,0,0,0,0.0,0.0,0,0,0,0,0,0.0,0,0,0,0,0,0.0,0,7,1,0,0.0,0,0,0,0,0,0,0,0,0,0,0,Shy Tuttle,DT,DL,"https://static.www.nfl.com/image/upload/f_auto,q_auto/league/dbtt4xlpqoytpgiswgal",TEN,75.0,300.0,1995-10-20,
00-0035413,0,0,0,0,0,0,0,0,0,0.0,0.0,0,0,0,0,0,0.0,0,0,0,0,0,0.0,0,12,0,0,0.0,0,0,0,0,0,0,0,0,0,0,0,Luke Gifford,LB,LB,"https://static.www.nfl.com/image/upload/f_auto,q_auto/league/zuskjpnniq2xwnao6tuk",SF,75.0,242.0,1995-08-28,
00-0035500,0,0,0,0,0,0,0,0,0,0.0,0.0,0,7,15,1,0,-1.388912864116719,29,33,206,3,0,4.251081109633556,0,1,0,0,0.0,0,0,0,0,16,185,31,811,0,0,0,Greg Dortch,WR,WR,"https://static.www.nfl.com/image/upload/f_auto,q_auto/league/jt4lbkjxkkrw3f644sft",ARI,67.0,180.0,1998-05-29,
00-0035525,0,0,0,0,0,0,0,0,0,0.0,0.0,0,0,0,0,0,0.0,0,0,0,0,0,0.0,0,55,7,2,2.0,2,1,0,0,0,0,0,0,0,0,0,Devin Bush,LB,LB,"https://static.www.nfl.com/image/upload/f_auto,q_auto/league/pgpf5oeyel2jgsz2luaq",CLE,71.0,234.0,1998-07-18,
00-0035526,0,0,0,0,0,0,0,0,0,0.0,0.0,0,0,0,0,0,0.0,0,0,0,0,0,0.0,0,0,0,0,0.0,0,0,0,0,0,0,0,0,0,0,0,Elgton Jenkins,C,OL,"https://static.www.nfl.com/image/upload/f_auto,q_auto/league/wrahpqtdvxipwmrepiyl",GB,77.0,311.0,1995-12-26,
00-0035535,0,0,0,0,0,0,0,0,0,0.0,0.0,0,0,0,0,0,0.0,33,54,504,1,1,15.263463467501314,0,0,0,0,0.0,0,0,0,0,0,0,0,0,0,0,0,Darius Slayton,WR,WR,"https://static.www.nfl.com/image/upload/f_auto,q_auto/league/fyjkvaekv40jn72d0b3q",NYG,73.0,198.0,1997-01-12,
00-0035537,0,0,0,0,0,0,0,0,0,0.0,0.0,0,37,164,2,0,7.294663982465863,22,31,243,1,1,6.539306146558374,0,1,0,0,0.0,0,0,0,0,0,0,11,240,0,0,0,Ty Johnson,RB,RB,"https://static.www.nfl.com/image/upload/f_auto,q_auto/league/hmnzcfm56ojey6myomjg",BUF,70.0,210.0,1997-09-17,
00-0035542,0,0,0,0,0,0,0,0,0,0.0,0.0,0,0,0,0,0,0.0,0,0,0,0,0,0.0,0,9,2,1,0.0,0,0,0,0,0,0,0,0,0,0,0,Kemon Hall,DB,DB,"https://static.www.nfl.com/image/upload/f_auto,q_auto/league/bttfbfwzvxgoxcnmvqsx",TEN,71.0,202.0,1997-06-02,
00-0035544,0,0,0,0,0,0,0,0,0,0.0,0.0,0,0,0,0,0,0.0,4,4,36,0,0,4.502742598298937,0,0,0,0,0.0,0,0,0,0,3,50,14,407,0,0,0,Tom Kennedy,WR,WR,"https://static.www.nfl.com/image/upload/f_auto,q_auto/league/gvqhhlipkpytuu4lqnps",DET,70.0,195.0,1996-07-29,
00-0035567,0,0,0,0,0,0,0,0,0,0.0,0.0,0,3,4,0,0,-2.3583893680479378,0,0,0,0,0,0.0,0,4,0,0,0.0,0,0,0,0,0,0,5,118,0,0,0,Craig Reynolds,RB,RB,"https://static.www.nfl.com/image/upload/f_auto,q_auto/league/f5zuttg3hinfqgronrsg",DET,71.0,216.0,1996-06-15,
00-0035588,0,0,0,0,0,0,0,0,0,0.0,0.0,0,0,0,0,0,0.0,0,0,0,0,0,0.0,0,1,0,0,0.0,0,0,0,0,0,0,0,0,0,0,0,Garrett Bradbury,C,OL,"https://static.www.nfl.com/image/upload/f_auto,q_auto/league/ww9iafyxzq6olacamaow",NE,75.0,300.0,1995-06-20,
00-0035594,0,0,0,0,0,0,0,0,0,0.0,0.0,0,1,-2,0,0,-1.3661332725416906,0,0,0,0,0,0.0,0,4,0,0,0.0,0,0,0,0,0,0,0,0,0,0,0,Travis Homer,RB,RB,"https://static.www.nfl.com/image/upload/f_auto,q_auto/league/dyyclvfaagspov2ydf3i",CHI,70.0,211.0,1998-08-07,
00-0035602,0,0,0,0,0,0,0,0,0,0.0,0.0,0,0,0,0,0,0.0,2,3,12,0,0,1.0650289835757576,0,0,0,0,0.0,0,0,0,0,17,99,0,0,0,0,0,Alex Bachman,WR,WR,"https://static.www.nfl.com/image/upload/f_auto,q_auto/league/xebxem8tzjm0yyygaklg",LV,72.0,190.0,1996-05-29,
00-0035617,0,0,0,0,0,0,0,0,0,0.0,0.0,0,0,0,0,0,0.0,0,0,0,0,0,0.0,0,15,0,0,0.0,0,0,0,0,0,0,0,0,0,0,0,Troy Reeder,LB,LB,"https://static.www.nfl.com/image/upload/f_auto,q_auto/league/laiuwnorvmneuwvav61k",LA,75.0,236.0,1994-09-13,
00-0035625,0,0,0,0,0,0,0,0,0,0.0,0.0,0,0,0,0,0,0.0,0,0,0,0,0,0.0,0,23,1,0,0.0,0,0,0,0,0,0,0,0,0,0,0,Juan Thornhill,SAF,DB,"https://static.www.nfl.com/image/upload/f_auto,q_auto/league/os3bpcmalytfuwosxpzj",PIT,72.0,205.0,1995-10-19,
00-0035628,0,0,0,0,0,0,0,0,0,0.0,0.0,0,9,12,0,0,-3.56584117206512,0,0,0,0,0,0.0,0,0,0,0,0.0,0,0,0,0,0,0,3,77,0,0,0,D'Ernest Johnson,RB,RB,"https://static.www.nfl.com/image/upload/f_auto,q_auto/league/gbe2eojaxid4n3pmo0rj",ARI,70.0,208.0,1996-02-27,
00-0035629,0,0,0,0,0,0,0,0,0,0.0,0.0,0,0,0,0,0,0.0,0,0,0,0,0,0.0,0,1,0,0,0.0,0,0,0,0,0,0,0,0,0,0,0,Jonah Williams,OT,OL,"https://static.www.nfl.com/image/upload/f_auto,q_auto/league/ton1hb2fidrdk6zv8erf",ARI,77.0,312.0,1997-11-17,
00-0035630,0,0,0,0,0,0,0,0,0,0.0,0.0,0,0,0,0,0,0.0,0,0,0,0,0,0.0,0,0,0,0,0.0,0,0,0,0,0,0,0,0,0,0,0,Chris Lindstrom,G,OL,"https://static.www.nfl.com/image/upload/f_auto,q_auto/league/siocu1rimlusd0x8ut1w",ATL,76.0,310.0,1997-02-28,
00-0035631,0,0,0,0,0,0,0,0,0,0.0,0.0,0,1,3,0,0,-0.5837107149418443,12,17,89,1,0,1.343195122492034,0,0,0,0,0.0,0,0,0,0,0,0,0,0,0,0,0,Drew Sample,TE,TE,"https://static.www.nfl.com/image/upload/f_auto,q_auto/league/dvq8fanrbrpfgf2j3kpm",CIN,77.0,260.0,1996-04-16,
00-0035632,0,0,0,0,0,0,0,0,0,0.0,0.0,0,0,0,0,0,0.0,0,0,0,0,0,0.0,0,58,3,0,1.0,0,0,0,0,0,0,0,0,0,0,0,Amani Hooker,SAF,DB,"https://static.www.nfl.com/image/upload/f_auto,q_auto/league/u9zrvmlfnvzmgttdcsn6",TEN,71.0,210.0,1998-06-14,
00-0035633,0,0,0,0,0,0,0,0,0,0.0,0.0,0,0,0,0,0,0.0,0,0,0,0,0,0.0,0,0,0,0,0.0,0,0,0,0,0,0,0,0,0,0,0,Corey Ballentine,DB,DB,"https://static.www.nfl.com/image/upload/f_auto,q_auto/league/p1pbz0j3iviqhqtltudy",NE,72.0,191.0,1996-04-13,
00-0035636,0,0,0,0,0,0,0,0,0,0.0,0.0,0,0,0,0,0,0.0,0,0,0,0,0,0.0,0,1,0,0,0.0,0,0,0,0,0,0,0,0,0,0,0,L.J. Collier,DE,DL,"https://static.www.nfl.com/image/private/f_auto,q_auto/league/i39nt3smr30rgznvlal3",ARI,74.0,300.0,1995-09-12,
00-0035637,0,0,0,0,0,0,0,0,0,0.0,0.0,0,0,0,0,0,0.0,0,0,0,0,0,0.0,0,24,0,0,0.0,0,0,0,0,0,0,0,0,0,0,0,Rock Ya-Sin,CB,DB,"https://static.www.nfl.com/image/upload/f_auto,q_auto/league/ezahxzran7e2ohnmtndh",DET,71.0,195.0,1996-05-23,
00-0035639,0,0,0,0,0,0,0,0,0,0.0,0.0,0,0,0,0,0,0.0,0,0,0,0,0,0.0,0,0,0,0,0.0,0,0,0,0,0,0,0,0,0,0,0,Parris Campbell,WR,WR,"https://static.www.nfl.com/image/upload/f_auto,q_auto/league/pmb3ypquiy5a2qzzmio4",DAL,73.0,205.0,1997-07-16,
00-0035640,0,0,0,0,0,0,0,0,0,0.0,0.0,0,2,12,1,0,1.686809476581402,59,99,850,6,0,32.92583931352816,0,4,0,0,0.0,0,0,0,0,0,0,0,0,0,0,0,DK Metcalf,WR,WR,"https://static.www.nfl.com/image/upload/f_auto,q_auto/league/tknefloqsleltfmslj2y",PIT,76.0,229.0,1997-12-14,
00-0035642,0,0,0,0,0,0,0,0,0,0.0,0.0,0,0,0,0,0,0.0,0,0,0,0,0,0.0,0,25,12,0,8.0,0,0,0,1,0,0,0,0,0,0,0,Josh Hines-Allen,DE,DL,"https://static.www.nfl.com/image/upload/f_auto,q_auto/league/frooc3vy4adlwpkdnyks",JAX,77.0,255.0,1997-07-13,
00-0035643,0,0,0,0,0,0,0,0,0,0.0,0.0,0,0,0,0,0,0.0,1,1,1,1,0,0.5639460802776739,0,36,16,3,10.0,0,0,0,1,0,0,0,0,0,0,0,Jeffery Simmons,DT,DL,"https://static.www.nfl.com/image/upload/f_auto,q_auto/league/gi2z8wipg8w9vnxwbav0",TEN,76.0,305.0,1997-07-28,
00-0035644,0,0,0,0,0,0,0,0,0,0.0,0.0,0,0,0,0,0,0.0,33,40,283,3,2,-2.868846311731974,0,0,0,0,0.0,0,0,0,0,0,0,0,0,0,0,0,Noah Fant,TE,TE,"https://static.www.nfl.com/image/upload/f_auto,q_auto/league/s4idwk38z6bin9lnnw9f",CIN,76.0,249.0,1997-11-20,
00-0035645,1,1,33,1,0,0,0,0,0,3.2233546525239944,35.39788126945496,0,0,0,0,0,0.0,2,4,43,1,0,4.021035790928215,0,0,0,0,0.0,0,0,0,0,22,189,26,682,0,0,0,Gunner Olszewski,WR,WR,"https://static.www.nfl.com/image/upload/f_auto,q_auto/league/q6fs5e2eotgeh47xeo74",NYG,72.0,190.0,1996-11-26,
00-0035646,0,0,0,0,0,0,0,0,0,0.0,0.0,0,0,0,0,0,0.0,0,0,0,0,0,0.0,0,1,0,0,0.0,0,0,0,0,0,0,0,0,0,0,0,Sione Takitaki,LB,LB,"https://static.www.nfl.com/image/upload/f_auto,q_auto/league/mx5kjkwhlgzbuhagmsb7",MIN,73.0,245.0,1995-06-08,
00-0035647,0,0,0,0,0,0,0,0,0,0.0,0.0,0,0,0,0,0,0.0,0,0,0,0,0,0.0,0,29,13,3,9.5,0,0,0,0,0,0,0,0,0,0,0,Montez Sweat,DE,DL,"https://static.www.nfl.com/image/upload/f_auto,q_auto/league/lmaq9dyixaolzxleqb5e",CHI,78.0,270.0,1996-09-04,
00-0035655,0,0,0,0,0,0,0,0,0,0.0,0.0,0,0,0,0,0,0.0,0,0,0,0,0,0.0,0,20,1,1,1.0,0,0,0,0,0,0,0,0,0,0,0,Will Harris,SAF,DB,"https://static.www.nfl.com/image/upload/f_auto,q_auto/league/u5dy7qow1rg8c8768koq",WAS,73.0,207.0,1995-12-19,
00-0035656,0,0,0,0,0,0,0,0,0,0.0,0.0,0,0,0,0,0,0.0,0,0,0,0,0,0.0,0,4,1,0,1.0,0,0,0,0,0,0,0,0,0,0,0,Khalen Saunders,DT,DL,"https://static.www.nfl.com/image/upload/f_auto,q_auto/league/ory67tgth5h9zjiriihh",JAX,72.0,324.0,1996-08-09,
00-0035659,0,0,0,0,0,0,0,0,0,0.0,0.0,0,0,0,0,0,0.0,34,56,525,3,0,23.586291472922976,0,1,0,0,0.0,0,0,0,0,0,0,0,0,0,0,0,Terry McLaurin,WR,WR,"https://static.www.nfl.com/image/upload/f_auto,q_auto/league/wokz1etv1wj1vhbmvxgs",WAS,72.0,210.0,1995-09-15,
00-0035662,0,0,0,0,0,0,0,0,0,0.0,0.0,0,0,0,0,0,0.0,46,68,523,5,1,22.575882995199066,0,2,0,0,0.0,0,0,0,0,0,0,0,0,0,0,0,Marquise Brown,WR,WR,"https://static.www.nfl.com/image/upload/f_auto,q_auto/league/ixuddegcphzmvjn4jq6r",KC,69.0,180.0,1997-06-04,
00-0035663,0,0,0,0,0,0,0,0,0,0.0,0.0,0,0,0,0,0,0.0,0,0,0,0,0,0.0,0,17,0,0,0.0,0,0,0,0,0,0,0,0,0,0,0,Taylor Rapp,SAF,DB,"https://static.www.nfl.com/image/upload/f_auto,q_auto/league/olasn9vezmd1uvomkpws",BUF,72.0,208.0,1997-12-22,
00-0035667,0,0,0,0,0,0,0,0,0,0.0,0.0,0,0,0,0,0,0.0,0,0,0,0,0,0.0,0,11,3,0,2.0,0,0,0,0,0,0,0,0,0,0,0,Greg Gaines,DT,DL,"https://static.www.nfl.com/image/upload/f_auto,q_auto/league/zo3aqstf8ng4tju17tid",TB,73.0,312.0,1996-05-06,
00-0035668,0,0,0,0,0,0,0,0,0,0.0,0.0,0,0,0,0,0,0.0,0,0,0,0,0,0.0,0,0,0,0,0.0,0,0,0,0,0,0,0,0,0,0,0,David Edwards,G,OL,"https://static.www.nfl.com/image/upload/f_auto,q_auto/league/bqypawezfqwbjzic4qty",BUF,78.0,308.0,1997-03-20,
00-0035669,0,0,0,0,0,0,0,0,0,0.0,0.0,0,0,0,0,0,0.0,0,0,0,0,0,0.0,0,57,0,0,0.0,1,0,0,0,0,0,0,0,0,0,0,Nick Scott,SAF,DB,"https://static.www.nfl.com/image/upload/f_auto,q_auto/league/cjfueipnys7gl5bby6gc",CAR,71.0,200.0,1995-05-17,
00-0035672,0,0,0,0,0,0,0,0,0,0.0,0.0,0,0,0,0,0,0.0,0,0,0,0,0,0.0,0,33,4,0,1.0,3,1,0,0,0,0,0,0,0,0,0,Cody Barton,LB,LB,"https://static.www.nfl.com/image/upload/f_auto,q_auto/league/wbbjzgrgoi4nbgyqmjcs",TEN,74.0,237.0,1996-11-13,
00-0035674,0,0,0,0,0,0,0,0,0,0.0,0.0,0,0,0,0,0,0.0,0,0,0,0,0,0.0,0,7,2,0,1.5,0,0,0,0,0,0,0,0,0,0,0,Jerry Tillery,DT,DL,"https://static.www.nfl.com/image/upload/f_auto,q_auto/league/hyof95ttrz9czoqaxac7",KC,78.0,295.0,1996-10-08,
00-0035676,0,0,0,0,0,0,0,0,0,0.0,0.0,0,0,0,0,0,0.0,78,121,1003,7,0,33.68347278376969,0,0,0,0,0.0,0,0,0,0,0,0,0,0,0,0,0,A.J. Brown,WR,WR,"https://static.www.nfl.com/image/private/f_auto,q_auto/league/a014sgzctarbvhwb35lw",PHI,73.0,226.0,1997-06-30,
00-0035678,0,0,0,0,0,0,0,0,0,0.0,0.0,0,0,0,0,0,0.0,0,0,0,0,0,0.0,0,18,7,0,7.0,0,0,0,0,0,0,0,0,0,0,0,Dre'Mont Jones,DE,DL,"https://static.www.nfl.com/image/upload/f_auto,q_auto/league/tfkjcyycf2wcwb87ddjw",TEN,75.0,281.0,1997-01-05,
00-0035679,0,0,0,0,0,0,0,0,0,0.0,0.0,0,0,0,0,0,0.0,0,0,0,0,0,0.0,0,0,0,0,0.0,0,0,0,0,0,0,0,0,0,0,0,Connor McGovern,C,OL,"https://static.www.nfl.com/image/upload/f_auto,q_auto/league/ahtkw1j1fygkhnbzv5ax",BUF,78.0,318.0,1997-11-03,
00-0035680,0,0,0,0,0,0,0,0,0,0.0,0.0,0,0,0,0,0,0.0,0,0,0,0,0,0.0,0,40,8,0,3.5,0,0,0,0,0,0,0,0,0,0,0,Quincy Williams,LB,LB,"https://static.www.nfl.com/image/upload/f_auto,q_auto/league/ukxxxlah4iappss0ro9e",NYJ,71.0,230.0,1996-08-28,
00-0035681,0,0,0,0,0,0,0,0,0,0.0,0.0,0,0,0,0,0,0.0,0,0,0,0,0,0.0,0,9,1,0,0.0,0,0,0,0,0,0,0,0,0,0,0,Mike Edwards,SAF,DB,"https://static.www.nfl.com/image/upload/f_auto,q_auto/league/bk3iu3ki1uhkalg3dt28",KC,70.0,205.0,1996-05-18,
00-0035683,0,0,0,0,0,0,0,0,0,0.0,0.0,0,0,0,0,0,0.0,0,0,0,0,0,0.0,0,13,4,0,0.5,1,0,0,0,0,0,0,0,0,0,0,Dexter Lawrence,DT,DL,"https://static.www.nfl.com/image/upload/f_auto,q_auto/league/t204hku4pnzartvixi2m",NYG,76.0,340.0,1997-11-12,
00-0035685,1,2,3,1,0,0,0,0,0,0.9594869051361457,6.891584396362305,0,150,674,8,2,-1.7773104904335923,23,28,179,0,0,2.3708870706062055,0,0,0,0,0.0,0,0,0,0,0,0,0,0,0,0,0,David Montgomery,RB,RB,"https://static.www.nfl.com/image/upload/f_auto,q_auto/league/xeb6fq4zimgkksq7uari",DET,71.0,230.0,1997-06-07,
00-0035687,0,0,0,0,0,0,0,0,0,0.0,0.0,0,0,0,0,0,0.0,0,0,0,0,0,0.0,0,72,2,0,1.0,1,0,0,0,0,0,0,0,0,0,0,Bobby Okereke,ILB,LB,"https://static.www.nfl.com/image/upload/f_auto,q_auto/league/q5gc9nwmikqcyza7m3ku",NYG,73.0,235.0,1996-07-29,
00-0035688,0,0,0,0,0,0,0,0,0,0.0,0.0,0,0,0,0,0,0.0,0,0,0,0,0,0.0,0,0,0,0,0.0,0,0,0,0,0,0,0,0,0,0,0,Trey Pipkins,OT,OL,"https://static.www.nfl.com/image/upload/f_auto,q_auto/league/nhze2mywnxrcmwyck0x4",LAC,78.0,307.0,1996-09-05,
00-0035689,0,0,0,0,0,0,0,0,0,0.0,0.0,0,0,0,0,0,0.0,34,47,393,3,0,14.690405193643643,0,1,0,0,0.0,0,0,0,0,0,0,0,0,0,0,0,Dawson Knox,TE,TE,"https://static.www.nfl.com/image/upload/f_auto,q_auto/league/mswln16dmfhi7m7pzh7q",BUF,76.0,254.0,1996-11-14,
00-0035692,0,0,0,0,0,0,0,0,0,0.0,0.0,0,0,0,0,0,0.0,0,0,0,0,0,0.0,0,11,4,0,4.0,0,0,0,0,0,0,0,0,0,0,0,Clelin Ferrell,DE,DL,"https://static.www.nfl.com/image/upload/f_auto,q_auto/league/rit24n5qbvlrxdv6w9fq",LAC,76.0,265.0,1997-05-17,
00-0035697,0,0,0,0,0,0,0,0,0,0.0,0.0,0,0,0,0,0,0.0,0,0,0,0,0,0.0,0,63,6,1,0.0,1,0,0,0,0,0,0,0,0,0,0,Germaine Pratt,LB,LB,"https://static.www.nfl.com/image/upload/f_auto,q_auto/league/genaletbuldhonkf0zlc",LV,75.0,250.0,1996-05-21,
00-0035698,0,0,0,0,0,0,0,0,0,0.0,0.0,0,0,0,0,0,0.0,0,0,0,0,0,0.0,0,0,0,0,0.0,0,0,0,0,0,0,0,0,0,0,0,Chuma Edoga,OT,OL,"https://static.www.nfl.com/image/upload/f_auto,q_auto/league/cjz3anx4ehf8eny1p11v",JAX,76.0,315.0,1997-05-25,
00-0035699,0,0,0,0,0,0,0,0,0,0.0,0.0,0,0,0,0,0,0.0,0,0,0,0,0,0.0,0,38,1,2,1.0,3,1,0,0,0,0,0,0,0,0,0,Jamel Dean,CB,DB,"https://static.www.nfl.com/image/private/f_auto,q_auto/league/s0k1zs9nyl2cqsjwf5cs",TB,73.0,206.0,1996-10-15,
00-0035700,0,0,0,0,0,0,0,0,0,0.0,0.0,0,234,929,13,3,-14.83599532932669,36,44,282,1,0,11.848035139989577,0,0,0,0,0.0,0,0,0,0,0,0,0,0,0,0,0,Josh Jacobs,RB,RB,"https://static.www.nfl.com/image/upload/f_auto,q_auto/league/drtobqw2mk7yw3edjgwo",GB,70.0,223.0,1998-02-11,
00-0035702,0,0,0,0,0,0,0,0,0,0.0,0.0,0,0,0,0,0,0.0,0,0,0,0,0,0.0,0,1,0,0,0.0,0,0,0,0,0,0,0,0,0,0,0,Dalton Risner,G,OL,"https://static.www.nfl.com/image/upload/f_auto,q_auto/league/zjxm9sjrgpebfesh1b0h",CIN,77.0,312.0,1995-07-13,
00-0035704,2,3,15,0,0,0,0,0,0,-0.8927228087559342,-14.289780457814537,0,6,-5,0,2,-0.9669484701007605,0,0,0,0,0,0.0,0,0,0,0,0.0,0,0,0,0,0,0,0,0,0,0,0,Drew Lock,QB,QB,"https://static.www.nfl.com/image/upload/f_auto,q_auto/league/e0xz0hu8s0lpbwlr0bzj",SEA,76.0,228.0,1996-11-10,
00-0035705,0,0,0,0,0,0,0,0,0,0.0,0.0,0,0,0,0,0,0.0,0,0,0,0,0,0.0,0,50,2,1,1.0,0,0,0,0,0,0,0,0,0,0,0,Jalen Thompson,SAF,DB,"https://static.www.nfl.com/image/upload/f_auto,q_auto/league/gbb1sb2kkjlihuax2cud",ARI,71.0,190.0,1998-07-18,
00-0035707,0,0,0,0,0,0,0,0,0,0.0,0.0,0,0,0,0,0,0.0,0,0,0,0,0,0.0,0,87,10,1,1.0,1,0,0,0,0,0,0,0,0,0,0,Devin White,LB,LB,"https://static.www.nfl.com/image/upload/f_auto,q_auto/league/oqv87a7jn67zgnlplnbp",LV,72.0,252.0,1998-02-17,
00-0035710,261,384,3101,19,8,22,-158,6,3,65.25551499758664,33.84823236658388,1,45,164,5,2,16.176407669045442,0,0,0,0,0,0.0,0,1,0,0,0.0,0,0,0,0,0,0,0,0,0,0,0,Daniel Jones,QB,QB,"https://static.www.nfl.com/image/upload/f_auto,q_auto/league/nhuiypfjzpkisxllinyv",IND,77.0,230.0,1997-05-27,
00-0035713,0,0,0,0,0,0,0,0,0,0.0,0.0,0,0,0,0,0,0.0,0,0,0,0,0,0.0,0,38,21,3,16.5,0,0,0,0,0,0,0,0,0,0,0,Brian Burns,LB,LB,"https://static.www.nfl.com/image/upload/f_auto,q_auto/league/glmrmpqkmsc0jiyicmlg",NYG,77.0,250.0,1998-04-23,
00-0035717,0,0,0,0,0,0,0,0,0,0.0,0.0,0,0,0,0,0,0.0,0,0,0,0,0,0.0,0,9,4,2,2.0,0,0,0,0,0,0,0,0,0,0,0,Nick Bosa,DE,DL,"https://static.www.nfl.com/image/upload/f_auto,q_auto/league/d41bo71xbojqb4picswi",SF,76.0,266.0,1997-10-23,
00-0035718,0,0,0,0,0,0,0,0,0,0.0,0.0,0,0,0,0,0,0.0,0,0,0,0,0,0.0,0,24,9,3,2.5,1,0,0,0,0,0,0,0,0,0,0,Quinnen Williams,DT,DL,"https://static.www.nfl.com/image/upload/f_auto,q_auto/league/iag4dppbwkghvogebnpc",NYJ,75.0,303.0,1997-12-21,
00-0035719,0,0,0,0,0,0,0,0,0,0.0,0.0,0,15,74,1,0,1.2736273473710753,70,94,707,5,1,23.79256813221634,0,3,0,0,0.0,0,0,0,0,0,0,15,452,0,0,0,Deebo Samuel Sr.,WR,WR,"https://static.www.nfl.com/image/upload/f_auto,q_auto/league/ntgyhqg6hq7fanhhsqiw",WAS,72.0,215.0,1996-01-15,
00-0035726,0,0,0,0,0,0,0,0,0,0.0,0.0,0,0,0,0,0,0.0,0,0,0,0,0,0.0,0,1,0,0,0.0,0,0,0,0,0,0,0,0,0,0,0,Jakob Johnson,RB,RB,"https://static.www.nfl.com/image/upload/f_auto,q_auto/league/awuzhbfuubbmxzxxdtsb",HOU,75.0,255.0,1994-12-15,
00-0035743,0,0,0,0,0,0,0,0,0,0.0,0.0,0,0,0,0,0,0.0,0,0,0,0,0,0.0,0,0,0,0,0.0,0,0,0,0,0,0,0,0,0,0,0,Brett Toth,G,OL,"https://static.www.nfl.com/image/upload/f_auto,q_auto/league/zizzehbd7dm27rhfeu0d",PHI,78.0,304.0,1996-09-01,
00-0035757,0,0,0,0,0,0,0,0,0,0.0,0.0,0,0,0,0,0,0.0,0,0,0,0,0,0.0,0,1,0,0,0.0,0,0,0,0,0,0,0,0,0,0,0,Jacob Bobenmoyer,LS,SPEC,"https://static.www.nfl.com/image/upload/f_auto,q_auto/league/cjpwsinxkggwwfhaahga",LV,72.0,235.0,1997-05-28,
00-0035763,0,0,0,0,0,0,0,0,0,0.0,0.0,0,0,0,0,0,0.0,0,0,0,0,0,0.0,0,13,3,0,4.0,0,0,0,0,0,0,0,0,0,0,0,Malcolm Roach,DT,DL,"https://static.www.nfl.com/image/upload/f_auto,q_auto/league/oxcd8veodm7hkiualglu",DEN,75.0,290.0,1998-06-09,
00-0035795,0,0,0,0,0,0,0,0,0,0.0,0.0,0,0,0,0,0,0.0,0,0,0,0,0,0.0,0,12,1,0,0.0,1,0,0,0,0,0,0,0,0,0,0,James Pierre,CB,DB,"https://static.www.nfl.com/image/upload/f_auto,q_auto/league/zasdorlctouussgqzvwm",PIT,74.0,185.0,1996-09-16,
00-0035821,0,0,0,0,0,0,0,0,0,0.0,0.0,0,0,0,0,0,0.0,0,0,0,0,0,0.0,0,0,0,0,0.0,0,0,0,0,0,0,0,0,0,0,0,Corliss Waitman,P,SPEC,"https://static.www.nfl.com/image/upload/f_auto,q_auto/league/ob1q154g57ksxc5iskbw",PIT,74.0,210.0,1995-07-21,
00-0035827,0,0,0,0,0,0,0,0,0,0.0,0.0,0,0,0,0,0,0.0,0,0,0,0,0,0.0,0,2,0,0,0.0,0,0,0,0,0,0,0,0,0,0,0,Ross Matiscik,LS,SPEC,"https://static.www.nfl.com/image/upload/f_auto,q_auto/league/peerx3z23y51k34wfqps",JAX,72.0,240.0,1996-09-13,
00-0035841,0,0,0,0,0,0,0,0,0,0.0,0.0,0,0,0,0,0,0.0,0,0,0,0,0,0.0,0,5,2,0,1.0,0,0,0,0,0,0,0,0,0,0,0,Benito Jones,DT,DL,"https://static.www.nfl.com/image/upload/f_auto,q_auto/league/mjruxqws2pnnpe4e0u2r",MIA,73.0,335.0,1997-11-27,
00-0035857,0,0,0,0,0,0,0,0,0,0.0,0.0,0,0,0,0,0,0.0,0,0,0,0,0,0.0,0,5,1,0,1.0,0,0,0,0,0,0,0,0,0,0,0,Chris Williams,DL,DL,"https://static.www.nfl.com/image/upload/f_auto,q_auto/league/bbjvbvpdww9kquh969zh",CHI,74.0,298.0,1998-06-16,
00-0035859,0,0,0,0,0,0,0,0,0,0.0,0.0,0,0,0,0,0,0.0,0,0,0,0,0,0.0,0,0,0,0,0.0,0,0,0,0,0,0,0,0,0,0,0,Blake Gillikin,P,SPEC,"https://static.www.nfl.com/image/upload/f_auto,q_auto/league/idkikmdoy9mz7fw2dgl0",ARI,74.0,196.0,1998-01-21,
00-0035876,0,0,0,0,0,0,0,0,0,0.0,0.0,0,0,0,0,0,0.0,2,4,8,0,0,-1.8098246662411839,0,0,0,0,0.0,0,0,0,0,0,0,9,236,0,0,0,Andre Baccellia,WR,WR,"https://static.www.nfl.com/image/upload/f_auto,q_auto/league/uaqykjil87rj71rkyz70",ARI,70.0,175.0,1997-01-07,
00-0035889,0,0,0,0,0,0,0,0,0,0.0,0.0,0,0,0,0,0,0.0,0,0,0,0,0,0.0,0,0,0,0,0.0,0,0,0,0,0,0,0,0,0,0,0,Tommy Townsend,P,SPEC,"https://static.www.nfl.com/image/upload/f_auto,q_auto/league/ct2iphnvz4vl1tdy5wym",HOU,73.0,191.0,1996-11-12,
00-0035890,0,0,0,0,0,0,0,0,0,0.0,0.0,0,0,0,0,0,0.0,0,0,0,0,0,0.0,0,10,2,0,2.0,0,0,0,0,0,0,0,0,0,0,0,Tershawn Wharton,DE,DL,"https://static.www.nfl.com/image/upload/f_auto,q_auto/league/mj9xqaj2jvv5unjgxomd",CAR,73.0,280.0,1998-06-25,
00-0035891,0,0,0,0,0,0,0,0,0,0.0,0.0,0,0,0,0,0,0.0,3,4,90,1,0,4.8423199583776295,0,5,0,0,0.0,0,0,0,0,0,0,4,106,0,0,0,Cody White,WR,WR,"https://static.www.nfl.com/image/upload/f_auto,q_auto/league/tt9wl5yecg6zcnfnledb",SEA,75.0,227.0,1998-11-28,
00-0035895,0,0,0,0,0,0,0,0,0,0.0,0.0,0,0,0,0,0,0.0,0,0,0,0,0,0.0,0,12,0,0,0.0,0,0,0,0,0,0,0,0,0,0,0,Joe Bachie,LB,LB,"https://static.www.nfl.com/image/upload/f_auto,q_auto/league/jystq5jdj84wi0pwqzbi",IND,74.0,235.0,1998-02-26,
00-0035900,0,0,0,0,0,0,0,0,0,0.0,0.0,0,0,0,0,0,0.0,0,0,0,0,0,0.0,0,0,0,0,0.0,0,0,0,0,0,0,0,0,0,0,0,Cole Christiansen,LB,LB,"https://static.www.nfl.com/image/upload/f_auto,q_auto/league/nrj9fpwkb4zt9jh2yjp9",KC,73.0,230.0,1997-07-30,
00-0035933,0,0,0,0,0,0,0,0,0,0.0,0.0,0,0,0,0,0,0.0,0,0,0,0,0,0.0,0,2,1,1,2.0,0,0,0,0,0,0,0,0,0,0,0,Michael Hoecht,LB,LB,"https://static.www.nfl.com/image/upload/f_auto,q_auto/league/zpg40jv0kwikhxtmcfsi",BUF,76.0,267.0,1997-10-05,
00-0035942,0,0,0,0,0,0,0,0,0,0.0,0.0,0,0,0,0,0,0.0,0,0,0,0,0,0.0,0,50,7,1,2.0,0,0,0,0,0,0,0,0,0,0,0,Christian Rozeboom,LB,LB,"https://static.www.nfl.com/image/upload/f_auto,q_auto/league/kobbnik0wg5amqr1imnr",CAR,74.0,230.0,1997-01-30,
00-0035944,0,0,0,0,0,0,0,0,0,0.0,0.0,0,0,0,0,0,0.0,0,0,0,0,0,0.0,0,6,4,0,3.0,0,0,0,0,0,0,0,0,0,0,0,Jonah Williams,DE,DL,"https://static.www.nfl.com/image/upload/f_auto,q_auto/league/d5yxodbic254mvmcqvel",NO,77.0,275.0,1995-08-17,
00-0035956,0,0,0,0,0,0,0,0,0,0.0,0.0,0,0,0,0,0,0.0,0,1,0,0,0,-0.901857088902034,0,0,0,0,0.0,0,0,0,0,0,0,0,0,0,0,0,Giovanni Ricci,TE,TE,"https://static.www.nfl.com/image/upload/f_auto,q_auto/league/irj1ejjmt0nvi1hlscr7",DET,75.0,240.0,1996-10-16,
00-0035961,0,0,0,0,0,0,0,0,0,0.0,0.0,0,0,0,0,0,0.0,0,0,0,0,0,0.0,0,4,0,0,0.0,0,0,0,0,0,0,0,0,0,0,0,Krys Barnes,LB,LB,"https://static.www.nfl.com/image/upload/f_auto,q_auto/league/xgq5wwfuk5s2frsx0ha0",CAR,74.0,229.0,1998-04-02,
00-0035993,52,67,426,2,0,8,-38,0,0,5.65948320099755,57.3265730798036,0,24,151,0,0,10.847624528454617,0,0,0,0,0,0.0,0,0,0,0,0.0,0,0,0,0,0,0,0,0,0,0,0,Tyler Huntley,QB,QB,"https://static.www.nfl.com/image/upload/f_auto,q_auto/league/zqrzxwprqfsh4t4aa8lk",BAL,73.0,204.0,1998-02-03,
00-0036036,0,0,0,0,0,0,0,0,0,0.0,0.0,0,0,0,0,0,0.0,0,0,0,0,0,0.0,0,0,0,0,0.0,0,0,0,0,0,0,0,0,0,0,0,Terence Steele,OT,OL,"https://static.www.nfl.com/image/upload/f_auto,q_auto/league/ezmoh6joqsserp3ogcqc",DAL,78.0,310.0,1997-06-04,
00-0036037,0,0,0,0,0,0,0,0,0,0.0,0.0,0,0,0,0,0,0.0,0,0,0,0,0,0.0,0,8,0,0,0.0,0,0,0,0,0,0,0,0,0,0,0,Sam Franklin Jr.,SAF,DB,"https://static.www.nfl.com/image/upload/f_auto,q_auto/league/djoisg0rjwm8t8dlskvn",BUF,75.0,210.0,1996-02-02,
00-0036040,0,0,0,0,0,0,0,0,0,0.0,0.0,0,0,0,0,0,0.0,74,97,828,3,1,33.93951316632831,0,0,0,0,0.0,0,0,0,0,0,0,0,0,0,0,0,Juwan Johnson,TE,TE,"https://static.www.nfl.com/image/upload/f_auto,q_auto/league/wuyyzdqkh5fve8t7kfuv",NO,76.0,231.0,1996-09-13,
00-0036081,0,0,0,0,0,0,0,0,0,0.0,0.0,0,0,0,0,0,0.0,0,0,0,0,0,0.0,0,1,0,0,0.0,0,0,0,0,0,0,0,0,0,0,0,Broderick Washington,DT,DL,"https://static.www.nfl.com/image/upload/f_auto,q_auto/league/p5tkzkh6v2hda70lwojk",BAL,74.0,314.0,1996-12-04,
00-0036082,0,0,0,0,0,0,0,0,0,0.0,0.0,0,0,0,0,0,0.0,0,0,0,0,0,0.0,0,0,0,0,0.0,0,0,0,0,0,0,0,0,0,0,0,Liam McCullough,LS,SPEC,"https://static.www.nfl.com/image/upload/f_auto,q_auto/league/ahq1mizgl4hoqdfuytlu",ATL,74.0,245.0,1997-06-05,
00-0036087,0,0,0,0,0,0,0,0,0,0.0,0.0,0,0,0,0,0,0.0,0,0,0,0,0,0.0,0,18,1,0,0.0,0,0,0,0,0,0,0,0,0,0,0,Myles Bryant,CB,DB,"https://static.www.nfl.com/image/upload/f_auto,q_auto/league/mslszzwcbmt6hafvvu7r",HOU,69.0,192.0,1998-01-02,
00-0036114,0,0,0,0,0,0,0,0,0,0.0,0.0,0,0,0,0,0,0.0,0,0,0,0,0,0.0,0,1,0,0,0.0,0,0,0,0,0,0,0,0,0,0,0,A.J. Green,CB,DB,"https://static.www.nfl.com/image/upload/f_auto,q_auto/league/lacmlfcdn7rcfdxkfkfp",MIA,74.0,198.0,1998-06-09,
00-0036123,0,0,0,0,0,0,0,0,0,0.0,0.0,0,0,0,0,0,0.0,0,0,0,0,0,0.0,0,0,0,0,0.0,0,0,0,0,0,0,0,0,0,0,0,Brandon Walton,OT,OL,"https://static.www.nfl.com/image/upload/f_auto,q_auto/league/lc7g4r7lftzp99vwtvqv",CAR,77.0,300.0,1998-03-18,
00-0036124,0,0,0,0,0,0,0,0,0,0.0,0.0,0,0,0,0,0,0.0,0,0,0,0,0,0.0,0,6,0,0,0.0,0,0,0,0,0,0,0,0,0,0,0,Khalil Dorsey,CB,DB,"https://static.www.nfl.com/image/upload/f_auto,q_auto/league/wmeizkmh4vdsbkf4uclw",DET,68.0,188.0,1998-03-31,
00-0036130,0,0,0,0,0,0,0,0,0,0.0,0.0,0,0,0,0,0,0.0,0,0,0,0,0,0.0,0,5,2,0,2.0,0,0,0,0,0,0,0,0,0,0,0,Nnamdi Madubuike,DT,DL,"https://static.www.nfl.com/image/upload/f_auto,q_auto/league/zvqf4b2ks5pwfkzynt5d",BAL,75.0,305.0,1997-11-17,
00-0036132,0,0,0,0,0,0,0,0,0,0.0,0.0,0,0,0,0,0,0.0,0,0,0,0,0,0.0,0,0,0,0,0.0,0,0,0,0,0,0,0,0,0,0,0,Ben Bredeson,G,OL,"https://static.www.nfl.com/image/upload/f_auto,q_auto/league/i5wt8frcymm1gjbwhlzy",TB,77.0,315.0,1998-02-20,
00-0036133,0,0,0,0,0,0,0,0,0,0.0,0.0,0,0,0,0,0,0.0,5,11,60,0,0,1.802333912171889,0,0,0,0,0.0,0,0,0,0,0,0,0,0,0,0,0,James Proche,WR,WR,"https://static.www.nfl.com/image/upload/f_auto,q_auto/league/s1jyxzrzgn2od1sempye",TEN,71.0,193.0,1996-09-20,
00-0036139,0,0,0,0,0,0,0,0,0,0.0,0.0,0,229,1066,6,0,4.7871080525490575,37,48,277,1,0,-1.793824101756792,0,3,0,0,0.0,0,0,0,0,0,0,8,197,0,0,0,Rico Dowdle,RB,RB,"https://static.www.nfl.com/image/upload/f_auto,q_auto/league/cvnrzndsiaojvvxz8vo5",CAR,72.0,215.0,1998-06-14,
00-0036151,0,0,0,0,0,0,0,0,0,0.0,0.0,0,0,0,0,0,0.0,0,0,0,0,0,0.0,0,13,6,2,4.0,0,0,0,0,0,0,0,0,0,0,0,Bryce Huff,DE,DL,"https://static.www.nfl.com/image/upload/f_auto,q_auto/league/pminx3vvyt9laihkxk55",SF,75.0,255.0,1998-04-17,
00-0036157,0,0,0,0,0,0,0,0,0,0.0,0.0,0,0,0,0,0,0.0,0,0,0,0,0,0.0,0,0,0,0,0.0,0,0,0,0,0,0,0,0,0,0,0,Kristian Welch,LB,LB,"https://static.www.nfl.com/image/upload/f_auto,q_auto/league/ctdrib67gqytr9v2bnpn",GB,75.0,240.0,1998-05-24,
00-0036158,0,0,0,0,0,0,0,0,0,0.0,0.0,0,153,772,4,0,4.184236817905912,11,14,37,0,0,-4.985711282643024,0,0,0,0,0.0,0,0,0,0,0,0,0,0,0,0,0,J.K. Dobbins,RB,RB,"https://static.www.nfl.com/image/upload/f_auto,q_auto/league/cevotvl3ho5h1mioruyg",DEN,70.0,212.0,1998-12-17,
00-0036159,0,0,0,0,0,0,0,0,0,0.0,0.0,0,0,0,0,0,0.0,0,0,0,0,0,0.0,0,10,2,0,1.0,0,0,0,0,0,0,0,0,0,0,0,Joshua Uche,LB,LB,"https://static.www.nfl.com/image/upload/f_auto,q_auto/league/t7ahfah5ks9tispkebd5",PHI,75.0,226.0,1998-09-18,
00-0036165,0,0,0,0,0,0,0,0,0,0.0,0.0,0,0,0,0,0,0.0,10,17,115,1,0,7.707453505659942,0,0,0,0,0.0,0,0,0,0,0,0,0,0,0,0,0,Isaiah Hodgins,WR,WR,"https://static.www.nfl.com/image/upload/f_auto,q_auto/league/d6ezyptfnmmxgm8rykf4",NYG,75.0,201.0,1998-10-21,
00-0036166,0,0,0,0,0,0,0,0,0,0.0,0.0,0,0,0,0,0,0.0,0,0,0,0,0,0.0,0,0,0,0,0.0,0,0,0,0,0,0,0,0,0,0,0,Dane Jackson,CB,DB,"https://static.www.nfl.com/image/upload/f_auto,q_auto/league/pd5hj8idoykjrnwurduz",BUF,71.0,180.0,1996-11-29,
00-0036171,0,0,0,0,0,0,0,0,0,0.0,0.0,0,0,0,0,0,0.0,0,0,0,0,0,0.0,0,1,0,0,0.0,0,0,0,0,0,0,0,0,0,0,0,Aaron Brewer,C,OL,"https://static.www.nfl.com/image/upload/f_auto,q_auto/league/acczyg9uo4jbervsjb4o",MIA,73.0,295.0,1997-10-28,
00-0036176,0,0,0,0,0,0,0,0,0,0.0,0.0,0,0,0,0,0,0.0,2,4,48,0,0,3.3984646108583547,0,2,0,0,0.0,0,0,0,0,1,1,0,0,0,0,0,Mason Kinsey,WR,WR,"https://static.www.nfl.com/image/upload/f_auto,q_auto/league/hbslm9pimpxgoeti32jf",TEN,71.0,200.0,1998-08-29,
00-0036181,0,0,0,0,0,0,0,0,0,0.0,0.0,0,0,0,0,0,0.0,0,0,0,0,0,0.0,0,21,4,1,0.0,0,0,0,0,0,0,0,0,0,0,0,Teair Tart,DT,DL,"https://static.www.nfl.com/image/upload/f_auto,q_auto/league/arx3xgdgct71ljt18bqa",LAC,74.0,315.0,1997-02-28,
00-0036182,0,0,0,0,0,0,0,0,0,0.0,0.0,0,0,0,0,0,0.0,11,20,89,0,0,1.1621395405381918,0,5,0,0,0.0,0,0,0,0,0,0,0,0,0,0,0,Nick Westbrook-Ikhine,WR,WR,"https://static.www.nfl.com/image/upload/f_auto,q_auto/league/plgwfjcbl5quoi2jrass",MIA,74.0,211.0,1997-03-21,
00-0036187,0,0,0,0,0,0,0,0,0,0.0,0.0,0,0,0,0,0,0.0,1,1,2,0,0,-1.3782087681610138,0,6,0,0,0.0,0,0,0,0,0,0,0,0,0,0,0,Reggie Gilliam,FB,RB,"https://static.www.nfl.com/image/upload/f_auto,q_auto/league/nizwldzesen1vg31inu1",BUF,72.0,244.0,1997-08-20,
00-0036192,0,0,0,0,0,0,0,0,0,0.0,0.0,0,0,0,0,0,0.0,0,0,0,0,0,0.0,0,15,2,0,2.5,2,0,0,0,0,0,0,0,0,0,0,A.J. Epenesa,DE,DL,"https://static.www.nfl.com/image/upload/f_auto,q_auto/league/t85moy0mhdu6pzxwzgxt",BUF,78.0,260.0,1998-09-15,
00-0036193,0,0,0,0,0,0,0,0,0,0.0,0.0,0,0,0,0,0,0.0,0,0,0,0,0,0.0,0,11,3,0,2.0,0,0,0,0,0,0,0,0,0,0,0,Anfernee Jennings,LB,LB,"https://static.www.nfl.com/image/upload/f_auto,q_auto/league/dzstvcdjsmn7imc1eabs",NE,75.0,255.0,1997-05-01,
00-0036195,0,0,0,0,0,0,0,0,0,0.0,0.0,0,0,0,0,0,0.0,0,0,0,0,0,0.0,0,0,0,0,0.0,0,0,0,0,0,0,0,0,0,0,0,Charlie Heck,OT,OL,"https://static.www.nfl.com/image/upload/f_auto,q_auto/league/yfjfvnswxtkpiqqv3b16",TB,80.0,311.0,1996-11-20,
00-0036196,0,0,0,0,0,0,0,0,0,0.0,0.0,0,0,0,0,0,0.0,7,11,88,0,0,4.880411327001639,0,1,0,0,0.0,0,0,0,0,0,0,0,0,0,0,0,Gabe Davis,WR,WR,"https://static.www.nfl.com/image/upload/f_auto,q_auto/league/rlmgjtfct5qjtbwcjqg6",BUF,74.0,225.0,1999-03-01,
00-0036198,0,0,0,0,0,0,0,0,0,0.0,0.0,0,0,0,0,0,0.0,0,0,0,0,0,0.0,0,1,0,0,0.0,0,0,0,0,0,0,0,0,0,0,0,Mike Onwenu,G,OL,"https://static.www.nfl.com/image/upload/f_auto,q_auto/league/l8gnydhcpahpd20mqqlh",NE,75.0,350.0,1997-12-10,
00-0036199,0,0,0,0,0,0,0,0,0,0.0,0.0,0,0,0,0,0,0.0,0,0,0,0,0,0.0,0,62,4,0,2.0,2,1,0,0,0,0,0,0,0,0,0,Geno Stone,SAF,DB,"https://static.www.nfl.com/image/upload/f_auto,q_auto/league/upbrq8aqe7yff3pn8a69",CIN,71.0,209.0,1999-04-19,
00-0036204,0,0,0,0,0,0,0,0,0,0.0,0.0,0,0,0,0,0,0.0,0,0,0,0,0,0.0,0,16,6,1,4.0,0,0,0,0,0,0,0,0,0,0,0,LaCale London,DT,DL,"https://static.www.nfl.com/image/upload/f_auto,q_auto/league/cbkqmopy7d6b20m7nu2d",ATL,75.0,297.0,1997-08-05,
00-0036212,260,384,2660,20,15,30,-195,1,1,14.395063419654825,19.102607046122788,1,20,43,0,5,-7.469986862808041,0,0,0,0,0,0.0,0,0,0,0,0.0,0,0,0,0,0,0,0,0,0,0,0,Tua Tagovailoa,QB,QB,"https://static.www.nfl.com/image/upload/f_auto,q_auto/league/ktqj3s5vofexl2dwrrp4",MIA,73.0,225.0,1998-03-02,
00-0036215,0,0,0,0,0,0,0,0,0,0.0,0.0,0,0,0,0,0,0.0,0,0,0,0,0,0.0,0,0,0,0,0.0,0,0,0,0,0,0,0,0,0,0,0,Danny Pinter,C,OL,"https://static.www.nfl.com/image/upload/f_auto,q_auto/league/g27drkb8qnnkixez0wbl",IND,76.0,301.0,1996-06-19,
00-0036220,0,0,0,0,0,0,0,0,0,0.0,0.0,0,0,0,0,0,0.0,0,0,0,0,0,0.0,0,27,5,1,5.0,0,0,0,0,0,0,0,0,0,0,0,Derrick Brown,DE,DL,"https://static.www.nfl.com/image/upload/f_auto,q_auto/league/nneryzn7ehs21yeed5ny",CAR,77.0,320.0,1998-04-15,
00-0036221,0,0,0,0,0,0,0,0,0,0.0,0.0,0,0,0,0,0,0.0,0,0,0,0,0,0.0,0,42,0,0,0.5,1,0,0,0,0,0,0,0,0,0,0,Brandon Jones,SAF,DB,"https://static.www.nfl.com/image/upload/f_auto,q_auto/league/qcgihmzgbq4osnqywbng",DEN,73.0,191.0,1998-04-02,
00-0036222,0,0,0,0,0,0,0,0,0,0.0,0.0,0,0,0,0,0,0.0,0,0,0,0,0,0.0,0,44,4,2,0.0,1,1,0,0,0,0,0,0,0,0,0,Isaiah Rodgers,CB,DB,"https://static.www.nfl.com/image/upload/f_auto,q_auto/league/uekaq7hovbb6iz95phej",MIN,70.0,180.0,1998-01-07,
00-0036223,0,0,0,0,0,0,0,0,0,0.0,0.0,0,309,1559,18,1,23.09494601437402,44,53,365,2,1,8.259270068156301,0,1,0,0,0.0,0,0,0,0,0,0,0,0,0,0,0,Jonathan Taylor,RB,RB,"https://static.www.nfl.com/image/upload/f_auto,q_auto/league/uwmnrhwtwug0wrgkomjk",IND,70.0,226.0,1999-01-19,
00-0036224,0,0,0,0,0,0,0,0,0,0.0,0.0,0,0,0,0,0,0.0,0,0,0,0,0,0.0,0,17,10,1,3.0,0,0,0,0,0,0,0,0,0,0,0,Jonathan Greenard,LB,LB,"https://static.www.nfl.com/image/upload/f_auto,q_auto/league/z49ugsnmbfkldervsiws",MIN,75.0,259.0,1997-05-25,
00-0036231,0,0,0,0,0,0,0,0,0,0.0,0.0,0,0,0,0,0,0.0,0,0,0,0,0,0.0,0,29,2,0,1.0,2,1,0,1,0,0,0,0,0,0,0,Kyle Dugger,SAF,DB,"https://static.www.nfl.com/image/upload/f_auto,q_auto/league/jqbpdmdm5kvw8qq6qeoe",NE,73.0,216.0,1996-03-22,
00-0036232,0,0,0,0,0,0,0,0,0,0.0,0.0,0,0,0,0,0,0.0,2,6,7,0,0,-3.335865856264718,0,1,0,0,0.0,0,0,0,0,0,0,0,0,0,0,0,Harrison Bryant,TE,TE,"https://static.www.nfl.com/image/upload/f_auto,q_auto/league/gmguayurr96nolimwmyn",HOU,77.0,230.0,1998-04-23,
00-0036237,0,0,0,0,0,0,0,0,0,0.0,0.0,0,0,0,0,0,0.0,0,0,0,0,0,0.0,0,2,2,0,2.0,0,0,0,0,0,0,0,0,0,0,0,Larrell Murchison,DE,DL,"https://static.www.nfl.com/image/upload/f_auto,q_auto/league/b0h5qpz02cuycf85isw4",LA,74.0,285.0,1997-04-24,
00-0036244,0,0,0,0,0,0,0,0,0,0.0,0.0,0,0,0,0,0,0.0,39,49,372,6,1,10.303428516833069,0,1,0,0,0.0,0,0,0,0,0,0,0,0,0,0,0,Colby Parkinson,TE,TE,"https://static.www.nfl.com/image/upload/f_auto,q_auto/league/b1qzivnz0zqa8cjgah8r",LA,79.0,265.0,1999-01-07,
00-0036246,0,0,0,0,0,0,0,0,0,0.0,0.0,0,0,0,0,0,0.0,0,0,0,0,0,0.0,0,0,0,0,0.0,0,0,0,0,0,0,0,0,0,0,0,Jon Runyan,G,OL,"https://static.www.nfl.com/image/upload/f_auto,q_auto/league/kauh0olqkhebxe8gf1if",NYG,76.0,307.0,1997-08-08,
00-0036248,0,0,0,0,0,0,0,0,0,0.0,0.0,0,0,0,0,0,0.0,0,0,0,0,0,0.0,0,0,0,0,0.0,0,0,0,0,0,0,0,0,0,0,0,Austin Jackson,OT,OL,"https://static.www.nfl.com/image/upload/f_auto,q_auto/league/rc3dp8zdfrgfxxfij96t",MIA,77.0,310.0,1999-08-11,
00-0036252,0,0,0,0,0,0,0,0,0,0.0,0.0,0,0,0,0,0,0.0,78,107,773,7,0,23.88662726463272,0,1,0,0,0.0,0,0,0,0,0,0,0,0,0,0,0,Michael Pittman,WR,WR,"https://static.www.nfl.com/image/upload/f_auto,q_auto/league/z78xpye9hing1e7wke8b",IND,76.0,223.0,1997-10-05,
00-0036253,0,0,0,0,0,0,0,0,0,0.0,0.0,0,0,0,0,0,0.0,0,0,0,0,0,0.0,0,4,0,0,0.0,0,0,0,0,0,0,0,0,0,0,0,Julian Blackmon,SAF,DB,"https://static.www.nfl.com/image/upload/f_auto,q_auto/league/n0wfy5rqjhlshhn0kaqk",NO,72.0,202.0,1998-08-24,
00-0036256,0,0,0,0,0,0,0,0,0,0.0,0.0,0,0,0,0,0,0.0,0,0,0,0,0,0.0,0,2,0,0,0.0,0,0,0,0,0,0,0,0,0,0,0,Colton McKivitz,OT,OL,"https://static.www.nfl.com/image/upload/f_auto,q_auto/league/ljxuxdusiz3j2raspwst",SF,78.0,301.0,1996-08-09,
00-0036258,0,0,0,0,0,0,0,0,0,0.0,0.0,0,0,0,0,0,0.0,0,0,0,0,0,0.0,0,1,0,0,0.0,0,0,0,0,0,0,0,0,0,0,0,Jonah Jackson,G,OL,"https://static.www.nfl.com/image/upload/f_auto,q_auto/league/wm6av5ujifr8uvmdykj7",CHI,75.0,319.0,1997-02-05,
00-0036259,0,0,0,0,0,0,0,0,0,0.0,0.0,0,0,0,0,0,0.0,51,84,608,9,1,-0.9945128709384399,0,1,0,0,0.0,0,0,0,0,0,0,0,0,0,0,0,Jauan Jennings,WR,WR,"https://static.www.nfl.com/image/upload/f_auto,q_auto/league/cdx9mq3iglzog9mkqvdr",SF,75.0,212.0,1997-07-10,
00-0036260,0,0,0,0,0,0,0,0,0,0.0,0.0,0,0,0,0,0,0.0,0,0,0,0,0,0.0,0,22,4,1,0.0,0,0,0,0,0,0,0,0,0,0,0,Javon Kinlaw,DT,DL,"https://static.www.nfl.com/image/upload/f_auto,q_auto/league/lxyzkmqmy5sgrjktwq80",WAS,77.0,319.0,1997-10-03,
00-0036262,0,0,0,0,0,0,0,0,0,0.0,0.0,0,0,0,0,0,0.0,0,0,0,0,0,0.0,0,11,3,0,1.0,0,0,0,0,0,0,0,0,0,0,0,DaVon Hamilton,DT,DL,"https://static.www.nfl.com/image/upload/f_auto,q_auto/league/ncq2nx5rlstdnbaokw76",JAX,76.0,335.0,1997-02-01,
00-0036264,291,439,3381,23,6,21,-169,2,2,110.6112878329032,75.74248692081402,2,47,199,0,3,12.338995846435107,0,0,0,0,0,0.0,0,1,0,0,0.0,0,0,0,0,0,0,0,0,0,0,0,Jordan Love,QB,QB,"https://static.www.nfl.com/image/upload/f_auto,q_auto/league/uneiwen9drvci9ahuebp",GB,76.0,219.0,1998-11-02,
00-0036265,0,0,0,0,0,0,0,0,0,0.0,0.0,0,12,60,0,0,-0.1724936716491357,2,2,18,0,1,-4.046990365139209,0,1,0,0,0.0,0,0,0,0,0,0,2,25,0,0,0,AJ Dillon,RB,RB,"https://static.www.nfl.com/image/upload/f_auto,q_auto/league/nknt5pckn5mzq9ll660i",PHI,72.0,247.0,1998-05-02,
00-0036266,0,0,0,0,0,0,0,0,0,0.0,0.0,0,0,0,0,0,0.0,0,0,0,0,0,0.0,0,7,1,0,0.0,0,0,0,0,0,0,0,0,0,0,0,Jordan Elliott,DT,DL,"https://static.www.nfl.com/image/upload/f_auto,q_auto/league/vkl6igrusm0srrkge1d9",SF,76.0,302.0,1997-11-23,
00-0036274,0,0,0,0,0,0,0,0,0,0.0,0.0,0,0,0,0,0,0.0,0,0,0,0,0,0.0,0,12,0,0,0.0,0,0,0,0,0,0,0,0,0,0,0,Jeff Okudah,CB,DB,"https://static.www.nfl.com/image/upload/f_auto,q_auto/league/spqqvbna344r34sgvpdk",MIN,73.0,205.0,1999-02-02,
00-0036275,0,0,0,0,0,0,0,0,0,0.0,0.0,0,213,1047,9,2,14.475510143931627,33,46,291,1,0,-0.42163260702487404,0,0,0,0,0.0,0,0,0,0,0,0,0,0,0,0,0,D'Andre Swift,RB,RB,"https://static.www.nfl.com/image/upload/f_auto,q_auto/league/owpmwzoilitcodc6cmxo",CHI,68.0,204.0,1999-01-14,
00-0036280,0,0,0,0,0,0,0,0,0,0.0,0.0,0,0,0,0,0,0.0,0,0,0,0,0,0.0,0,21,2,0,0.0,0,0,0,0,0,0,0,0,0,0,0,Malik Harrison,LB,LB,"https://static.www.nfl.com/image/upload/f_auto,q_auto/league/d6ttadigndjeor6gwc8m",PIT,75.0,247.0,1998-03-05,
00-0036281,0,0,0,0,0,0,0,0,0,0.0,0.0,0,0,0,0,0,0.0,0,0,0,0,0,0.0,0,5,0,0,0.0,1,0,0,0,0,0,0,0,0,0,0,C.J. Henderson,CB,DB,"https://static.www.nfl.com/image/upload/f_auto,q_auto/league/tna89m19aol0bnfhugay",ATL,73.0,204.0,1998-09-30,
00-0036282,0,0,0,0,0,0,0,0,0,0.0,0.0,0,0,0,0,0,0.0,0,0,0,0,0,0.0,0,40,3,2,2.0,1,0,0,0,0,0,0,0,0,0,0,Grant Delpit,SAF,DB,"https://static.www.nfl.com/image/upload/f_auto,q_auto/league/vfp5ffmtbfgobosxlxjj",CLE,75.0,208.0,1998-09-20,
00-0036284,0,0,0,0,0,0,0,0,0,0.0,0.0,0,0,0,0,0,0.0,0,0,0,0,0,0.0,0,0,0,0,0.0,0,0,0,0,0,0,0,0,0,0,0,Mekhi Becton,G,OL,"https://static.www.nfl.com/image/upload/f_auto,q_auto/league/y8g95wptr3ozqhtj6urd",LAC,79.0,363.0,1999-04-18,
00-0036285,0,0,0,0,0,0,0,0,0,0.0,0.0,0,0,0,0,0,0.0,0,0,0,0,0,0.0,0,46,1,1,0.0,0,0,0,0,0,0,0,0,0,0,0,A.J. Terrell,CB,DB,"https://static.www.nfl.com/image/upload/f_auto,q_auto/league/etcev3yjoqtp5tay2ndo",ATL,73.0,200.0,1998-09-23,
00-0036286,0,0,0,0,0,0,0,0,0,0.0,0.0,0,0,0,0,0,0.0,0,0,0,0,0,0.0,0,17,9,2,6.5,0,0,0,0,0,0,0,0,0,0,0,K'Lavon Chaisson,LB,LB,"https://static.www.nfl.com/image/upload/f_auto,q_auto/league/gc9qqj4piwlwse4spobk",NE,75.0,255.0,1999-07-25,
00-0036287,0,0,0,0,0,0,0,0,0,0.0,0.0,0,0,0,0,0,0.0,0,0,0,0,0,0.0,0,20,1,0,0.0,0,0,0,0,0,0,7,191,0,0,0,Noah Igbinoghene,CB,DB,"https://static.www.nfl.com/image/upload/f_auto,q_auto/league/hyu05mp0m5bstdoi0wdx",WAS,71.0,197.0,1999-11-27,
00-0036288,0,0,0,0,0,0,0,0,0,0.0,0.0,0,0,0,0,0,0.0,0,0,0,0,0,0.0,0,1,0,0,0.0,0,0,0,0,0,0,0,0,0,0,0,Yetur Gross-Matos,DE,DL,"https://static.www.nfl.com/image/upload/f_auto,q_auto/league/w1xhz0qsd0rr5hczbpb8",SF,77.0,265.0,1998-02-26,
00-0036290,0,1,0,0,0,0,0,0,0,-0.4927360210567713,-63.29410672187805,0,0,0,0,0,0.0,28,45,331,2,0,11.303295376244932,0,0,0,0,0.0,0,0,0,0,0,0,0,0,0,0,0,Cole Kmet,TE,TE,"https://static.www.nfl.com/image/upload/f_auto,q_auto/league/ysnui8mzlu2fo70ub0yt",CHI,78.0,257.0,1999-03-10,
00-0036291,0,0,0,0,0,0,0,0,0,0.0,0.0,0,0,0,0,0,0.0,0,0,0,0,0,0.0,0,0,0,0,0.0,0,0,0,0,0,0,0,0,0,0,0,Marlon Davidson,DE,DL,"https://static.www.nfl.com/image/upload/f_auto,q_auto/league/zxqpom7rcenoibhktkyh",HOU,75.0,303.0,1998-05-11,
00-0036292,0,0,0,0,0,0,0,0,0,0.0,0.0,0,0,0,0,0,0.0,0,0,0,0,0,0.0,0,9,0,0,0.0,1,0,0,0,0,0,0,0,0,0,0,Jaylon Johnson,CB,DB,"https://static.www.nfl.com/image/upload/f_auto,q_auto/league/mee0icza276avcisghdk",CHI,72.0,195.0,1999-04-19,
00-0036293,0,0,0,0,0,0,0,0,0,0.0,0.0,0,0,0,0,0,0.0,0,0,0,0,0,0.0,0,64,3,2,1.0,0,0,0,0,0,0,0,0,0,0,0,Jeremy Chinn,SAF,DB,"https://static.www.nfl.com/image/upload/f_auto,q_auto/league/qdvollzto5i4xs6q9gov",LV,75.0,220.0,1998-02-26,
00-0036294,0,0,0,0,0,0,0,0,0,0.0,0.0,0,0,0,0,0,0.0,0,0,0,0,0,0.0,0,30,0,0,0.0,0,0,0,0,0,0,0,0,0,0,0,Logan Wilson,LB,LB,"https://static.www.nfl.com/image/upload/f_auto,q_auto/league/yricskcpoyoucmgfauek",CIN,74.0,245.0,1996-07-08,
00-0036298,0,0,0,0,0,0,0,0,0,0.0,0.0,0,0,0,0,0,0.0,0,0,0,0,0,0.0,0,48,2,1,0.0,1,0,0,0,0,0,0,0,0,0,0,Akeem Davis-Gaither,LB,LB,"https://static.www.nfl.com/image/upload/f_auto,q_auto/league/bh8mbyhyngomfqg3hf2a",ARI,74.0,238.0,1997-09-21,
00-0036300,0,0,0,0,0,0,0,0,0,0.0,0.0,0,0,0,0,0,0.0,0,0,0,0,0,0.0,0,8,1,0,0.0,0,0,0,0,0,0,0,0,0,0,0,Mykal Walker,LB,LB,"https://static.www.nfl.com/image/upload/f_auto,q_auto/league/tbysjdwb1ea5ya03wnfz",NYJ,75.0,230.0,1997-08-28,
00-0036302,0,0,0,0,0,0,0,0,0,0.0,0.0,0,0,0,0,0,0.0,0,0,0,0,0,0.0,0,43,3,1,1.5,3,0,0,0,0,0,0,0,0,0,0,Jaylinn Hawkins,SAF,DB,"https://static.www.nfl.com/image/upload/f_auto,q_auto/league/x6aoovce6sz0dxstlb4u",NE,73.0,208.0,1997-08-27,
00-0036305,0,0,0,0,0,0,0,0,0,0.0,0.0,0,0,0,0,0,0.0,0,0,0,0,0,0.0,0,5,1,0,1.0,0,0,0,0,0,0,0,0,0,0,0,Trevis Gipson,DE,DL,"https://static.www.nfl.com/image/upload/f_auto,q_auto/league/mdrrrg7fr2sos9veyyin",SF,76.0,263.0,1997-06-13,
00-0036306,0,0,0,0,0,0,0,0,0,0.0,0.0,0,0,0,0,0,0.0,0,0,0,0,0,0.0,0,8,1,0,0.0,0,0,0,0,0,0,0,0,0,0,0,Daniel Thomas,SAF,DB,"https://static.www.nfl.com/image/upload/f_auto,q_auto/league/qbw8gam5wiinqegq213p",DET,70.0,215.0,1998-07-01,
00-0036307,0,0,0,0,0,0,0,0,0,0.0,0.0,0,0,0,0,0,0.0,0,0,0,0,0,0.0,0,11,0,0,0.0,1,0,0,0,0,0,0,0,0,0,0,Kindle Vildor,CB,DB,"https://static.www.nfl.com/image/upload/f_auto,q_auto/league/f1loty6bu2jaxt9bwcbx",TB,71.0,189.0,1997-12-11,
00-0036309,0,0,0,0,0,0,0,0,0,0.0,0.0,0,0,0,0,0,0.0,29,65,423,1,2,4.026176112975131,0,0,0,0,0.0,0,0,0,0,0,0,0,0,0,0,0,Darnell Mooney,WR,WR,"https://static.www.nfl.com/image/upload/f_auto,q_auto/league/eaejonwaflt9drrs9ika",ATL,71.0,180.0,1997-10-29,
00-0036310,0,0,0,0,0,0,0,0,0,0.0,0.0,0,0,0,0,0,0.0,0,0,0,0,0,0.0,0,0,0,0,0.0,0,0,0,0,0,0,0,0,0,0,0,Hakeem Adeniji,OT,OL,"https://static.www.nfl.com/image/upload/f_auto,q_auto/league/qcoi4yerqm7urfbnscft",DAL,76.0,302.0,1997-12-08,
00-0036313,0,0,0,0,0,0,0,0,0,0.0,0.0,0,1,-34,0,0,-1.951239154965151,0,0,0,0,0,0.0,0,0,0,0,0.0,0,0,0,0,0,0,0,0,0,0,0,Braden Mann,P,SPEC,"https://static.www.nfl.com/image/upload/f_auto,q_auto/league/eizeojehmxkvvfahj1tk",PHI,71.0,198.0,1997-11-24,
00-0036321,0,0,0,0,0,0,0,0,0,0.0,0.0,0,0,0,0,0,0.0,0,0,0,0,0,0.0,0,19,9,2,8.5,0,0,0,0,0,0,0,0,0,0,0,Chase Young,DE,DL,"https://static.www.nfl.com/image/upload/f_auto,q_auto/league/oeg7zkuy6zte74pe8pxl",NO,77.0,265.0,1999-04-14,
00-0036322,0,0,0,0,0,0,0,0,0,0.0,0.0,0,1,4,0,0,-0.0673225710634142,76,130,947,2,0,-18.18057822044141,0,1,0,0,0.0,0,0,0,0,0,0,0,0,0,0,0,Justin Jefferson,WR,WR,"https://static.www.nfl.com/image/upload/f_auto,q_auto/league/f0ccavu3ppzcs51e1cuv",MIN,73.0,195.0,1999-06-16,
00-0036323,0,0,0,0,0,0,0,0,0,0.0,0.0,0,0,0,0,0,0.0,0,0,0,0,0,0.0,0,54,8,1,1.0,0,0,0,0,0,0,0,0,0,0,0,Patrick Queen,LB,LB,"https://static.www.nfl.com/image/upload/f_auto,q_auto/league/doxpcjbw3vigxuj4xdqu",PIT,72.0,232.0,1999-08-13,
00-0036325,0,0,0,0,0,0,0,0,0,0.0,0.0,0,0,0,0,0,0.0,0,0,0,0,0,0.0,0,1,0,0,0.0,0,0,0,0,0,0,0,0,0,0,0,Robert Hunt,OT,OL,"https://static.www.nfl.com/image/upload/f_auto,q_auto/league/i7mowb5kq5lqz7tjpstc",CAR,78.0,323.0,1996-08-25,
00-0036327,0,0,0,0,0,0,0,0,0,0.0,0.0,0,0,0,0,0,0.0,0,0,0,0,0,0.0,0,0,0,0,0.0,0,0,0,0,0,0,0,0,0,0,0,Ezra Cleveland,G,OL,"https://static.www.nfl.com/image/upload/f_auto,q_auto/league/wofagulp593x7i5pjxis",JAX,78.0,311.0,1998-05-08,
00-0036328,0,0,0,0,0,0,0,0,0,0.0,0.0,0,25,106,1,1,-4.7015184177435,2,3,6,0,0,-1.2350232505705208,1,0,0,0,0.0,0,0,0,0,0,0,12,342,0,0,0,Antonio Gibson,RB,RB,"https://static.www.nfl.com/image/upload/f_auto,q_auto/league/j7ixpkm7u4tdoqwzmbt4",NE,72.0,228.0,1998-06-23,
00-0036329,0,0,0,0,0,0,0,0,0,0.0,0.0,0,0,0,0,0,0.0,0,0,0,0,0,0.0,0,39,3,1,0.0,1,0,0,0,0,0,0,0,0,0,0,Ashtyn Davis,SAF,DB,"https://static.www.nfl.com/image/upload/f_auto,q_auto/league/f1yyvajikoqdnqunml6i",MIA,73.0,205.0,1996-10-10,
00-0036331,0,0,0,0,0,0,0,0,0,0.0,0.0,0,0,0,0,0,0.0,2,5,26,0,0,-0.3087802017147605,0,1,0,0,0.0,0,0,0,0,20,216,37,993,0,0,0,Devin Duvernay,WR,WR,"https://static.www.nfl.com/image/upload/f_auto,q_auto/league/rhqvgqqfokrv6omkw0lg",CHI,71.0,202.0,1997-09-12,
00-0036332,0,0,0,0,0,0,0,0,0,0.0,0.0,0,0,0,0,0,0.0,1,3,6,0,0,-0.9487941433908418,0,1,0,0,0.0,0,0,0,0,0,0,0,0,0,0,0,Josiah Deguara,TE,TE,"https://static.www.nfl.com/image/upload/f_auto,q_auto/league/wivlyvbmlm0aogcvl2yz",ARI,74.0,240.0,1997-02-14,
00-0036333,0,0,0,0,0,0,0,0,0,0.0,0.0,0,0,0,0,0,0.0,0,0,0,0,0,0.0,0,34,13,1,8.5,0,0,0,0,0,0,0,0,0,0,0,Alex Highsmith,LB,LB,"https://static.www.nfl.com/image/upload/f_auto,q_auto/league/cczpmknwul24lusvhzyf",PIT,76.0,242.0,1997-08-07,
00-0036335,0,0,0,0,0,0,0,0,0,0.0,0.0,0,0,0,0,0,0.0,0,0,0,0,0,0.0,0,15,4,0,3.0,1,0,0,0,0,0,0,0,0,0,0,D.J. Wonnum,LB,LB,"https://static.www.nfl.com/image/upload/f_auto,q_auto/league/i4vqp3hdkbfiakcdmnmo",CAR,77.0,258.0,1997-10-31,
00-0036337,0,0,0,0,0,0,0,0,0,0.0,0.0,0,0,0,0,0,0.0,0,0,0,0,0,0.0,0,11,1,0,0.5,0,0,0,0,0,0,0,0,0,0,0,James Lynch,DT,DL,"https://static.www.nfl.com/image/upload/f_auto,q_auto/league/d4funuhosghah7ved424",TEN,76.0,295.0,1999-01-20,
00-0036338,0,0,0,0,0,0,0,0,0,0.0,0.0,0,0,0,0,0,0.0,0,0,0,0,0,0.0,0,24,4,1,1.0,0,0,0,0,1,0,0,0,0,0,0,Troy Dye,LB,LB,"https://static.www.nfl.com/image/upload/f_auto,q_auto/league/szcqhlzfkobuu2vh8s7v",LAC,75.0,225.0,1996-09-18,
00-0036339,0,0,0,0,0,0,0,0,0,0.0,0.0,0,0,0,0,0,0.0,0,0,0,0,0,0.0,0,0,0,0,0.0,0,0,0,0,0,0,0,0,0,0,0,Kevin Dotson,G,OL,"https://static.www.nfl.com/image/upload/f_auto,q_auto/league/nv2c9f4jr08wvzyog86n",LA,76.0,330.0,1996-09-18,
00-0036341,0,0,0,0,0,0,0,0,0,0.0,0.0,0,0,0,0,0,0.0,0,0,0,0,0,0.0,0,3,1,0,0.0,0,0,0,0,0,0,0,0,0,0,0,Khalid Kareem,DE,DL,"https://static.www.nfl.com/image/upload/f_auto,q_auto/league/wv4cxlitwh8mxxpzvka5",ATL,76.0,255.0,1998-04-28,
00-0036347,0,0,0,0,0,0,0,0,0,0.0,0.0,0,0,0,0,0,0.0,0,0,0,0,0,0.0,0,0,0,0,0.0,0,0,0,0,0,0,0,0,0,0,0,Blake Brandel,C,OL,"https://static.www.nfl.com/image/upload/f_auto,q_auto/league/njhqqbqvkymgl8fenuwr",MIN,79.0,315.0,1997-01-23,
00-0036348,0,0,0,0,0,0,0,0,0,0.0,0.0,0,0,0,0,0,0.0,0,0,0,0,0,0.0,0,40,1,0,0.5,2,0,0,0,0,0,0,0,0,0,0,Josh Metellus,SAF,DB,"https://static.www.nfl.com/image/upload/f_auto,q_auto/league/gmb2ahv4eq0jphammw2h",MIN,71.0,207.0,1998-01-21,
00-0036349,0,0,0,0,0,0,0,0,0,0.0,0.0,0,0,0,0,0,0.0,0,0,0,0,0,0.0,0,73,2,1,2.0,2,0,0,0,0,0,0,0,0,0,0,Kam Curl,SAF,DB,"https://static.www.nfl.com/image/upload/f_auto,q_auto/league/tm9ahrg1kvnyyghpj5sy",LA,74.0,205.0,1999-03-03,
00-0036355,340,512,3727,26,13,54,-301,3,1,16.114613501478505,26.143639006315155,0,83,498,2,4,15.896310587013945,0,0,0,0,0,0.0,0,1,0,0,0.0,0,0,0,0,0,0,0,0,0,0,0,Justin Herbert,QB,QB,"https://static.www.nfl.com/image/upload/f_auto,q_auto/league/s1oelyaroiaalgilbeqk",LAC,78.0,236.0,1998-03-10,
00-0036356,0,0,0,0,0,0,0,0,0,0.0,0.0,0,0,0,0,0,0.0,0,0,0,0,0,0.0,0,1,0,0,0.0,0,0,0,0,0,0,0,0,0,0,0,Isaiah Simmons,LB,LB,"https://static.www.nfl.com/image/upload/f_auto,q_auto/league/zf2q7dv6kkj1v3tfefvx",CAR,76.0,238.0,1998-07-26,
00-0036358,0,0,0,0,0,0,0,0,0,0.0,0.0,0,1,2,0,0,-0.2478505993494764,74,116,1073,3,0,28.631812023267795,0,1,0,0,0.0,0,0,0,0,0,0,0,0,0,0,0,CeeDee Lamb,WR,WR,"https://static.www.nfl.com/image/upload/f_auto,q_auto/league/ijxzvtumjhqu3zva1bwc",DAL,74.0,200.0,1999-04-08,
00-0036359,0,0,0,0,0,0,0,0,0,0.0,0.0,0,0,0,0,0,0.0,0,0,0,0,0,0.0,0,3,0,0,0.0,0,0,0,0,0,0,0,0,0,0,0,Damon Arnette,CB,DB,"https://static.www.nfl.com/image/upload/f_auto,q_auto/league/fd2gstkm1skm5r3fxca5",HOU,72.0,195.0,1996-09-02,
00-0036360,0,0,0,0,0,0,0,0,0,0.0,0.0,0,7,13,0,0,-2.6603865438955836,2,2,9,0,0,1.5574801142211072,0,0,0,0,0.0,0,0,0,0,0,0,0,0,0,0,0,Clyde Edwards-Helaire,RB,RB,"https://static.www.nfl.com/image/upload/f_auto,q_auto/league/er6tfnyxampiwn74zrui",KC,67.0,207.0,1999-04-11,
00-0036361,0,0,0,0,0,0,0,0,0,0.0,0.0,0,0,0,0,0,0.0,0,0,0,0,0,0.0,0,18,1,0,0.0,0,0,0,0,0,0,0,0,0,0,0,Trevon Diggs,CB,DB,"https://static.www.nfl.com/image/upload/f_auto,q_auto/league/ktdcor3rnkwpgehtwldn",DAL,73.0,195.0,1998-09-20,
00-0036362,0,0,0,0,0,0,0,0,0,0.0,0.0,0,0,0,0,0,0.0,0,0,0,0,0,0.0,0,9,3,0,2.0,0,0,0,0,0,0,0,0,0,0,0,Willie Gay Jr.,LB,LB,"https://static.www.nfl.com/image/upload/f_auto,q_auto/league/vf0j6vpgfr1vg5wsd7uh",MIA,73.0,246.0,1998-02-15,
00-0036366,0,0,0,0,0,0,0,0,0,0.0,0.0,0,0,0,0,0,0.0,0,0,0,0,0,0.0,0,17,4,0,3.5,0,0,0,0,0,0,0,0,0,0,0,Neville Gallimore,DT,DL,"https://static.www.nfl.com/image/upload/f_auto,q_auto/league/qwrxmtnfxfkhenqgsnjp",IND,74.0,307.0,1997-01-17,
00-0036369,0,0,0,0,0,0,0,0,0,0.0,0.0,0,0,0,0,0,0.0,0,0,0,0,0,0.0,0,0,0,0,0.0,0,0,0,0,0,0,0,0,0,0,0,John Simpson,G,OL,"https://static.www.nfl.com/image/upload/f_auto,q_auto/league/wv8eiewgjjgiedjzsnmh",NYJ,76.0,330.0,1997-08-19,
00-0036371,0,0,0,0,0,0,0,0,0,0.0,0.0,0,0,0,0,0,0.0,0,0,0,0,0,0.0,0,2,3,0,1.0,0,0,0,0,0,0,0,0,0,0,0,Leki Fotu,DT,DL,"https://static.www.nfl.com/image/upload/f_auto,q_auto/league/nvivcl9hxccojvuexvmw",LV,77.0,317.0,1998-08-23,
00-0036374,0,0,0,0,0,0,0,0,0,0.0,0.0,0,0,0,0,0,0.0,0,0,0,0,0,0.0,0,17,0,0,0.0,0,0,0,0,0,0,0,0,0,0,0,L'Jarius Sneed,CB,DB,"https://static.www.nfl.com/image/upload/f_auto,q_auto/league/ft4szbihb9vyadwkiszf",TEN,73.0,192.0,1997-01-21,
00-0036375,0,0,0,0,0,0,0,0,0,0.0,0.0,0,0,0,0,0,0.0,0,0,0,0,0,0.0,0,42,2,2,0.0,1,0,0,0,0,0,0,0,0,0,0,Amik Robertson,CB,DB,"https://static.www.nfl.com/image/upload/f_auto,q_auto/league/htqmihuu8sds0x3qre8g",DET,69.0,183.0,1998-07-06,
00-0036376,0,0,0,0,0,0,0,0,0,0.0,0.0,0,0,0,0,0,0.0,0,0,0,0,0,0.0,0,0,0,0,0.0,0,0,0,0,0,0,0,0,0,0,0,Tyler Biadasz,C,OL,"https://static.www.nfl.com/image/upload/f_auto,q_auto/league/ls6xqzbvxs8pwkhwjwph",WAS,75.0,316.0,1997-11-20,
00-0036378,0,0,0,0,0,0,0,0,0,0.0,0.0,0,0,0,0,0,0.0,0,0,0,0,0,0.0,0,5,2,0,1.0,1,0,0,0,0,0,0,0,0,0,0,Michael Danna,DE,DL,"https://static.www.nfl.com/image/private/f_auto,q_auto/league/oiywq8es1rm2rjnpbouw",KC,74.0,257.0,1997-12-04,
00-0036380,0,0,0,0,0,0,0,0,0,0.0,0.0,0,0,0,0,0,0.0,0,0,0,0,0,0.0,0,44,0,1,0.0,0,1,0,0,0,0,0,0,0,0,0,Alohi Gilman,SAF,DB,"https://static.www.nfl.com/image/upload/f_auto,q_auto/league/t5twpgxuuzuhasid5jzg",LAC,70.0,201.0,1997-09-17,
00-0036386,0,0,0,0,0,0,0,0,0,0.0,0.0,0,0,0,0,0,0.0,0,0,0,0,0,0.0,0,0,0,0,0.0,0,0,0,0,0,0,0,0,0,0,0,Andrew Thomas,OT,OL,"https://static.www.nfl.com/image/upload/f_auto,q_auto/league/yuy9qansfewdhoxsi9fq",NYG,77.0,315.0,1999-01-22,
00-0036388,0,0,0,0,0,0,0,0,0,0.0,0.0,0,0,0,0,0,0.0,0,0,0,0,0,0.0,0,52,0,1,1.0,2,0,0,0,0,0,0,0,0,0,0,Xavier McKinney,SAF,DB,"https://static.www.nfl.com/image/upload/f_auto,q_auto/league/vvjc67dqz3mjghgkdr8v",GB,72.0,201.0,1999-08-09,
00-0036389,294,454,3224,25,6,32,-181,3,1,34.3144432765787,67.64575498228548,0,105,421,8,4,16.681141701410525,0,0,0,0,0,0.0,0,0,0,0,0.0,0,0,0,0,0,0,0,0,0,0,0,Jalen Hurts,QB,QB,"https://static.www.nfl.com/image/upload/f_auto,q_auto/league/c47i9v6gmokkun9cat9s",PHI,73.0,223.0,1998-08-07,
00-0036391,0,0,0,0,0,0,0,0,0,0.0,0.0,0,0,0,0,0,0.0,0,0,0,0,0,0.0,0,0,0,0,0.0,0,0,0,0,0,0,0,0,0,0,0,Lloyd Cushenberry III,C,OL,"https://static.www.nfl.com/image/upload/f_auto,q_auto/league/qfwevbrfaklbqmatvwat",TEN,76.0,315.0,1997-11-22,
00-0036392,0,0,0,0,0,0,0,0,0,0.0,0.0,0,0,0,0,0,0.0,0,0,0,0,0,0.0,0,0,0,0,0.0,0,0,0,0,0,0,0,0,0,0,0,Matt Peart,OT,OL,"https://static.www.nfl.com/image/upload/f_auto,q_auto/league/zcjwk9shhxnhv8vwjej7",DEN,79.0,318.0,1997-06-11,
00-0036394,0,0,0,0,0,0,0,0,0,0.0,0.0,0,0,0,0,0,0.0,0,0,0,0,0,0.0,0,10,0,0,0.0,0,0,0,0,0,0,0,0,0,0,0,Darnay Holmes,CB,DB,"https://static.www.nfl.com/image/upload/f_auto,q_auto/league/pubbkwys2ishkc7i2ljb",LV,70.0,198.0,1998-06-23,
00-0036395,0,0,0,0,0,0,0,0,0,0.0,0.0,0,0,0,0,0,0.0,0,0,0,0,0,0.0,0,2,1,0,0.0,0,0,0,0,0,0,0,0,0,0,0,K'Von Wallace,SAF,DB,"https://static.www.nfl.com/image/upload/f_auto,q_auto/league/ytpbcdbdwwlysnjj6uwb",HOU,71.0,205.0,1997-07-25,
00-0036406,0,0,0,0,0,0,0,0,0,0.0,0.0,0,0,0,0,0,0.0,1,1,2,1,0,2.9882184629677795,0,0,0,0,0.0,0,0,0,0,0,0,0,0,0,0,0,Tristan Wirfs,OT,OL,"https://static.www.nfl.com/image/upload/f_auto,q_auto/league/jiuxi430mkpqe39ikuze",TB,77.0,320.0,1999-01-24,
00-0036407,0,0,0,0,0,0,0,0,0,0.0,0.0,0,0,0,0,0,0.0,48,100,585,2,1,-29.416225952435262,0,3,0,0,0.0,0,0,0,0,0,0,0,0,0,0,0,Jerry Jeudy,WR,WR,"https://static.www.nfl.com/image/upload/f_auto,q_auto/league/szca1v9butuqkjs7ekpm",CLE,73.0,195.0,1999-04-24,
00-0036408,0,0,0,0,0,0,0,0,0,0.0,0.0,0,0,0,0,0,0.0,0,0,0,0,0,0.0,0,0,0,0,0.0,0,0,0,0,0,0,0,0,0,0,0,Cesar Ruiz,G,OL,"https://static.www.nfl.com/image/upload/f_auto,q_auto/league/i0hu869tzhne0frnt7fx",NO,76.0,316.0,1999-06-14,
00-0036409,0,0,0,0,0,0,0,0,0,0.0,0.0,0,0,0,0,0,0.0,0,0,0,0,0,0.0,0,92,13,1,3.5,0,0,0,0,0,0,0,0,0,0,0,Jordyn Brooks,LB,LB,"https://static.www.nfl.com/image/upload/f_auto,q_auto/league/fqpdggqc3fngvkta63zy",MIA,72.0,240.0,1997-10-21,
00-0036410,0,0,0,0,0,0,0,0,0,0.0,0.0,0,0,0,0,0,0.0,53,89,779,10,0,43.42227746284379,0,0,0,0,0.0,0,0,0,0,0,0,0,0,0,0,0,Tee Higgins,WR,WR,"https://static.www.nfl.com/image/upload/f_auto,q_auto/league/flr9f8oqigbyroeaubxb",CIN,76.0,219.0,1999-01-18,
00-0036411,0,0,0,0,0,0,0,0,0,0.0,0.0,0,0,0,0,0,0.0,0,0,0,0,0,0.0,0,52,4,1,1.0,2,0,0,0,0,0,0,0,0,0,0,Antoine Winfield Jr.,SAF,DB,"https://static.www.nfl.com/image/upload/f_auto,q_auto/league/wn2vlv6eyc9str0ak0fx",TB,69.0,203.0,1998-08-16,
00-0036413,0,0,0,0,0,0,0,0,0,0.0,0.0,0,0,0,0,0,0.0,0,0,0,0,0,0.0,0,1,0,0,0.0,0,0,0,0,0,0,0,0,0,0,0,Darrell Taylor,DE,DL,"https://static.www.nfl.com/image/upload/f_auto,q_auto/league/i0d3vsafckx1qzuzcrp6",HOU,76.0,255.0,1997-03-24,
00-0036414,1,1,32,1,0,0,0,0,0,3.2600105608580634,44.74018216133118,0,5,19,0,0,-0.9147008640575224,0,1,0,0,0,-1.430159863317385,0,0,0,0,0.0,0,0,0,0,0,0,2,54,0,0,0,Cam Akers,RB,RB,"https://static.www.nfl.com/image/upload/f_auto,q_auto/league/dutj0wamu7giwghnmr4m",MIN,70.0,217.0,1999-06-22,
00-0036415,0,0,0,0,0,0,0,0,0,0.0,0.0,0,0,0,0,0,0.0,29,52,350,1,0,8.938446541217818,0,0,0,0,0.0,0,0,0,0,0,0,0,0,0,0,0,Van Jefferson,WR,WR,"https://static.www.nfl.com/image/upload/f_auto,q_auto/league/aavlanyckqnsej61ulir",TEN,73.0,200.0,1996-07-26,
00-0036416,0,0,0,0,0,0,0,0,0,0.0,0.0,0,0,0,0,0,0.0,0,0,0,0,0,0.0,0,11,0,0,0.0,0,0,0,0,0,0,0,0,0,0,0,Kristian Fulton,CB,DB,"https://static.www.nfl.com/image/upload/f_auto,q_auto/league/gxh7dcqykzmo2nadvs5u",KC,71.0,197.0,1998-09-03,
00-0036417,0,0,0,0,0,0,0,0,0,0.0,0.0,0,0,0,0,0,0.0,0,0,0,0,0,0.0,0,0,0,0,0.0,0,0,0,0,0,0,0,0,0,0,0,Damien Lewis,G,OL,"https://static.www.nfl.com/image/upload/f_auto,q_auto/league/aerw6b5qa0plz8ejg68g",CAR,74.0,327.0,1997-03-21,
00-0036418,0,0,0,0,0,0,0,0,0,0.0,0.0,0,0,0,0,0,0.0,0,0,0,0,0,0.0,0,63,7,1,3.5,2,0,0,0,0,0,0,0,0,0,0,Zack Baun,LB,LB,"https://static.www.nfl.com/image/upload/f_auto,q_auto/league/lxfptgyjuuwmvxrwr3m4",PHI,75.0,225.0,1996-12-30,
00-0036421,0,0,0,0,0,0,0,0,0,0.0,0.0,0,0,0,0,0,0.0,0,0,0,0,0,0.0,0,8,0,0,0.0,0,0,0,0,0,0,0,0,0,0,0,Terrell Burgess,SAF,DB,"https://static.www.nfl.com/image/upload/f_auto,q_auto/league/noqfcnfnqtsfgkbg4jum",NO,71.0,202.0,1997-08-18,
00-0036422,0,0,0,0,0,0,0,0,0,0.0,0.0,0,0,0,0,0,0.0,20,23,195,1,0,10.791490258765407,0,0,0,0,0.0,0,0,0,0,0,0,0,0,0,0,0,Adam Trautman,TE,TE,"https://static.www.nfl.com/image/upload/f_auto,q_auto/league/ck9dspk0ykijetdshyn4",DEN,77.0,253.0,1997-02-05,
00-0036423,0,0,0,0,0,0,0,0,0,0.0,0.0,0,0,0,0,0,0.0,5,6,36,0,0,1.6165097025805153,0,0,0,0,0.0,0,0,0,0,0,0,0,0,0,0,0,Albert Okwuegbunam,TE,TE,"https://static.www.nfl.com/image/upload/f_auto,q_auto/league/gww1gus87vabpsalkrpc",LV,77.0,258.0,1998-04-25,
00-0036425,0,0,0,0,0,0,0,0,0,0.0,0.0,0,3,21,0,0,-0.5574149799322241,0,1,0,0,0,-0.5493046132614836,0,2,0,0,0.0,0,0,0,0,0,0,10,269,0,0,0,DeeJay Dallas,RB,RB,"https://static.www.nfl.com/image/upload/f_auto,q_auto/league/weotbgqp9f3y1hptcxzm",CAR,70.0,214.0,1998-09-16,
00-0036427,0,0,0,0,0,0,0,0,0,0.0,0.0,0,0,0,0,0,0.0,12,18,197,1,0,10.579077500229882,0,0,0,0,0.0,0,0,0,0,0,0,0,0,0,0,0,Tyler Johnson,WR,WR,"https://static.www.nfl.com/image/upload/f_auto,q_auto/league/s6fg2hapxwa9efbrygxf",NYJ,73.0,208.0,1998-08-25,
00-0036428,0,0,0,0,0,0,0,0,0,0.0,0.0,0,0,0,0,0,0.0,0,0,0,0,0,0.0,0,18,4,0,3.5,1,0,0,0,0,0,0,0,0,0,0,Justin Strnad,LB,LB,"https://static.www.nfl.com/image/upload/f_auto,q_auto/league/qeikhakzijz2ipub82bt",DEN,75.0,235.0,1996-08-21,
00-0036429,0,0,0,0,0,0,0,0,0,0.0,0.0,0,0,0,0,0,0.0,8,9,48,0,0,-0.20220594777492784,0,1,0,0,0.0,0,0,0,0,0,0,0,0,0,0,0,Charlie Woerner,TE,TE,"https://static.www.nfl.com/image/upload/f_auto,q_auto/league/tflwxcx2ohrc6e8j0n5a",ATL,77.0,250.0,1997-10-16,
00-0036431,0,0,0,0,0,0,0,0,0,0.0,0.0,0,0,0,0,0,0.0,0,0,0,0,0,0.0,0,2,0,0,0.0,0,0,0,0,0,0,0,0,0,0,0,Jordan Fuller,SAF,DB,"https://static.www.nfl.com/image/upload/f_auto,q_auto/league/fels90wvhbe4a0vdjnnu",ATL,74.0,203.0,1998-03-04,
00-0036441,0,0,0,0,0,0,0,0,0,0.0,0.0,0,0,0,0,0,0.0,0,0,0,0,0,0.0,0,37,4,0,1.0,0,0,0,0,0,0,0,0,0,0,0,"Kenneth Murray, Jr.",LB,LB,"https://static.www.nfl.com/image/upload/f_auto,q_auto/league/up14o9gpznxgcvc5xtqh",DAL,74.0,241.0,1998-11-16,
00-0036442,144,220,1573,14,4,15,-99,0,0,40.04922672030931,30.224194475834025,0,12,24,0,0,1.8584722702507859,0,0,0,0,0,0.0,0,0,0,0,0.0,0,0,0,0,0,0,0,0,0,0,0,Joe Burrow,QB,QB,"https://static.www.nfl.com/image/upload/f_auto,q_auto/league/gnnvcgui1cijybukk2w7",CIN,76.0,215.0,1996-12-10,
00-0036443,0,0,0,0,0,0,0,0,0,0.0,0.0,0,0,0,0,0,0.0,0,0,0,0,0,0.0,0,3,0,0,0.0,0,0,0,0,0,0,0,0,0,0,0,Rex Sunahara,LS,SPEC,"https://static.www.nfl.com/image/upload/f_auto,q_auto/league/lf7vil8wv3cqyumtczbr",CLE,78.0,242.0,1996-10-09,
00-0036463,0,0,0,0,0,0,0,0,0,0.0,0.0,0,0,0,0,0,0.0,0,0,0,0,0,0.0,0,1,0,0,0.0,0,0,0,0,0,0,0,0,0,0,0,Chris Blair,WR,WR,"https://static.www.nfl.com/image/upload/f_auto,q_auto/league/bbejfkq6pcu7bsnkwgwj",ATL,74.0,215.0,1997-10-06,
00-0036479,0,0,0,0,0,0,0,0,0,0.0,0.0,0,0,0,0,0,0.0,0,0,0,0,0,0.0,0,13,6,0,4.0,0,0,0,0,0,0,0,0,0,0,0,Kwity Paye,DE,DL,"https://static.www.nfl.com/image/upload/f_auto,q_auto/league/omibgumkgr8ympte4rmo",IND,75.0,265.0,1998-11-19,
00-0036480,0,0,0,0,0,0,0,0,0,0.0,0.0,0,0,0,0,0,0.0,0,0,0,0,0,0.0,0,9,2,0,1.0,0,0,0,0,0,0,0,0,0,0,0,Dayo Odeyingbo,DE,DL,"https://static.www.nfl.com/image/upload/f_auto,q_auto/league/h0brx6vrdusdxl6fkxgv",CHI,77.0,282.0,1999-09-24,
00-0036483,0,0,0,0,0,0,0,0,0,0.0,0.0,0,0,0,0,0,0.0,0,0,0,0,0,0.0,0,0,0,0,0.0,0,0,0,0,0,0,0,0,0,0,0,Will Fries,G,OL,"https://static.www.nfl.com/image/upload/f_auto,q_auto/league/lswimbqlz0wdbsuq1wsh",MIN,78.0,321.0,1998-04-04,
00-0036497,0,0,0,0,0,0,0,0,0,0.0,0.0,0,0,0,0,0,0.0,1,1,15,0,0,1.0751921531627886,0,0,0,0,0.0,0,0,0,0,0,0,0,0,0,0,0,Tim Jones,WR,WR,"https://static.www.nfl.com/image/upload/f_auto,q_auto/league/gimunqcnpgtctbdba53c",JAX,73.0,200.0,1998-05-15,
00-0036500,0,0,0,0,0,0,0,0,0,0.0,0.0,0,0,0,0,0,0.0,0,0,0,0,0,0.0,0,65,8,0,2.0,0,0,0,0,0,0,0,0,0,0,0,Jamien Sherwood,LB,LB,"https://static.www.nfl.com/image/upload/f_auto,q_auto/league/fvyykbueuzcivau5d9qq",NYJ,74.0,216.0,2000-01-12,
00-0036501,0,0,0,0,0,0,0,0,0,0.0,0.0,0,0,0,0,0,0.0,0,0,0,0,0,0.0,0,8,1,0,0.0,0,0,0,0,0,0,0,0,0,0,0,Michael Carter II,CB,DB,"https://static.www.nfl.com/image/upload/f_auto,q_auto/league/a7yskzasxy1hjvyqql1t",NYJ,70.0,184.0,1999-03-08,
00-0036502,0,0,0,0,0,0,0,0,0,0.0,0.0,0,0,0,0,0,0.0,0,0,0,0,0,0.0,0,25,1,0,0.0,0,0,0,0,0,0,0,0,0,0,0,Jason Pinnock,SAF,DB,"https://static.www.nfl.com/image/upload/f_auto,q_auto/league/vfudin1xe9wdv1bv6awj",SF,72.0,200.0,1999-06-30,
00-0036504,0,0,0,0,0,0,0,0,0,0.0,0.0,0,0,0,0,0,0.0,0,0,0,0,0,0.0,0,34,3,1,1.0,2,0,0,0,0,0,0,0,0,0,0,Brandin Echols,CB,DB,"https://static.www.nfl.com/image/upload/f_auto,q_auto/league/ckxgtnxueibsimypf1qt",PIT,70.0,179.0,1997-10-16,
00-0036527,0,0,0,0,0,0,0,0,0,0.0,0.0,0,0,0,0,0,0.0,0,0,0,0,0,0.0,0,0,0,0,0.0,0,0,0,0,0,0,0,0,0,0,0,DJ Turner,WR,WR,"https://static.www.nfl.com/image/upload/f_auto,q_auto/league/os5eurhh1y45sixa8phl",LV,69.0,206.0,1997-01-18,
00-0036534,0,0,0,0,0,0,0,0,0,0.0,0.0,0,0,0,0,0,0.0,3,5,20,0,0,-1.83611708204262,0,1,0,0,0.0,0,0,0,0,0,0,0,0,0,0,0,Shane Zylstra,TE,TE,"https://static.www.nfl.com/image/upload/f_auto,q_auto/league/jwgarjssm9bd9ek6cbhr",DET,76.0,244.0,1996-11-16,
00-0036550,0,0,0,0,0,0,0,0,0,0.0,0.0,0,0,0,0,0,0.0,19,38,224,2,0,-1.6757597344176505,0,1,0,0,0.0,0,0,0,0,0,0,0,0,0,0,0,Rashod Bateman,WR,WR,"https://static.www.nfl.com/image/upload/f_auto,q_auto/league/gtktmsfcxc1eijwpwzyq",BAL,73.0,193.0,1999-11-29,
00-0036551,0,0,0,0,0,0,0,0,0,0.0,0.0,0,0,0,0,0,0.0,0,0,0,0,0,0.0,0,0,0,0,0.0,0,0,0,0,0,0,0,0,0,0,0,Aaron Banks,G,OL,"https://static.www.nfl.com/image/upload/f_auto,q_auto/league/mkhxl0el2fj3i7k4adsl",GB,77.0,325.0,1997-09-03,
00-0036552,0,0,0,0,0,0,0,0,0,0.0,0.0,0,0,0,0,0,0.0,0,0,0,0,0,0.0,0,2,1,0,0.0,0,0,0,0,0,0,0,0,0,0,0,Azeez Ojulari,LB,LB,"https://static.www.nfl.com/image/upload/f_auto,q_auto/league/gfq1w3tlod06bgxdnfdc",PHI,75.0,240.0,2000-06-16,
00-0036553,0,0,0,0,0,0,0,0,0,0.0,0.0,0,0,0,0,0,0.0,0,0,0,0,0,0.0,0,1,0,0,0.0,0,0,0,0,0,0,0,0,0,0,0,Carlos Basham,LB,LB,"https://static.www.nfl.com/image/upload/f_auto,q_auto/league/stlyey1t2lotlwldzprf",CAR,75.0,274.0,1997-12-16,
00-0036554,0,0,0,0,0,0,0,0,0,0.0,0.0,0,2,15,1,0,1.995510360749904,71,120,1117,6,1,39.31019932264183,0,0,0,0,0.0,0,0,0,0,0,0,0,0,0,0,0,Nico Collins,WR,WR,"https://static.www.nfl.com/image/upload/f_auto,q_auto/league/osmqyvmib3pssxi6cyic",HOU,76.0,222.0,1999-03-19,
00-0036555,0,0,0,0,0,0,0,0,0,0.0,0.0,0,129,501,1,1,-16.884112961702066,28,37,216,3,0,5.472418314544301,0,1,0,0,0.0,0,0,0,0,0,0,9,233,0,0,0,Chuba Hubbard,RB,RB,"https://static.www.nfl.com/image/upload/f_auto,q_auto/league/pjgml85ghq7oa48dctn7",CAR,73.0,210.0,1999-06-11,
00-0036561,0,0,0,0,0,0,0,0,0,0.0,0.0,0,0,0,0,0,0.0,0,0,0,0,0,0.0,0,4,0,0,0.0,0,0,0,0,0,0,0,0,0,0,0,Keith Taylor,CB,DB,"https://static.www.nfl.com/image/upload/f_auto,q_auto/league/dag6regaijwshj8f1uyn",ATL,75.0,195.0,1999-05-03,
00-0036563,0,0,0,0,0,0,0,0,0,0.0,0.0,0,0,0,0,0,0.0,0,0,0,0,0,0.0,0,33,3,0,0.0,2,0,1,0,0,0,0,0,0,0,0,Deommodore Lenoir,CB,DB,"https://static.www.nfl.com/image/upload/f_auto,q_auto/league/ypghnprlnzwmxjcrbpk7",SF,70.0,200.0,1999-10-06,
00-0036564,0,0,0,0,0,0,0,0,0,0.0,0.0,0,0,0,0,0,0.0,0,0,0,0,0,0.0,0,65,6,1,2.0,0,0,0,0,0,0,0,0,0,0,0,Talanoa Hufanga,SAF,DB,"https://static.www.nfl.com/image/upload/f_auto,q_auto/league/gyoo1p5nckluov1mihbe",DEN,72.0,200.0,2000-02-01,
00-0036567,0,0,0,0,0,0,0,0,0,0.0,0.0,0,0,0,0,0,0.0,0,1,0,0,0,-3.36506548570469,0,0,0,0,0.0,0,0,0,0,0,0,0,0,0,0,0,Elijah Mitchell,RB,RB,"https://static.www.nfl.com/image/upload/f_auto,q_auto/league/xf383ph8bz6dpp0u9lcd",KC,70.0,200.0,1998-05-02,
00-0036568,0,0,0,0,0,0,0,0,0,0.0,0.0,0,0,0,0,0,0.0,0,0,0,0,0,0.0,0,11,4,0,2.0,0,0,0,0,0,0,0,0,0,0,0,Roy Lopez,DT,DL,"https://static.www.nfl.com/image/upload/f_auto,q_auto/league/i4a37cibk9pwjjgq4rla",DET,74.0,312.0,1997-08-07,
00-0036569,0,0,0,0,0,0,0,0,0,0.0,0.0,0,0,0,0,0,0.0,0,0,0,0,0,0.0,0,0,0,0,0.0,0,0,0,0,0,0,4,83,0,0,0,Gary Brightwell,RB,RB,"https://static.www.nfl.com/image/upload/f_auto,q_auto/league/egwohqryh9q3pa7erynt",CIN,73.0,218.0,1998-02-28,
00-0036587,0,0,0,0,0,0,0,0,0,0.0,0.0,0,0,0,0,0,0.0,0,0,0,0,0,0.0,0,2,1,1,1.0,0,0,0,0,0,0,0,0,0,0,0,Ar'Darius Washington,SAF,DB,"https://static.www.nfl.com/image/upload/f_auto,q_auto/league/ptjh8ufk5zfpdc0yrpeq",BAL,68.0,180.0,1999-11-02,
00-0036589,0,0,0,0,0,0,0,0,0,0.0,0.0,0,0,0,0,0,0.0,0,0,0,0,0,0.0,0,18,0,0,0.0,0,0,0,0,0,0,0,0,0,0,0,Nick McCloud,CB,DB,"https://static.www.nfl.com/image/upload/f_auto,q_auto/league/tktqsmdus8y1alse43j5",CHI,73.0,190.0,1998-07-09,
00-0036590,0,0,0,0,0,0,0,0,0,0.0,0.0,0,0,0,0,0,0.0,5,8,50,0,0,-2.4510358170955446,0,3,0,0,0.0,0,0,0,0,0,0,0,0,0,0,0,Quintin Morris,TE,TE,"https://static.www.nfl.com/image/upload/f_auto,q_auto/league/lvmccekmoj82dzw00xcl",JAX,74.0,243.0,1999-01-21,
00-0036603,0,0,0,0,0,0,0,0,0,0.0,0.0,0,0,0,0,0,0.0,0,0,0,0,0,0.0,0,0,0,0,0.0,0,0,0,0,0,0,0,0,0,0,0,Alaric Jackson,OT,OL,"https://static.www.nfl.com/image/upload/f_auto,q_auto/league/p7eblgie3na4hjdl6pzb",LA,79.0,345.0,1998-07-14,
00-0036604,0,0,0,0,0,0,0,0,0,0.0,0.0,0,0,0,0,0,0.0,0,0,0,0,0,0.0,0,0,0,0,0.0,0,0,0,0,0,0,0,0,0,0,0,Jordan Meredith,C,OL,"https://static.www.nfl.com/image/upload/f_auto,q_auto/league/mcahbqsrb49owl6ipc2y",LV,74.0,300.0,1998-01-04,
00-0036613,1,1,8,0,0,0,0,0,0,-0.5923647911444314,11.613237857818604,0,2,28,0,0,1.9295156633015722,64,100,910,6,1,34.451660055798726,0,4,0,0,0.0,0,0,0,0,0,0,0,0,0,0,0,Jaylen Waddle,WR,WR,"https://static.www.nfl.com/image/upload/f_auto,q_auto/league/dsxd2zcqm42wsv4ewtfc",MIA,70.0,185.0,1998-11-25,
00-0036614,0,0,0,0,0,0,0,0,0,0.0,0.0,0,0,0,0,0,0.0,0,0,0,0,0,0.0,0,1,0,0,0.0,0,0,0,0,0,0,0,0,0,0,0,Jamin Davis,LB,LB,"https://static.www.nfl.com/image/upload/f_auto,q_auto/league/opdsr5ttchmbpuyw4vgf",LV,76.0,234.0,1998-12-12,
00-0036616,0,0,0,0,0,0,0,0,0,0.0,0.0,0,0,0,0,0,0.0,0,0,0,0,0,0.0,0,0,0,0,0.0,0,0,0,0,0,0,0,0,0,0,0,Christian Darrisaw,OT,OL,"https://static.www.nfl.com/image/upload/f_auto,q_auto/league/i6lajihxkwue0ntawn10",MIN,77.0,315.0,1999-06-02,
00-0036617,0,0,0,0,0,0,0,0,0,0.0,0.0,0,0,0,0,0,0.0,0,0,0,0,0,0.0,0,5,0,0,0.0,1,0,0,0,0,0,0,0,0,0,0,Asante Samuel Jr.,CB,DB,"https://static.www.nfl.com/image/private/f_auto,q_auto/league/hrnnoumk2vtrx9yhqs6n",PIT,70.0,180.0,1999-10-03,
00-0036618,0,0,0,0,0,0,0,0,0,0.0,0.0,0,0,0,0,0,0.0,0,0,0,0,0,0.0,0,0,0,0,0.0,0,0,0,0,0,0,0,0,0,0,0,Sam Cosmi,G,OL,"https://static.www.nfl.com/image/upload/f_auto,q_auto/league/n6vudhzl0uiaffexr81u",WAS,78.0,309.0,1999-02-16,
00-0036619,0,0,0,0,0,0,0,0,0,0.0,0.0,0,0,0,0,0,0.0,0,0,0,0,0,0.0,0,1,0,0,0.0,0,0,0,0,0,0,0,0,0,0,0,Dillon Radunz,OT,OL,"https://static.www.nfl.com/image/upload/f_auto,q_auto/league/yg2itp7chkpsn8etgdh1",NO,78.0,301.0,1998-03-28,
00-0036620,0,0,0,0,0,0,0,0,0,0.0,0.0,0,0,0,0,0,0.0,4,7,62,0,0,3.0458659707801417,0,1,0,0,0.0,0,0,0,0,0,0,28,726,0,0,0,Dee Eskridge,WR,WR,"https://static.www.nfl.com/image/upload/f_auto,q_auto/league/baasw8ia3qztewmawfnz",MIA,69.0,190.0,1997-03-23,
00-0036621,0,0,0,0,0,0,0,0,0,0.0,0.0,0,0,0,0,0,0.0,0,0,0,0,0,0.0,0,65,9,1,1.0,1,0,0,0,0,0,0,0,0,0,0,Nick Bolton,LB,LB,"https://static.www.nfl.com/image/upload/f_auto,q_auto/league/qwdpcmobp7qgdzqgltlr",KC,71.0,237.0,2000-03-10,
00-0036622,0,0,0,0,0,0,0,0,0,0.0,0.0,0,0,0,0,0,0.0,0,0,0,0,0,0.0,0,0,0,0,0.0,0,0,0,0,0,0,0,0,0,0,0,Josh Myers,C,OL,"https://static.www.nfl.com/image/upload/f_auto,q_auto/league/ejnbuy27sru95vzzxdp3",NYJ,77.0,310.0,1998-07-16,
00-0036623,0,0,0,0,0,0,0,0,0,0.0,0.0,0,0,0,0,0,0.0,0,0,0,0,0,0.0,0,0,0,0,0.0,0,0,0,0,0,0,0,0,0,0,0,Creed Humphrey,C,OL,"https://static.www.nfl.com/image/upload/f_auto,q_auto/league/ggz2h81ghybmrerlgdsq",KC,76.0,302.0,1999-06-28,
00-0036624,0,0,0,0,0,0,0,0,0,0.0,0.0,0,0,0,0,0,0.0,0,0,0,0,0,0.0,0,5,2,1,1.0,0,0,0,0,0,0,0,0,0,0,0,Alim McNeill,DT,DL,"https://static.www.nfl.com/image/upload/f_auto,q_auto/league/udieb8v70ple2vt3zyof",DET,74.0,310.0,2000-05-11,
00-0036625,0,0,0,0,0,0,0,0,0,0.0,0.0,0,0,0,0,0,0.0,0,0,0,0,0,0.0,0,21,0,0,0.0,1,0,0,0,0,0,0,0,0,0,0,Benjamin St-Juste,CB,DB,"https://static.www.nfl.com/image/upload/f_auto,q_auto/league/mad9dx5zee70kec6lpan",LAC,75.0,200.0,1997-09-08,
00-0036626,0,0,0,0,0,0,0,0,0,0.0,0.0,0,6,30,0,1,-0.666527263179888,19,36,219,1,0,-3.9278818469690684,0,0,0,0,0.0,0,0,0,0,0,0,4,106,0,0,0,Dyami Brown,WR,WR,"https://static.www.nfl.com/image/upload/f_auto,q_auto/league/wwl9s886olkkvu67qktp",JAX,72.0,195.0,1999-11-01,
00-0036628,0,0,0,0,0,0,0,0,0,0.0,0.0,0,0,0,0,0,0.0,9,14,90,0,0,4.675132618867792,0,0,0,0,0.0,0,0,0,0,0,0,0,0,0,0,0,John Bates,TE,TE,"https://static.www.nfl.com/image/upload/f_auto,q_auto/league/edpnkleev10rpzfgjakv",WAS,78.0,256.0,1997-11-06,
00-0036629,0,0,0,0,0,0,0,0,0,0.0,0.0,0,0,0,0,0,0.0,0,0,0,0,0,0.0,0,45,3,1,1.0,4,0,0,0,0,0,0,0,0,0,0,Camryn Bynum,SAF,DB,"https://static.www.nfl.com/image/upload/f_auto,q_auto/league/rncq5z5bfhigx2atid7k",IND,72.0,200.0,1998-07-19,
00-0036630,0,0,0,0,0,0,0,0,0,0.0,0.0,0,0,0,0,0,0.0,4,8,45,1,0,1.511378120412774,0,5,0,0,0.0,0,0,0,0,0,0,5,123,0,0,0,Tylan Wallace,WR,WR,"https://static.www.nfl.com/image/upload/f_auto,q_auto/league/rifnnpeub6okv41offnd",BAL,71.0,200.0,1999-05-13,
00-0036637,0,0,0,0,0,0,0,0,0,0.0,0.0,0,0,0,0,0,0.0,18,32,148,0,0,-7.321461268337348,0,0,0,0,0.0,0,0,0,0,0,0,0,0,0,0,0,Noah Gray,TE,TE,"https://static.www.nfl.com/image/upload/f_auto,q_auto/league/yugngcrdfxh0nwzl4zwp",KC,75.0,240.0,1999-04-30,
00-0036642,0,0,0,0,0,0,0,0,0,0.0,0.0,0,0,0,0,0,0.0,0,0,0,0,0,0.0,0,16,3,0,2.0,0,0,0,0,0,0,0,0,0,0,0,Tedarrell Slaton,DT,DL,"https://static.www.nfl.com/image/upload/f_auto,q_auto/league/oktzavt6whxgvr6ukmhl",CIN,77.0,340.0,1997-10-03,
00-0036643,0,0,0,0,0,0,0,0,0,0.0,0.0,0,0,0,0,0,0.0,0,0,0,0,0,0.0,0,11,0,0,0.0,0,0,0,0,0,0,0,0,0,0,0,K.J. Britt,LB,LB,"https://static.www.nfl.com/image/upload/f_auto,q_auto/league/kca9qozdfs1albiamsq0",MIA,72.0,240.0,1999-06-04,
00-0036644,0,0,0,0,0,0,0,0,0,0.0,0.0,0,0,0,0,0,0.0,0,0,0,0,0,0.0,0,1,0,0,0.0,0,0,0,0,0,0,0,0,0,0,0,Cameron McGrone,LB,LB,"https://static.www.nfl.com/image/upload/f_auto,q_auto/league/ngmm9gg0mcgzufrizd80",IND,73.0,236.0,2000-06-22,
00-0036646,0,0,0,0,0,0,0,0,0,0.0,0.0,0,0,0,0,0,0.0,0,0,0,0,0,0.0,0,3,0,0,0.0,0,0,0,0,0,0,0,0,0,0,0,Simi Fehoko,WR,WR,"https://static.www.nfl.com/image/upload/f_auto,q_auto/league/kbnk59cdzp2opegnrom8",ARI,76.0,218.0,1997-11-05,
00-0036648,0,0,0,0,0,0,0,0,0,0.0,0.0,0,0,0,0,0,0.0,0,0,0,0,0,0.0,0,6,0,0,0.0,0,0,0,0,0,0,0,0,0,0,0,Nick Niemann,LB,LB,"https://static.www.nfl.com/image/upload/f_auto,q_auto/league/nbizfccowpxtgytc4n2u",GB,75.0,234.0,1997-12-02,
00-0036649,0,0,0,0,0,0,0,0,0,0.0,0.0,0,0,0,0,0,0.0,0,0,0,0,0,0.0,0,1,0,0,0.0,0,0,0,0,0,0,0,0,0,0,0,Quinton Bohanna,DT,DL,"https://static.www.nfl.com/image/upload/f_auto,q_auto/league/jfyxrdrkpytiahvsoatj",SEA,76.0,355.0,1999-03-16,
00-0036653,0,0,0,0,0,0,0,0,0,0.0,0.0,0,0,0,0,0,0.0,0,0,0,0,0,0.0,0,2,0,0,0.0,0,0,0,0,0,0,0,0,0,0,0,Stone Forsythe,OT,OL,"https://static.www.nfl.com/image/upload/f_auto,q_auto/league/iptr66al3wmni1hpipbo",LV,80.0,307.0,1997-12-29,
00-0036655,0,0,0,0,0,0,0,0,0,0.0,0.0,0,0,0,0,0,0.0,0,0,0,0,0,0.0,0,0,0,0,0.0,0,0,0,0,0,0,0,0,0,0,0,Cole Van Lanen,G,OL,"https://static.www.nfl.com/image/upload/f_auto,q_auto/league/oe5pfxi1iqbeskvwciii",JAX,76.0,312.0,1998-04-23,
00-0036658,0,0,0,0,0,0,0,0,0,0.0,0.0,0,0,0,0,0,0.0,0,0,0,0,0,0.0,0,42,3,0,1.0,1,0,0,0,0,0,0,0,0,0,0,Isaiah McDuffie,LB,LB,"https://static.www.nfl.com/image/upload/f_auto,q_auto/league/kfscpyshsfu3hswm7lkd",GB,73.0,227.0,1999-07-21,
00-0036660,0,0,0,0,0,0,0,0,0,0.0,0.0,0,0,0,0,0,0.0,0,0,0,0,0,0.0,0,0,0,0,0.0,0,0,0,0,0,0,0,0,0,0,0,Trey Smith,G,OL,"https://static.www.nfl.com/image/upload/f_auto,q_auto/league/tevu0zoswqcvyjtweopr",KC,78.0,321.0,1999-06-16,
00-0036661,0,0,0,0,0,0,0,0,0,0.0,0.0,0,0,0,0,0,0.0,0,0,0,0,0,0.0,0,0,0,0,0.0,0,0,0,0,0,0,0,0,0,0,0,Israel Mukuamu,CB,DB,"https://static.www.nfl.com/image/upload/f_auto,q_auto/league/suoepvbxuplqnqestfsz",CAR,76.0,215.0,1999-11-28,
00-0036672,0,0,0,0,0,0,0,0,0,0.0,0.0,0,1,0,0,0,-2.786329652182758,0,0,0,0,0,0.0,0,5,1,0,0.0,0,0,0,0,0,0,3,72,0,0,0,Grant Stuard,LB,LB,"https://static.www.nfl.com/image/upload/f_auto,q_auto/league/ws9nh7wahkmhwqnpi7zv",DET,71.0,225.0,1998-10-15,
00-0036677,0,0,0,0,0,0,0,0,0,0.0,0.0,0,0,0,0,0,0.0,0,0,0,0,0,0.0,0,5,0,0,0.0,0,0,0,0,0,0,0,0,0,0,0,Zayne Anderson,SAF,DB,"https://static.www.nfl.com/image/upload/f_auto,q_auto/league/r4j0wtxm67rnmxl6zajl",GB,74.0,206.0,1997-01-03,
00-0036683,0,0,0,0,0,0,0,0,0,0.0,0.0,0,0,0,0,0,0.0,0,0,0,0,0,0.0,0,15,0,1,0.0,0,0,0,0,0,0,0,0,0,0,0,Devon Key,SAF,DB,"https://static.www.nfl.com/image/upload/f_auto,q_auto/league/aax1z5qptzbpatde06cf",DEN,72.0,208.0,1997-10-28,
00-0036695,0,0,0,0,0,0,0,0,0,0.0,0.0,0,0,0,0,0,0.0,0,0,0,0,0,0.0,0,6,1,0,0.0,0,0,0,0,0,0,0,0,0,0,0,Naquan Jones,DT,DL,"https://static.www.nfl.com/image/upload/f_auto,q_auto/league/i4edhuakry7za5kzgbov",LAC,75.0,313.0,1998-02-05,
00-0036704,0,0,0,0,0,0,0,0,0,0.0,0.0,0,0,0,0,0,0.0,0,0,0,0,0,0.0,0,1,0,0,0.0,0,0,0,0,0,0,0,0,0,0,0,Caleb Johnson,LB,LB,"https://static.www.nfl.com/image/upload/f_auto,q_auto/league/cpvxwusivovnovmryprc",MIA,74.0,220.0,1998-07-28,
00-0036705,0,0,0,0,0,0,0,0,0,0.0,0.0,0,0,0,0,0,0.0,0,0,0,0,0,0.0,0,1,3,0,0.0,0,0,0,0,0,0,0,0,0,0,0,Sam Kamara,LB,LB,"https://static.www.nfl.com/image/private/f_auto,q_auto/league/aakuha494hvtrja3dwjn",CLE,72.0,272.0,1997-12-21,
00-0036711,0,0,0,0,0,0,0,0,0,0.0,0.0,0,0,0,0,0,0.0,0,0,0,0,0,0.0,0,13,4,0,1.0,1,0,0,0,0,0,0,0,0,0,0,Charles Snowden,DE,DL,"https://static.www.nfl.com/image/upload/f_auto,q_auto/league/lwfjnx5rgx1hanfqfnl7",LV,78.0,250.0,1998-03-27,
00-0036716,0,0,0,0,0,0,0,0,0,0.0,0.0,0,0,0,0,0,0.0,0,0,0,0,0,0.0,0,5,0,0,0.0,0,0,0,0,0,0,0,0,0,0,0,Amen Ogbongbemiga,LB,LB,"https://static.www.nfl.com/image/upload/f_auto,q_auto/league/liyabetbezsk9lvuuphd",CHI,73.0,226.0,1998-09-04,
00-0036727,0,0,0,0,0,0,0,0,0,0.0,0.0,0,10,44,0,0,-0.5912716840975916,6,8,53,0,0,1.734412747435272,0,3,0,0,0.0,0,0,0,0,0,0,0,0,0,0,0,Adam Prentice,RB,RB,"https://static.www.nfl.com/image/upload/f_auto,q_auto/league/v7eu5mvg4n0cg3cbrjxn",DEN,72.0,245.0,1997-01-16,
00-0036728,0,0,0,0,0,0,0,0,0,0.0,0.0,0,0,0,0,0,0.0,0,0,0,0,0,0.0,0,18,1,0,0.0,0,0,0,0,0,0,0,0,0,0,0,Curtis Robinson,LB,LB,"https://static.www.nfl.com/image/upload/f_auto,q_auto/league/t0a61ugsjq7akmobnrh5",SF,75.0,235.0,1998-06-02,
00-0036741,0,0,0,0,0,0,0,0,0,0.0,0.0,0,0,0,0,0,0.0,6,11,46,1,0,-5.0341330545488745,0,2,0,0,0.0,0,0,0,0,0,0,0,0,0,0,0,Jack Stoll,TE,TE,"https://static.www.nfl.com/image/upload/f_auto,q_auto/league/rtgfs8jwzhtmupqxqgmz",NO,76.0,247.0,1998-01-28,
00-0036754,0,0,0,0,0,0,0,0,0,0.0,0.0,0,0,0,0,0,0.0,14,22,108,2,0,-1.9290250019694213,0,0,0,0,0.0,0,0,0,0,0,0,0,0,0,0,0,Brock Wright,TE,TE,"https://static.www.nfl.com/image/upload/f_auto,q_auto/league/bd8sqnzheg7zetlhvku5",DET,77.0,254.0,1998-11-27,
00-0036755,0,0,0,0,0,0,0,0,0,0.0,0.0,0,33,130,1,0,0.07561378771408522,0,0,0,0,0,0.0,0,0,0,0,0.0,0,0,0,0,0,0,2,58,0,0,0,Jaret Patterson,RB,RB,"https://static.www.nfl.com/image/upload/f_auto,q_auto/league/n1rttxv1rhvjagyjgxvk",LAC,68.0,195.0,1999-12-23,
00-0036802,0,0,0,0,0,0,0,0,0,0.0,0.0,0,0,0,0,0,0.0,0,0,0,0,0,0.0,0,1,0,0,0.0,0,0,0,0,0,0,0,0,0,0,0,Jon Rhattigan,LB,LB,"https://static.www.nfl.com/image/upload/f_auto,q_auto/league/im8y1u3b8ptowjxz56en",LV,72.0,236.0,1999-02-02,
00-0036813,0,0,0,0,0,0,0,0,0,0.0,0.0,0,0,0,0,0,0.0,0,0,0,0,0,0.0,0,34,0,1,0.0,0,0,0,0,0,0,0,0,0,0,0,Christian Elliss,LB,LB,"https://static.www.nfl.com/image/upload/f_auto,q_auto/league/g78euyfj7wtinnylus04",NE,74.0,231.0,1999-01-02,
00-0036816,0,0,0,0,0,0,0,0,0,0.0,0.0,0,0,0,0,0,0.0,0,0,0,0,0,0.0,0,3,0,0,0.0,0,0,0,0,0,0,0,0,26,28,0,Riley Patterson,K,SPEC,"https://static.www.nfl.com/image/upload/f_auto,q_auto/league/gzvyb1u3dueikfy3otlq",MIA,72.0,195.0,1999-09-07,1.0
00-0036825,0,0,0,0,0,0,0,0,0,0.0,0.0,0,2,4,0,0,1.272504411637783,0,0,0,0,0,0.0,0,8,0,0,0.0,0,0,0,0,0,0,0,0,0,0,0,Feleipe Franks,TE,TE,"https://static.www.nfl.com/image/upload/f_auto,q_auto/league/v5zscuctkdetzfstqouf",ATL,78.0,241.0,1997-12-22,
00-0036833,0,0,0,0,0,0,0,0,0,0.0,0.0,0,0,0,0,0,0.0,0,0,0,0,0,0.0,0,0,0,0,0.0,0,0,0,0,0,0,0,0,0,0,0,Ryan Neuzil,C,OL,"https://static.www.nfl.com/image/upload/f_auto,q_auto/league/zhgrjqtmbyx5lzwaflbr",ATL,75.0,305.0,1997-07-31,
00-0036839,0,0,0,0,0,0,0,0,0,0.0,0.0,0,0,0,0,0,0.0,0,0,0,0,0,0.0,0,0,0,0,0.0,0,0,0,0,0,0,0,0,0,0,0,Kion Smith,OT,OL,"https://static.www.nfl.com/image/upload/f_auto,q_auto/league/rawjlqbe9aroo9cqkpfv",MIA,77.0,300.0,1998-10-07,
00-0036841,0,0,0,0,0,0,0,0,0,0.0,0.0,0,0,0,0,0,0.0,3,10,46,0,0,-4.970840585587129,0,2,0,0,0.0,0,0,0,0,1,15,1,54,0,0,0,Austin Trammell,WR,WR,"https://static.www.nfl.com/image/upload/f_auto,q_auto/league/wycm0dz06421rredzyrq",JAX,70.0,185.0,1998-07-04,
00-0036842,0,0,0,0,0,0,0,0,0,0.0,0.0,0,6,31,0,0,0.2537431325181387,0,0,0,0,0,0.0,1,0,0,0,0.0,0,0,0,0,0,0,18,604,0,0,0,Kene Nwangwu,RB,RB,"https://static.www.nfl.com/image/upload/f_auto,q_auto/league/rlnqgz517fsohrndgjrb",NYJ,73.0,210.0,1998-02-09,
00-0036844,0,0,0,0,0,0,0,0,0,0.0,0.0,0,0,0,0,0,0.0,0,0,0,0,0,0.0,0,1,0,0,0.0,0,0,0,0,0,0,0,0,0,0,0,Garret Wallow,LB,LB,"https://static.www.nfl.com/image/upload/f_auto,q_auto/league/jf7xnestp0wmq0lbezxs",DEN,74.0,230.0,1999-01-25,
00-0036849,0,0,0,0,0,0,0,0,0,0.0,0.0,0,0,0,0,0,0.0,5,12,173,1,0,3.5054573443299892,0,0,0,0,0.0,0,0,0,0,0,0,0,0,0,0,0,Tutu Atwell,WR,WR,"https://static.www.nfl.com/image/upload/f_auto,q_auto/league/twlslcaa7c2wblveaafu",LA,69.0,165.0,1999-10-07,
00-0036850,0,0,0,0,0,0,0,0,0,0.0,0.0,0,0,0,0,0,0.0,0,0,0,0,0,0.0,0,5,1,0,0.0,0,0,0,0,0,0,0,0,0,0,0,Cameron Sample,DE,DL,"https://static.www.nfl.com/image/private/f_auto,q_auto/league/kvkvhvbvcebjkevxjdhd",CIN,75.0,272.0,1999-09-20,
00-0036854,0,0,0,0,0,0,0,0,0,0.0,0.0,0,0,0,0,0,0.0,0,0,0,0,0,0.0,0,0,0,0,0.0,0,0,0,0,0,0,0,0,25,28,0,Evan McPherson,K,SPEC,"https://static.www.nfl.com/image/upload/f_auto,q_auto/league/cpvujaqwscupzvbbx7oe",CIN,71.0,185.0,1999-07-21,1.0
00-0036862,0,0,0,0,0,0,0,0,0,0.0,0.0,0,0,0,0,0,0.0,4,6,69,1,0,5.408946100738831,0,10,0,0,0.0,0,0,0,0,0,0,0,0,0,0,0,Ben Skowronek,WR,WR,"https://static.www.nfl.com/image/upload/f_auto,q_auto/league/drojmh3dbpuagobvilzv",PIT,75.0,224.0,1997-06-27,
00-0036866,0,0,0,0,0,0,0,0,0,0.0,0.0,0,0,0,0,0,0.0,0,0,0,0,0,0.0,0,0,0,0,0.0,0,0,0,0,0,0,0,0,0,0,0,James Hudson,OT,OL,"https://static.www.nfl.com/image/upload/f_auto,q_auto/league/awncy5wgubdzptt9ici9",NYG,77.0,313.0,1999-05-13,
00-0036867,0,0,0,0,0,0,0,0,0,0.0,0.0,0,0,0,0,0,0.0,0,0,0,0,0,0.0,0,23,3,1,2.0,0,0,0,0,0,0,0,0,0,0,0,Chris Rumph II,DE,DL,"https://static.www.nfl.com/image/upload/f_auto,q_auto/league/ayrvlbmyxlvek7afcioc",NO,74.0,244.0,1998-10-19,
00-0036869,0,0,0,0,0,0,0,0,0,0.0,0.0,0,0,0,0,0,0.0,0,0,0,0,0,0.0,0,1,0,0,0.0,0,0,0,0,0,0,0,0,0,0,0,Dan Moore Jr.,OT,OL,"https://static.www.nfl.com/image/upload/f_auto,q_auto/league/boxltktohmx9eqfrjr9c",TEN,77.0,315.0,1998-09-28,
00-0036870,0,0,0,0,0,0,0,0,0,0.0,0.0,0,0,0,0,0,0.0,0,0,0,0,0,0.0,0,8,1,0,0.0,0,0,0,0,0,0,0,0,0,0,0,Buddy Johnson,LB,LB,"https://static.www.nfl.com/image/upload/f_auto,q_auto/league/aa4htfuz4uxcprkmmvii",IND,74.0,240.0,1999-02-27,
00-0036871,0,0,0,0,0,0,0,0,0,0.0,0.0,0,0,0,0,0,0.0,0,0,0,0,0,0.0,0,14,2,0,0.0,0,0,0,0,0,0,2,45,0,0,0,Nate Hobbs,CB,DB,"https://static.www.nfl.com/image/upload/f_auto,q_auto/league/tqngf0urgkjrrqtx0kzl",GB,73.0,195.0,1999-06-24,
00-0036874,0,0,0,0,0,0,0,0,0,0.0,0.0,0,0,0,0,0,0.0,0,0,0,0,0,0.0,0,35,0,0,0.0,1,0,0,0,0,0,0,0,0,0,0,Pat Surtain II,CB,DB,"https://static.www.nfl.com/image/upload/f_auto,q_auto/league/soec8zk3n5jvxvywq1gm",DEN,74.0,202.0,2000-04-14,
00-0036875,0,0,0,0,0,0,0,0,0,0.0,0.0,0,123,472,5,2,-28.514082021686928,30,35,323,1,1,10.04263608479567,0,0,0,0,0.0,0,0,0,0,0,0,2,40,0,0,0,Rhamondre Stevenson,RB,RB,"https://static.www.nfl.com/image/upload/f_auto,q_auto/league/ed09migntlyy8ntgvcu1",NE,72.0,227.0,1998-02-23,
00-0036876,0,0,0,0,0,0,0,0,0,0.0,0.0,0,0,0,0,0,0.0,3,4,10,0,0,-1.3680692436173558,0,9,0,0,0.0,0,0,0,0,0,0,0,0,0,0,0,Kylen Granson,TE,TE,"https://static.www.nfl.com/image/upload/f_auto,q_auto/league/ysbxmdw4da30q3kjb571",PHI,75.0,242.0,1998-03-27,
00-0036880,0,0,0,0,0,0,0,0,0,0.0,0.0,0,0,0,0,0,0.0,0,0,0,0,0,0.0,0,0,0,0,0.0,0,0,0,0,0,0,0,0,0,0,0,Penei Sewell,OT,OL,"https://static.www.nfl.com/image/upload/f_auto,q_auto/league/bfdl9aba5nufevjfckeb",DET,77.0,335.0,2000-10-09,
00-0036881,0,0,0,0,0,0,0,0,0,0.0,0.0,0,0,0,0,0,0.0,0,0,0,0,0,0.0,0,5,0,0,0.0,0,0,0,0,0,0,0,0,0,0,0,Jay Tufele,DT,DL,"https://static.www.nfl.com/image/upload/f_auto,q_auto/league/w0b0txntjiv6diob9u5k",NYJ,75.0,305.0,1999-07-25,
00-0036883,0,0,0,0,0,0,0,0,0,0.0,0.0,0,0,0,0,0,0.0,0,0,0,0,0,0.0,0,22,5,0,1.5,0,0,0,0,0,0,0,0,0,0,0,Tommy Togiai,DT,DL,"https://static.www.nfl.com/image/upload/f_auto,q_auto/league/vq1st1d5nifz8aze1aix",HOU,74.0,296.0,1999-09-19,
00-0036884,0,0,0,0,0,0,0,0,0,0.0,0.0,0,0,0,0,0,0.0,0,0,0,0,0,0.0,0,3,0,0,0.0,0,0,0,0,0,0,0,0,0,0,0,Marco Wilson,CB,DB,"https://static.www.nfl.com/image/upload/f_auto,q_auto/league/mcmzfcisg5pkfulsp0tr",CIN,71.0,191.0,1999-03-03,
00-0036885,0,0,0,0,0,0,0,0,0,0.0,0.0,0,0,0,0,0,0.0,0,0,0,0,0,0.0,0,0,0,0,0.0,0,0,0,0,0,0,0,0,0,0,0,Tre Brown,CB,DB,"https://static.www.nfl.com/image/upload/f_auto,q_auto/league/rsa4qgvqzrmqgonwf3co",LA,70.0,185.0,1997-09-24,
00-0036887,0,0,0,0,0,0,0,0,0,0.0,0.0,0,0,0,0,0,0.0,11,14,85,2,1,3.545898243552074,0,3,0,0,0.0,0,0,0,0,0,0,0,0,0,0,0,Luke Farrell,TE,TE,"https://static.www.nfl.com/image/upload/f_auto,q_auto/league/sccmpo8xbzdbjasmwcfj",SF,77.0,250.0,1997-10-14,
00-0036888,0,0,0,0,0,0,0,0,0,0.0,0.0,0,0,0,0,0,0.0,0,0,0,0,0,0.0,0,1,0,0,0.0,0,0,0,0,0,0,0,0,0,0,0,Damar Hamlin,SAF,DB,"https://static.www.nfl.com/image/upload/f_auto,q_auto/league/y3up9bdo5vczbq5zskxo",BUF,72.0,200.0,1998-03-24,
00-0036893,0,0,0,0,0,0,0,0,0,0.0,0.0,0,15,61,0,0,-0.3388287907000631,3,3,25,0,0,1.3118299120105803,0,0,0,0,0.0,0,0,0,0,0,0,0,0,0,0,0,Najee Harris,RB,RB,"https://static.www.nfl.com/image/upload/f_auto,q_auto/league/grfxgbvqnzz40r7rdtvk",LAC,73.0,242.0,1998-03-09,
00-0036894,0,0,0,0,0,0,0,0,0,0.0,0.0,0,0,0,0,0,0.0,38,49,435,4,0,19.75928402884165,0,0,0,0,0.0,0,0,0,0,0,0,0,0,0,0,0,Pat Freiermuth,TE,TE,"https://static.www.nfl.com/image/upload/f_auto,q_auto/league/vmwioi77upc9hqwaskfa",PIT,77.0,258.0,1998-10-25,
00-0036896,0,0,0,0,0,0,0,0,0,0.0,0.0,0,0,0,0,0,0.0,0,0,0,0,0,0.0,0,1,0,0,0.0,0,0,0,0,0,0,0,0,0,0,0,Victor Dimukeje,LB,LB,"https://static.www.nfl.com/image/upload/f_auto,q_auto/league/timanef1mpwuc1cqmptm",NYG,74.0,262.0,1999-11-18,
00-0036898,88,150,879,5,1,8,-60,0,0,-10.705532448254905,-29.73844169415917,1,12,48,1,1,-1.4925978090176357,0,0,0,0,0,0.0,0,0,0,0,0.0,0,0,0,0,0,0,0,0,0,0,0,Davis Mills,QB,QB,"https://static.www.nfl.com/image/upload/f_auto,q_auto/league/v3bofeusytvkogvqichy",HOU,76.0,225.0,1998-10-21,
00-0036900,0,0,0,0,0,0,0,0,0,0.0,0.0,0,3,14,0,0,0.12286387523636222,117,175,1316,7,1,33.50495637228625,0,5,0,0,0.0,0,0,0,0,0,0,0,0,0,0,0,Ja'Marr Chase,WR,WR,"https://static.www.nfl.com/image/upload/f_auto,q_auto/league/qya3dtjb5kgofcuj2tuw",CIN,72.0,205.0,2000-03-01,
00-0036901,0,0,0,0,0,0,0,0,0,0.0,0.0,0,0,0,0,0,0.0,0,0,0,0,0,0.0,0,29,2,0,0.0,0,0,0,0,0,0,0,0,0,0,0,Eric Stokes,CB,DB,"https://static.www.nfl.com/image/upload/f_auto,q_auto/league/utosvktgajhtqd2px9xp",LV,72.0,194.0,1999-03-01,
00-0036902,0,0,0,0,0,0,0,0,0,0.0,0.0,0,0,0,0,0,0.0,0,0,0,0,0,0.0,0,19,9,2,5.0,0,0,0,0,0,0,0,0,0,0,0,Joseph Ossai,DE,DL,"https://static.www.nfl.com/image/upload/f_auto,q_auto/league/ixgqo1gn6f79bhhoyirq",CIN,76.0,263.0,2000-04-13,
00-0036903,0,0,0,0,0,0,0,0,0,0.0,0.0,0,0,0,0,0,0.0,0,0,0,0,0,0.0,0,11,2,0,0.5,0,0,0,0,0,0,0,0,0,0,0,Bobby Brown III,DT,DL,"https://static.www.nfl.com/image/upload/f_auto,q_auto/league/f3fspidlfqws3asws3gw",CAR,76.0,332.0,2000-08-07,
00-0036904,0,0,0,0,0,0,0,0,0,0.0,0.0,0,0,0,0,0,0.0,0,0,0,0,0,0.0,0,2,0,0,0.0,0,0,0,0,0,0,0,0,0,0,0,Robert Rochell,CB,DB,"https://static.www.nfl.com/image/upload/f_auto,q_auto/league/oqn1nnmeqppzkymivtfe",DAL,72.0,193.0,1998-04-26,
00-0036905,0,0,0,0,0,0,0,0,0,0.0,0.0,0,0,0,0,0,0.0,0,0,0,0,0,0.0,0,0,0,0,0.0,0,0,0,0,0,0,0,0,0,0,0,Larry Borom,G,OL,"https://static.www.nfl.com/image/upload/f_auto,q_auto/league/n9k0wubk028m5ecfwg8x",MIA,77.0,325.0,1999-03-30,
00-0036906,0,0,0,0,0,0,0,0,0,0.0,0.0,0,4,10,0,0,-0.9497755601769312,0,2,0,0,0,-0.8366095469100401,0,1,0,0,0.0,0,0,0,0,0,0,1,22,0,0,0,Khalil Herbert,RB,RB,"https://static.www.nfl.com/image/upload/f_auto,q_auto/league/gjwksf9ygntjmtceeerh",NYJ,69.0,212.0,1998-04-21,
00-0036909,0,0,0,0,0,0,0,0,0,0.0,0.0,0,0,0,0,0,0.0,0,0,0,0,0,0.0,0,8,2,0,0.0,0,0,0,0,0,0,0,0,0,0,0,Khyiris Tonga,DT,DL,"https://static.www.nfl.com/image/upload/f_auto,q_auto/league/sd2nd0xkekkuf2hrlcjq",NE,74.0,335.0,1996-07-07,
00-0036912,0,0,0,0,0,0,0,0,0,0.0,0.0,0,0,0,0,0,0.0,74,109,956,4,0,52.70038560112022,0,0,0,0,0.0,0,0,0,0,0,0,0,0,0,0,0,DeVonta Smith,WR,WR,"https://static.www.nfl.com/image/upload/f_auto,q_auto/league/vj2fz8veorg1k5qthnjm",PHI,72.0,170.0,1998-11-14,
00-0036914,0,0,0,0,0,0,0,0,0,0.0,0.0,0,0,0,0,0,0.0,0,0,0,0,0,0.0,0,23,6,1,7.0,0,0,0,0,0,0,0,0,0,0,0,Greg Rousseau,DE,DL,"https://static.www.nfl.com/image/upload/f_auto,q_auto/league/oljb2xg9fry8gnuqz66k",BUF,78.0,266.0,2000-04-05,
00-0036916,0,0,0,0,0,0,0,0,0,0.0,0.0,0,0,0,0,0,0.0,0,0,0,0,0,0.0,0,11,7,0,3.5,0,0,0,0,0,0,0,0,0,0,0,Milton Williams,DE,DL,"https://static.www.nfl.com/image/upload/f_auto,q_auto/league/pne778olspa9ercg4e56",NE,75.0,290.0,1999-04-06,
00-0036919,0,0,0,0,0,0,0,0,0,0.0,0.0,0,109,527,4,1,1.8940706054563634,65,76,422,3,1,1.4909850149233184,0,3,0,1,0.0,0,0,0,0,0,0,25,601,0,0,0,Kenneth Gainwell,RB,RB,"https://static.www.nfl.com/image/upload/f_auto,q_auto/league/f74x1ywy7oo5kq81vblh",PIT,69.0,200.0,1999-03-14,
00-0036920,0,0,0,0,0,0,0,0,0,0.0,0.0,0,0,0,0,0,0.0,0,0,0,0,0,0.0,0,0,0,0,0.0,0,0,0,0,0,0,0,0,0,0,0,Marlon Tuipulotu,DT,DL,"https://static.www.nfl.com/image/upload/f_auto,q_auto/league/ho9eokvcqvge4qdld2ie",KC,74.0,307.0,1999-05-31,
00-0036922,0,0,0,0,0,0,0,0,0,0.0,0.0,0,0,0,0,0,0.0,0,0,0,0,0,0.0,0,5,1,0,1.0,0,0,0,0,0,0,0,0,0,0,0,Patrick Johnson,LB,LB,"https://static.www.nfl.com/image/upload/f_auto,q_auto/league/qtngv13hh6rm4kfc52jt",PHI,74.0,248.0,1998-01-10,
00-0036924,0,0,0,0,0,0,0,0,0,0.0,0.0,0,85,315,1,0,-5.633522125397576,30,42,246,0,0,0.837806304224058,0,1,0,0,0.0,0,0,0,0,0,0,1,27,0,0,0,Michael Carter,RB,RB,"https://static.www.nfl.com/image/upload/f_auto,q_auto/league/e1y7zhd7w3xbthodfa3m",ARI,68.0,201.0,1999-05-07,
00-0036927,0,0,0,0,0,0,0,0,0,0.0,0.0,0,0,0,0,0,0.0,0,0,0,0,0,0.0,0,48,4,0,2.0,0,0,0,0,0,0,0,0,0,0,0,Pete Werner,LB,LB,"https://static.www.nfl.com/image/upload/f_auto,q_auto/league/nqs87jnlklns7tm7w5jj",NO,75.0,242.0,1999-06-05,
00-0036932,0,0,0,0,0,0,0,0,0,0.0,0.0,0,0,0,0,0,0.0,0,0,0,0,0,0.0,0,17,12,2,12.5,0,0,0,0,0,0,0,0,0,0,0,Micah Parsons,DE,DL,"https://static.www.nfl.com/image/upload/f_auto,q_auto/league/igbkpnpsezgrvngnf5ck",GB,75.0,250.0,1999-05-26,
00-0036933,0,0,0,0,0,0,0,0,0,0.0,0.0,0,0,0,0,0,0.0,0,0,0,0,0,0.0,0,26,6,0,1.5,0,0,0,0,0,0,0,0,0,0,0,Zaven Collins,LB,LB,"https://static.www.nfl.com/image/upload/f_auto,q_auto/league/kyzjrpamx2gfuumvpxai",ARI,76.0,270.0,1999-05-19,
00-0036934,0,0,0,0,0,0,0,0,0,0.0,0.0,0,0,0,0,0,0.0,0,0,0,0,0,0.0,0,27,7,1,5.0,0,0,0,0,0,0,0,0,0,0,0,Jaelan Phillips,LB,LB,"https://static.www.nfl.com/image/upload/f_auto,q_auto/league/etpp0zmoctw8uweix07f",MIA,77.0,263.0,1999-05-28,
00-0036937,0,0,0,0,0,0,0,0,0,0.0,0.0,0,0,0,0,0,0.0,0,0,0,0,0,0.0,0,54,1,0,0.0,1,0,0,0,0,0,0,0,0,0,0,Paulson Adebo,CB,DB,"https://static.www.nfl.com/image/upload/f_auto,q_auto/league/syndlzqvjmmeplufohl8",NYG,73.0,192.0,1999-07-03,
00-0036940,0,0,0,0,0,0,0,0,0,0.0,0.0,0,0,0,0,0,0.0,0,0,0,0,0,0.0,0,19,9,0,7.0,0,0,0,0,0,0,0,0,0,0,0,Odafe Oweh,LB,LB,"https://static.www.nfl.com/image/upload/f_auto,q_auto/league/xjfiyufnofknncgkmbyy",BAL,77.0,265.0,1998-12-15,
00-0036941,0,0,0,0,0,0,0,0,0,0.0,0.0,0,0,0,0,0,0.0,0,0,0,0,0,0.0,0,25,1,0,0.0,0,0,0,0,0,0,0,0,0,0,0,Andre Cisco,SAF,DB,"https://static.www.nfl.com/image/upload/f_auto,q_auto/league/sdk8jvmv30mvetujj7bs",NYJ,72.0,210.0,2000-03-23,
00-0036942,0,0,0,0,0,0,0,0,0,0.0,0.0,0,0,0,0,0,0.0,0,0,0,0,0,0.0,0,15,6,0,3.0,0,0,0,0,0,0,0,0,0,0,0,Osa Odighizuwa,DT,DL,"https://static.www.nfl.com/image/upload/f_auto,q_auto/league/xjx8vxlafv4i0hmvtrje",DAL,74.0,280.0,1998-08-13,
00-0036943,0,0,0,0,0,0,0,0,0,0.0,0.0,0,0,0,0,0,0.0,0,0,0,0,0,0.0,0,3,0,0,0.0,0,0,0,0,0,0,0,0,0,0,0,Mitchell Fraboni,LS,SPEC,"https://static.www.nfl.com/image/upload/f_auto,q_auto/league/csvbeqtitr9ixpgdt0fu",DEN,74.0,223.0,1996-10-28,
00-0036944,0,0,0,0,0,0,0,0,0,0.0,0.0,0,0,0,0,0,0.0,0,0,0,0,0,0.0,0,25,1,0,0.0,5,0,0,0,0,0,0,0,0,0,0,Jaycee Horn,CB,DB,"https://static.www.nfl.com/image/upload/f_auto,q_auto/league/lvqdczrm0ebvb8m3n5fu",CAR,73.0,200.0,1999-11-26,
00-0036945,128,204,1259,7,1,27,-192,2,1,-22.451623025007635,-61.88896289271856,3,71,383,4,2,8.762813333588596,0,1,0,0,0,-0.8187713430379517,0,0,0,0,0.0,0,0,0,0,0,0,0,0,0,0,0,Justin Fields,QB,QB,"https://static.www.nfl.com/image/upload/f_auto,q_auto/league/fbteankooq2c33yquq2j",NYJ,75.0,227.0,1999-03-05,
00-0036948,0,0,0,0,0,0,0,0,0,0.0,0.0,0,0,0,0,0,0.0,0,0,0,0,0,0.0,0,3,1,0,0.0,0,0,0,0,0,0,0,0,0,0,0,Ta'Quon Graham,DT,DL,"https://static.www.nfl.com/image/upload/f_auto,q_auto/league/guxpxgrm0ulryqybspna",ATL,76.0,300.0,1998-12-01,
00-0036950,0,0,0,0,0,0,0,0,0,0.0,0.0,0,0,0,0,0,0.0,0,0,0,0,0,0.0,0,0,0,0,0.0,0,0,0,0,4,41,5,133,0,0,0,Avery Williams,RB,RB,"https://static.www.nfl.com/image/upload/f_auto,q_auto/league/udxcy5ukuuppfhemywfn",NYJ,69.0,195.0,1998-07-15,
00-0036952,0,0,0,0,0,0,0,0,0,0.0,0.0,0,0,0,0,0,0.0,0,0,0,0,0,0.0,0,21,8,0,8.0,0,0,0,0,0,0,0,0,0,0,0,Jonathon Cooper,LB,LB,"https://static.www.nfl.com/image/upload/f_auto,q_auto/league/rzjdnsaz0sfs9v4xetov",DEN,76.0,257.0,1998-01-08,
00-0036953,0,0,0,0,0,0,0,0,0,0.0,0.0,0,0,0,0,0,0.0,0,0,0,0,0,0.0,0,1,0,0,0.0,0,0,0,0,0,0,0,0,0,0,0,Teven Jenkins,G,OL,"https://static.www.nfl.com/image/upload/f_auto,q_auto/league/i0oiehuaelpnrtrlfmfl",CLE,78.0,320.0,1998-03-03,
00-0036956,0,0,0,0,0,0,0,0,0,0.0,0.0,0,0,0,0,0,0.0,0,0,0,0,0,0.0,0,8,0,0,0.0,0,0,0,0,0,0,0,0,0,0,0,Darren Hall,CB,DB,"https://static.www.nfl.com/image/upload/f_auto,q_auto/league/btpudohpy5mnzimqn2xm",ARI,72.0,190.0,2000-05-02,
00-0036957,0,0,0,0,0,0,0,0,0,0.0,0.0,0,0,0,0,0,0.0,0,0,0,0,0,0.0,0,0,0,0,0.0,0,0,0,0,0,0,0,0,0,0,0,Drew Dalman,C,OL,"https://static.www.nfl.com/image/upload/f_auto,q_auto/league/dbs2xvntmad015bo7qxe",CHI,75.0,300.0,1998-10-15,
00-0036959,0,0,0,0,0,0,0,0,0,0.0,0.0,0,0,0,0,0,0.0,4,4,50,1,0,7.25989974103868,0,0,0,0,0.0,0,0,1,0,5,29,0,0,0,0,0,Michael Bandy,WR,WR,"https://static.www.nfl.com/image/upload/f_auto,q_auto/league/chfu1cqtulkawqq1mulx",DEN,70.0,190.0,1997-12-05,
00-0036961,0,0,0,0,0,0,0,0,0,0.0,0.0,0,0,0,0,0,0.0,0,0,0,0,0,0.0,0,1,0,0,0.0,0,0,0,0,0,0,0,0,0,0,0,Richie Grant,SAF,DB,"https://static.www.nfl.com/image/upload/f_auto,q_auto/league/hzzmvmlmkqe6sn4g1d4j",NE,72.0,204.0,1995-08-28,
00-0036962,0,0,0,0,0,0,0,0,0,0.0,0.0,0,0,0,0,0,0.0,0,0,0,0,0,0.0,0,56,12,0,2.0,1,0,0,0,0,0,0,0,0,0,0,Tre'von Moehrig,SAF,DB,"https://static.www.nfl.com/image/upload/f_auto,q_auto/league/cyprwi2vzj1a3oitgseo",CAR,74.0,202.0,1999-06-16,
00-0036963,0,0,0,0,0,0,0,0,0,0.0,0.0,0,3,9,0,0,0.5569902447750792,106,157,1262,11,1,49.66469877190001,0,4,0,0,0.0,0,0,0,0,0,0,0,0,0,0,0,Amon-Ra St. Brown,WR,WR,"https://static.www.nfl.com/image/upload/f_auto,q_auto/league/fd8nwhm6pvxfyzphzl6i",DET,72.0,202.0,1999-10-24,
00-0036964,0,0,0,0,0,0,0,0,0,0.0,0.0,0,0,0,0,0,0.0,0,0,0,0,0,0.0,0,37,6,0,4.0,1,0,0,1,0,0,0,0,0,0,0,Derrick Barnes,LB,LB,"https://static.www.nfl.com/image/upload/f_auto,q_auto/league/jksvb5xfttcodlgvlyjo",DET,72.0,240.0,1999-05-29,
00-0036967,0,0,0,0,0,0,0,0,0,0.0,0.0,0,0,0,0,0,0.0,0,0,0,0,0,0.0,0,10,1,0,0.0,0,0,0,0,0,0,0,0,0,0,0,Joe Tryon-Shoyinka,DE,DL,"https://static.www.nfl.com/image/upload/f_auto,q_auto/league/it6wkxysejicc83azqkd",CLE,77.0,259.0,1999-04-30,
00-0036968,0,0,0,0,0,0,0,0,0,0.0,0.0,0,0,0,0,0,0.0,0,0,0,0,0,0.0,0,0,0,0,0.0,0,0,0,0,0,0,0,0,0,0,0,Brady Christensen,OT,OL,"https://static.www.nfl.com/image/upload/f_auto,q_auto/league/pbj2pkbe5cwtomutayd1",CAR,78.0,300.0,1996-09-27,
00-0036970,0,0,0,0,0,0,0,0,0,0.0,0.0,0,0,0,0,0,0.0,82,109,870,5,0,25.256679291650038,0,1,0,0,0.0,0,0,0,0,0,0,0,0,0,0,0,Kyle Pitts,TE,TE,"https://static.www.nfl.com/image/upload/f_auto,q_auto/league/tbec213me3pszzszecqo",ATL,78.0,250.0,2000-10-06,
00-0036971,319,530,3752,26,12,39,-231,3,2,28.23518071856111,-33.14894931421625,0,80,348,9,2,24.40162671078812,0,0,0,0,0,0.0,0,0,0,0,0.0,0,0,0,0,0,0,0,0,0,0,0,Trevor Lawrence,QB,QB,"https://static.www.nfl.com/image/upload/f_auto,q_auto/league/d75srntioly7fq0z8vip",JAX,78.0,220.0,1999-10-06,
00-0036972,201,289,2151,13,6,16,-108,3,2,44.68512074048047,31.68627044765445,1,36,60,0,1,-5.267776353717168,0,0,0,0,0,0.0,0,1,0,0,0.0,0,0,0,0,0,0,0,0,0,0,0,Mac Jones,QB,QB,"https://static.www.nfl.com/image/upload/f_auto,q_auto/league/v5sg1z9qvdpjeapblndz",SF,75.0,220.0,1998-09-05,
00-0036973,0,0,0,0,0,0,0,0,0,0.0,0.0,0,246,1075,7,0,-15.286374088943978,35,51,286,6,0,8.369797400780953,0,1,0,0,0.0,0,0,0,0,0,0,0,0,0,0,0,Travis Etienne,RB,RB,"https://static.www.nfl.com/image/upload/f_auto,q_auto/league/gc0iljgj34piecyfueyd",JAX,70.0,215.0,1999-01-26,
00-0036974,0,0,0,0,0,0,0,0,0,0.0,0.0,0,0,0,0,0,0.0,0,0,0,0,0,0.0,0,53,2,2,0.0,1,1,0,0,0,0,0,0,0,0,0,Tyson Campbell,CB,DB,"https://static.www.nfl.com/image/upload/f_auto,q_auto/league/qhtmkkoqakioplm2vfrw",JAX,73.0,195.0,2000-03-17,
00-0036975,0,0,0,0,0,0,0,0,0,0.0,0.0,0,0,0,0,0,0.0,0,0,0,0,0,0.0,0,0,0,0,0.0,0,0,0,0,0,0,0,0,0,0,0,Walker Little,OT,OL,"https://static.www.nfl.com/image/upload/f_auto,q_auto/league/rcvi4hvhzassjkeya7z9",JAX,79.0,325.0,1999-04-01,
00-0036976,0,0,0,0,0,0,0,0,0,0.0,0.0,0,0,0,0,0,0.0,0,0,0,0,0,0.0,0,0,0,0,0.0,0,0,0,0,0,0,0,0,0,0,0,Spencer Brown,OT,OL,"https://static.www.nfl.com/image/upload/f_auto,q_auto/league/q2lsfuxunzzgso9rtldu",BUF,80.0,311.0,1998-02-28,
00-0036980,0,0,0,0,0,0,0,0,0,0.0,0.0,0,6,24,1,0,-0.015159874747041613,9,17,112,0,0,-3.889523251040373,0,0,0,0,0.0,0,0,0,0,0,0,0,0,0,0,0,Elijah Moore,WR,WR,"https://static.www.nfl.com/image/upload/f_auto,q_auto/league/hglegw8qqnvb8fghc8cq",BUF,70.0,180.0,2000-03-27,
00-0036981,0,0,0,0,0,0,0,0,0,0.0,0.0,0,0,0,0,0,0.0,0,0,0,0,0,0.0,0,12,3,0,1.0,0,0,0,0,0,0,0,0,0,0,0,Christian Barmore,DT,DL,"https://static.www.nfl.com/image/upload/f_auto,q_auto/league/r2qnczxwkpqhk8is5jkv",NE,77.0,315.0,1999-07-28,
00-0036982,0,0,0,0,0,0,0,0,0,0.0,0.0,0,0,0,0,0,0.0,0,0,0,0,0,0.0,0,12,4,0,1.0,0,0,0,0,0,0,0,0,0,0,0,Chauncey Golston,DE,DL,"https://static.www.nfl.com/image/upload/f_auto,q_auto/league/sxmy7rxufyanqn2mpsba",NYG,77.0,277.0,1998-02-10,
00-0036984,0,0,0,0,0,0,0,0,0,0.0,0.0,0,0,0,0,0,0.0,0,0,0,0,0,0.0,0,0,0,0,0.0,0,0,0,0,0,0,2,51,0,0,0,Trey Sermon,RB,RB,"https://static.www.nfl.com/image/upload/f_auto,q_auto/league/eqhl3xiczodsyqlmsxvr",PIT,72.0,215.0,1999-01-30,
00-0036985,0,0,0,0,0,0,0,0,0,0.0,0.0,0,0,0,0,0,0.0,0,0,0,0,0,0.0,0,0,0,0,0.0,0,0,0,0,0,0,0,0,0,0,0,Robert Hainsey,C,OL,"https://static.www.nfl.com/image/upload/f_auto,q_auto/league/gaphcunqg5idsedj7rjv",JAX,76.0,306.0,1998-08-12,
00-0036986,0,0,0,0,0,0,0,0,0,0.0,0.0,0,0,0,0,0,0.0,0,0,0,0,0,0.0,0,45,3,2,0.0,5,1,0,0,0,0,0,0,0,0,0,Nahshon Wright,CB,DB,"https://static.www.nfl.com/image/upload/f_auto,q_auto/league/muwpbl5yr0o4yvkcxtu3",CHI,76.0,199.0,1998-09-23,
00-0036987,0,0,0,0,0,0,0,0,0,0.0,0.0,0,0,0,0,0,0.0,0,0,0,0,0,0.0,0,46,4,1,0.0,0,0,0,0,0,0,0,0,0,0,0,Brandon Stephens,CB,DB,"https://static.www.nfl.com/image/upload/f_auto,q_auto/league/xvwpf9u0s2yj7ldppaen",NYJ,73.0,215.0,1997-12-29,
00-0036988,0,0,0,0,0,0,0,0,0,0.0,0.0,0,0,0,0,0,0.0,21,34,302,0,0,8.626410552007645,0,1,0,0,0.0,0,0,0,0,0,0,0,0,0,0,0,Josh Palmer,WR,WR,"https://static.www.nfl.com/image/upload/f_auto,q_auto/league/woswdfrtxnsfgzsjvsxx",BUF,73.0,210.0,1999-09-22,
00-0036989,0,0,0,0,0,0,0,0,0,0.0,0.0,0,0,0,0,0,0.0,0,0,0,0,0,0.0,0,11,6,1,4.0,0,0,0,0,0,0,0,0,0,0,0,Malcolm Koonce,DE,DL,"https://static.www.nfl.com/image/upload/f_auto,q_auto/league/cujkqhjibrywjodwgfyp",LV,74.0,243.0,1998-06-06,
00-0036990,0,0,0,0,0,0,0,0,0,0.0,0.0,0,0,0,0,0,0.0,0,0,0,0,0,0.0,0,35,5,0,1.0,0,0,0,0,0,0,0,0,0,0,0,Divine Deablo,LB,LB,"https://static.www.nfl.com/image/upload/f_auto,q_auto/league/btw2sohcblkqvpsrctio",ATL,75.0,223.0,1998-08-17,
00-0036992,0,0,0,0,0,0,0,0,0,0.0,0.0,0,0,0,0,0,0.0,0,0,0,0,0,0.0,0,27,0,0,0.0,1,0,0,0,0,0,0,0,0,0,0,Elijah Molden,CB,DB,"https://static.www.nfl.com/image/upload/f_auto,q_auto/league/yxq6pkgcvnln5riyonff",LAC,70.0,191.0,1999-01-30,
00-0036993,0,0,0,0,0,0,0,0,0,0.0,0.0,0,0,0,0,0,0.0,0,0,0,0,0,0.0,0,27,1,0,1.0,1,0,0,0,0,0,0,0,0,0,0,Ifeatu Melifonwu,SAF,DB,"https://static.www.nfl.com/image/upload/f_auto,q_auto/league/ftt7jc1nr0hmf1xmzyh2",MIA,75.0,210.0,1999-05-02,
00-0036994,0,0,0,0,0,0,0,0,0,0.0,0.0,0,0,0,0,0,0.0,0,0,0,0,0,0.0,0,56,4,0,0.5,5,1,0,0,0,0,0,0,0,0,0,Ernest Jones,LB,LB,"https://static.www.nfl.com/image/upload/f_auto,q_auto/league/zn0pz6okty7vbj5ryryt",SEA,74.0,230.0,1999-11-22,
00-0036995,0,0,0,0,0,0,0,0,0,0.0,0.0,0,0,0,0,0,0.0,0,0,0,0,0,0.0,0,13,4,0,2.0,1,0,0,0,0,0,0,0,0,0,0,Baron Browning,LB,LB,"https://static.www.nfl.com/image/upload/f_auto,q_auto/league/nd86rlr1op1wgkbpfcxv",ARI,75.0,255.0,1999-02-19,
00-0036996,0,0,0,0,0,0,0,0,0,0.0,0.0,0,0,0,0,0,0.0,0,0,0,0,0,0.0,0,38,2,0,0.0,1,0,0,0,0,0,0,0,0,0,0,Greg Newsome II,CB,DB,"https://static.www.nfl.com/image/upload/f_auto,q_auto/league/zyfy3onrys9i6ounvai8",CLE,72.0,192.0,2000-05-18,
00-0036997,0,0,0,0,0,0,0,0,0,0.0,0.0,0,252,1201,11,1,12.20500373808446,35,51,137,2,1,-22.73726915513861,0,1,0,0,0.0,0,0,0,0,0,0,0,0,0,0,0,Javonte Williams,RB,RB,"https://static.www.nfl.com/image/upload/f_auto,q_auto/league/hwzske22c4wrlf27qrih",DAL,70.0,220.0,2000-04-25,
00-0036998,0,0,0,0,0,0,0,0,0,0.0,0.0,0,0,0,0,0,0.0,0,0,0,0,0,0.0,0,38,0,0,0.0,1,0,0,0,2,7,0,0,0,0,0,Jevon Holland,SAF,DB,"https://static.www.nfl.com/image/upload/f_auto,q_auto/league/zuvtkp7vhs3iqvpj9nen",NYG,73.0,207.0,2000-03-03,
00-0037000,0,0,0,0,0,0,0,0,0,0.0,0.0,0,0,0,0,0,0.0,0,0,0,0,0,0.0,0,0,0,0,0.0,0,0,0,0,0,0,0,0,0,0,0,Monty Rice,LB,LB,"https://static.www.nfl.com/image/upload/f_auto,q_auto/league/rrcuqfoaipif1vrlobuz",DET,72.0,233.0,1999-01-08,
00-0037001,0,0,0,0,0,0,0,0,0,0.0,0.0,0,0,0,0,0,0.0,0,0,0,0,0,0.0,0,0,0,0,0.0,0,0,0,0,0,0,0,0,0,0,0,Quinn Meinerz,G,OL,"https://static.www.nfl.com/image/upload/f_auto,q_auto/league/wataecqih21xww0giu06",DEN,75.0,320.0,1998-11-15,
00-0037002,0,0,0,0,0,0,0,0,0,0.0,0.0,0,0,0,0,0,0.0,0,0,0,0,0,0.0,0,0,0,0,0.0,0,0,0,0,0,0,0,0,0,0,0,Landon Dickerson,G,OL,"https://static.www.nfl.com/image/upload/f_auto,q_auto/league/xmdowvfxum5huo9ahemm",PHI,78.0,333.0,1998-09-30,
00-0037003,0,0,0,0,0,0,0,0,0,0.0,0.0,0,0,0,0,0,0.0,0,0,0,0,0,0.0,0,4,0,0,0.0,0,0,0,0,0,0,0,0,0,0,0,Chazz Surratt,LB,LB,"https://static.www.nfl.com/image/upload/f_auto,q_auto/league/wvgrytpf6ymlzcmxcnch",SEA,74.0,233.0,1997-02-16,
00-0037004,0,0,0,0,0,0,0,0,0,0.0,0.0,0,0,0,0,0,0.0,12,17,85,2,1,7.768738388316706,0,0,0,0,0.0,0,0,0,0,0,0,0,0,0,0,0,Hunter Long,TE,TE,"https://static.www.nfl.com/image/upload/f_auto,q_auto/league/n1kvmijdfpyv1dwlwqa6",JAX,77.0,243.0,1998-08-19,
00-0037005,0,0,0,0,0,0,0,0,0,0.0,0.0,0,0,0,0,0,0.0,24,33,211,1,0,4.23778163994201,0,2,0,0,0.0,0,0,0,0,0,0,0,0,0,0,0,Tommy Tremble,TE,TE,"https://static.www.nfl.com/image/upload/f_auto,q_auto/league/j0atbeflgj05pldxfon6",CAR,76.0,250.0,2000-06-02,
00-0037007,0,0,0,0,0,0,0,0,0,0.0,0.0,0,0,0,0,0,0.0,0,0,0,0,0,0.0,0,6,2,0,1.0,0,0,0,0,0,0,0,0,0,0,0,Patrick Jones II,LB,LB,"https://static.www.nfl.com/image/upload/f_auto,q_auto/league/yj0r18rgx7oishozdalv",CAR,76.0,264.0,1998-09-29,
00-0037012,7,13,90,0,0,2,-12,0,0,-7.969812458206434,26.61190678675969,0,8,16,0,0,-1.931394761777483,0,0,0,0,0,0.0,0,0,0,0,0.0,0,0,0,0,0,0,0,0,0,0,0,Trey Lance,QB,QB,"https://static.www.nfl.com/image/upload/f_auto,q_auto/league/gu6ewpdscaswlet6pbq0",LAC,76.0,226.0,2000-05-09,
00-0037013,6,9,32,0,0,0,0,0,0,-5.15894344978733,8.046578243374825,0,3,1,0,0,-0.2385015040636062,0,0,0,0,0,0.0,0,0,0,0,0.0,0,0,0,0,0,0,0,0,0,0,0,Zach Wilson,QB,QB,"https://static.www.nfl.com/image/upload/f_auto,q_auto/league/i17xpbsar7evcypbhtel",MIA,74.0,214.0,1999-08-03,
00-0037015,0,0,0,0,0,0,0,0,0,0.0,0.0,0,0,0,0,0,0.0,2,4,11,0,0,-8.244116740999743,0,0,0,0,0.0,0,0,0,0,0,0,0,0,0,0,0,Sal Cannella,TE,TE,,CLE,77.0,242.0,1996-12-02,
00-0037031,0,0,0,0,0,0,0,0,0,0.0,0.0,0,0,0,0,0,0.0,0,0,0,0,0,0.0,0,1,0,1,0.0,0,0,0,0,0,0,0,0,0,0,0,Nikola Kalinic,TE,TE,"https://static.www.nfl.com/image/upload/f_auto,q_auto/league/fyvri4pofkob6yclq4kz",CHI,76.0,248.0,1997-01-21,
00-0037034,0,0,0,0,0,0,0,0,0,0.0,0.0,0,0,0,0,0,0.0,0,0,0,0,0,0.0,0,50,5,1,2.0,2,0,0,0,0,0,1,21,0,0,0,Dee Alford,CB,DB,"https://static.www.nfl.com/image/upload/f_auto,q_auto/league/ekj8kwdcwmajijqt1ce2",ATL,71.0,180.0,1997-11-05,
00-0037041,0,0,0,0,0,0,0,0,0,0.0,0.0,0,0,0,0,0,0.0,0,0,0,0,0,0.0,0,0,0,0,0.0,0,0,0,0,0,0,0,0,0,0,0,Haggai Ndubuisi,DT,DL,"https://static.www.nfl.com/image/upload/f_auto,q_auto/league/jalumajq4tyslz16v8j0",HOU,79.0,298.0,2000-10-15,
00-0037051,0,0,0,0,0,0,0,0,0,0.0,0.0,0,0,0,0,0,0.0,0,0,0,0,0,0.0,0,2,1,0,1.0,0,0,0,0,0,0,0,0,0,0,0,Elijah Garcia,DE,DL,"https://static.www.nfl.com/image/upload/f_auto,q_auto/league/mdhtfrrfmfeop2secu2c",NYG,77.0,302.0,1998-03-11,
00-0037073,0,0,0,0,0,0,0,0,0,0.0,0.0,0,0,0,0,0,0.0,0,0,0,0,0,0.0,1,32,9,0,4.5,0,0,0,0,0,0,0,0,0,0,0,Jordan Davis,DT,DL,"https://static.www.nfl.com/image/upload/f_auto,q_auto/league/tcepyh61e1ct4vhdeaer",PHI,78.0,336.0,2000-01-12,
00-0037074,0,0,0,0,0,0,0,0,0,0.0,0.0,0,0,0,0,0,0.0,0,0,0,0,0,0.0,0,54,8,0,2.5,0,0,0,0,0,0,0,0,0,0,0,Quay Walker,LB,LB,"https://static.www.nfl.com/image/upload/f_auto,q_auto/league/dkqnq4ccxwrr7u34aqrz",GB,76.0,240.0,2000-05-08,
00-0037075,0,0,0,0,0,0,0,0,0,0.0,0.0,0,0,0,0,0,0.0,0,0,0,0,0,0.0,0,15,6,0,4.0,0,0,0,0,0,0,0,0,0,0,0,Devonte Wyatt,DT,DL,"https://static.www.nfl.com/image/upload/f_auto,q_auto/league/p1oupvtm9kcm0wpuhape",GB,75.0,304.0,1998-03-31,
00-0037076,0,0,0,0,0,0,0,0,0,0.0,0.0,0,0,0,0,0,0.0,0,0,0,0,0,0.0,0,1,0,0,0.0,0,0,0,0,0,0,0,0,0,0,0,Sean Rhyan,OT,OL,"https://static.www.nfl.com/image/upload/f_auto,q_auto/league/qkl36vd0ozvjal6lisw9",GB,77.0,320.0,2000-09-15,
00-0037079,0,0,0,0,0,0,0,0,0,0.0,0.0,0,0,0,0,0,0.0,0,0,0,0,0,0.0,0,31,0,0,0.0,1,0,1,0,0,0,0,0,0,0,0,Riq Woolen,CB,DB,"https://static.www.nfl.com/image/upload/f_auto,q_auto/league/rup4lbocfzdeohfrzfq9",SEA,76.0,210.0,1999-05-02,
00-0037081,0,0,0,0,0,0,0,0,0,0.0,0.0,0,0,0,0,0,0.0,0,0,0,0,0,0.0,0,0,0,0,0.0,0,0,0,0,0,0,0,0,0,0,0,Braxton Jones,OT,OL,"https://static.www.nfl.com/image/upload/f_auto,q_auto/league/mjifvwkjowxkcdn61opd",CHI,77.0,303.0,1999-03-27,
00-0037082,0,0,0,0,0,0,0,0,0,0.0,0.0,0,0,0,0,0,0.0,0,0,0,0,0,0.0,0,10,2,0,1.5,0,0,0,0,0,0,0,0,0,0,0,Dominique Robinson,DE,DL,"https://static.www.nfl.com/image/upload/f_auto,q_auto/league/ces5sntijczc3q0pabay",CHI,77.0,275.0,1998-07-02,
00-0037083,0,0,0,0,0,0,0,0,0,0.0,0.0,0,0,0,0,0,0.0,0,0,0,0,0,0.0,0,16,6,0,2.0,0,0,0,0,0,0,0,0,0,0,0,Kingsley Enagbare,DE,DL,"https://static.www.nfl.com/image/upload/f_auto,q_auto/league/ty3h4h6l190fjiwmczlt",GB,76.0,258.0,2000-01-18,
00-0037085,0,0,0,0,0,0,0,0,0,0.0,0.0,0,6,25,0,0,-1.1318934991722926,17,29,113,0,0,-3.38584204628847,0,3,0,0,0.0,0,0,0,0,0,0,17,452,0,0,0,Tyler Badie,RB,RB,"https://static.www.nfl.com/image/upload/f_auto,q_auto/league/ger5eiktec0vzmrxjnaw",DEN,68.0,197.0,1999-02-07,
00-0037086,0,0,0,0,0,0,0,0,0,0.0,0.0,0,0,0,0,0,0.0,7,10,55,0,0,0.6377658823621462,0,1,0,0,0.0,0,0,0,0,0,0,0,0,0,0,0,Grant Calcaterra,TE,TE,"https://static.www.nfl.com/image/upload/f_auto,q_auto/league/xzfqqlmavruytirlmg3n",PHI,76.0,240.0,1998-12-04,
00-0037091,0,0,0,0,0,0,0,0,0,0.0,0.0,0,5,35,0,0,0.8476753340801226,4,12,107,1,0,-1.168071498395875,0,1,0,0,0.0,0,0,0,0,0,0,19,467,0,0,0,Bo Melton,CB,DB,"https://static.www.nfl.com/image/upload/f_auto,q_auto/league/yt6xe5fxszt0byq1uszm",GB,71.0,189.0,1999-05-18,
00-0037092,0,0,0,0,0,0,0,0,0,0.0,0.0,0,0,0,0,0,0.0,0,0,0,0,0,0.0,0,0,0,0,0.0,0,0,0,0,0,0,0,0,0,0,0,Chris Paul,G,OL,"https://static.www.nfl.com/image/upload/f_auto,q_auto/league/mr885ffyaer4nyo820dq",WAS,76.0,324.0,1998-11-19,
00-0037093,0,0,0,0,0,0,0,0,0,0.0,0.0,0,0,0,0,0,0.0,2,3,48,0,0,1.9701104544801635,0,7,0,0,0.0,0,0,0,0,0,0,10,322,0,0,0,Dareke Young,WR,WR,"https://static.www.nfl.com/image/upload/f_auto,q_auto/league/umjr6zhpksws2vpfo0qe",SEA,74.0,224.0,1999-06-04,
00-0037094,0,0,0,0,0,0,0,0,0,0.0,0.0,0,0,0,0,0,0.0,0,0,0,0,0,0.0,0,0,0,0,0.0,0,0,0,0,0,0,0,0,0,0,0,Jonathan Ford,DT,DL,"https://static.www.nfl.com/image/upload/f_auto,q_auto/league/jxuuhxzzlpfhtm20j9qb",CHI,77.0,346.0,1998-09-29,
00-0037096,0,0,0,0,0,0,0,0,0,0.0,0.0,0,0,0,0,0,0.0,0,0,0,0,0,0.0,0,9,0,0,0.0,0,0,0,0,0,0,0,0,0,0,0,Elijah Hicks,SAF,DB,"https://static.www.nfl.com/image/upload/f_auto,q_auto/league/uxf5ugo9enwnd8vyxwyv",CHI,71.0,204.0,1999-10-16,
00-0037106,0,0,0,0,0,0,0,0,0,0.0,0.0,0,0,0,0,0,0.0,0,0,0,0,0,0.0,0,7,0,1,0.0,0,0,0,0,0,0,0,0,0,0,0,Jaylon Jones,DB,DB,"https://static.www.nfl.com/image/upload/f_auto,q_auto/league/xzmtw9ip1b8psz4u9nd0",CHI,71.0,190.0,1997-10-14,
00-0037109,0,0,0,0,0,0,0,0,0,0.0,0.0,0,0,0,0,0,0.0,0,0,0,0,0,0.0,0,15,1,0,0.0,0,0,0,0,0,0,0,0,0,0,0,Jack Sanborn,LB,LB,"https://static.www.nfl.com/image/upload/f_auto,q_auto/league/zlvowg4wze6yjwccibk2",DAL,74.0,234.0,2000-07-29,
00-0037112,0,0,0,0,0,0,0,0,0,0.0,0.0,0,0,0,0,0,0.0,34,46,293,5,0,14.216050249422594,0,5,0,0,0.0,0,0,0,0,0,0,0,0,0,0,0,Jake Tonges,TE,TE,"https://static.www.nfl.com/image/upload/f_auto,q_auto/league/uztcdowl4wig2uhy1qxh",SF,76.0,240.0,1999-07-08,
00-0037120,0,0,0,0,0,0,0,0,0,0.0,0.0,0,8,21,0,0,-2.7009358374634758,2,3,8,0,0,-0.9459662016597576,0,5,0,0,0.0,0,0,0,0,0,0,2,60,0,0,0,Tyler Goodson,RB,RB,"https://static.www.nfl.com/image/upload/f_auto,q_auto/league/fvuevf0apxtfjwdj7l0e",IND,69.0,197.0,2000-11-10,
00-0037129,0,0,0,0,0,0,0,0,0,0.0,0.0,0,0,0,0,0,0.0,0,0,0,0,0,0.0,0,3,0,0,0.0,0,0,0,0,0,0,17,425,0,0,0,Josh Blackwell,CB,DB,"https://static.www.nfl.com/image/upload/f_auto,q_auto/league/cigs4edcf8auxzzv5klc",CHI,71.0,180.0,1999-04-05,
00-0037130,0,0,0,0,0,0,0,0,0,0.0,0.0,0,0,0,0,0,0.0,0,0,0,0,0,0.0,0,53,1,1,0.0,1,0,0,0,0,0,0,0,0,0,0,Reed Blankenship,SAF,DB,"https://static.www.nfl.com/image/upload/f_auto,q_auto/league/fot7g8gs7nv4ecavlisf",PHI,73.0,203.0,1999-03-02,
00-0037132,0,0,0,0,0,0,0,0,0,0.0,0.0,0,0,0,0,0,0.0,0,0,0,0,0,0.0,0,0,0,0,0.0,0,0,1,0,9,104,5,125,0,0,0,Britain Covey,WR,WR,"https://static.www.nfl.com/image/upload/f_auto,q_auto/league/ccxa0mqgouhyluizjbwt",PHI,68.0,173.0,1997-03-18,
00-0037137,0,0,0,0,0,0,0,0,0,0.0,0.0,0,0,0,0,0,0.0,0,0,0,0,0,0.0,0,37,0,0,0.5,1,0,0,0,0,0,0,0,0,0,0,Josh Jobe,CB,DB,"https://static.www.nfl.com/image/upload/f_auto,q_auto/league/tfksoqwgf4axolfjv6zi",SEA,71.0,190.0,1998-04-09,
00-0037155,0,0,0,0,0,0,0,0,0,0.0,0.0,0,0,0,0,0,0.0,0,0,0,0,0,0.0,0,30,3,0,1.0,0,0,0,0,0,0,0,0,0,0,0,Tony Adams,SAF,DB,"https://static.www.nfl.com/image/upload/f_auto,q_auto/league/lajc14lel9fjm8p6flnc",NYJ,71.0,203.0,1999-01-24,
00-0037157,0,0,0,0,0,0,0,0,0,0.0,0.0,0,82,269,4,1,-16.387532609762157,22,31,160,1,0,1.4046673619304784,0,1,0,0,0.0,0,0,0,0,0,0,12,256,0,0,0,Bam Knight,RB,RB,"https://static.www.nfl.com/image/upload/f_auto,q_auto/league/mjxnlzlnnwlfqayeybut",ARI,71.0,209.0,2001-04-11,
00-0037179,0,0,0,0,0,0,0,0,0,0.0,0.0,0,0,0,0,0,0.0,0,0,0,0,0,0.0,0,0,0,0,0.0,0,0,0,0,0,0,0,0,0,0,0,Jeremiah Moon,LB,LB,"https://static.www.nfl.com/image/upload/f_auto,q_auto/league/x2he3hockgnqfmxlxctw",PIT,77.0,245.0,1998-08-18,
00-0037190,0,0,0,0,0,0,0,0,0,0.0,0.0,0,0,0,0,0,0.0,0,0,0,0,0,0.0,0,28,0,0,0.0,0,0,0,0,0,0,0,0,0,0,0,Sauce Gardner,CB,DB,"https://static.www.nfl.com/image/upload/f_auto,q_auto/league/tzp7ta7zvziaahtuxhlc",NYJ,75.0,190.0,2001-08-31,
00-0037191,0,0,0,0,0,0,0,0,0,0.0,0.0,0,0,0,0,0,0.0,0,0,0,0,0,0.0,0,45,2,1,1.0,1,0,0,0,0,0,0,0,0,0,0,Trent McDuffie,CB,DB,"https://static.www.nfl.com/image/upload/f_auto,q_auto/league/nkb7xmyxy4uxe4qhablh",KC,71.0,193.0,2000-09-13,
00-0037192,0,0,0,0,0,0,0,0,0,0.0,0.0,0,0,0,0,0,0.0,0,0,0,0,0,0.0,0,23,10,0,6.0,0,0,0,0,0,0,0,0,0,0,0,George Karlaftis,DE,DL,"https://static.www.nfl.com/image/upload/f_auto,q_auto/league/hxs6hihwuusxydnr8skh",KC,76.0,263.0,2001-04-03,
00-0037193,0,0,0,0,0,0,0,0,0,0.0,0.0,0,0,0,0,0,0.0,0,0,0,0,0,0.0,0,45,1,0,0.0,0,0,0,0,0,0,0,0,0,0,0,Bryan Cook,SAF,DB,"https://static.www.nfl.com/image/upload/f_auto,q_auto/league/ge8j9sel1xacfl2plnol",KC,73.0,206.0,1999-09-07,
00-0037194,0,0,0,0,0,0,0,0,0,0.0,0.0,0,0,0,0,0,0.0,0,0,0,0,0,0.0,0,0,0,0,0.0,0,0,0,0,0,0,0,0,0,0,0,Darian Kinnard,OT,OL,"https://static.www.nfl.com/image/upload/f_auto,q_auto/league/zb5y9bkkhojda6ljs8sn",GB,77.0,322.0,1999-12-29,
00-0037195,0,0,0,0,0,0,0,0,0,0.0,0.0,0,0,0,0,0,0.0,0,0,0,0,0,0.0,0,42,3,0,2.0,2,0,0,0,0,0,0,0,0,0,0,Jaylen Watson,CB,DB,"https://static.www.nfl.com/image/upload/f_auto,q_auto/league/vxmoq9pwno4z14gldecd",KC,74.0,197.0,1998-09-17,
00-0037196,0,0,0,0,0,0,0,0,0,0.0,0.0,0,0,0,0,0,0.0,0,0,0,0,0,0.0,0,0,0,0,0.0,0,0,0,0,0,0,0,0,0,0,0,Rasheed Walker,OT,OL,"https://static.www.nfl.com/image/upload/f_auto,q_auto/league/txizso7r4uhuocg4uhks",GB,78.0,325.0,2000-02-13,
00-0037197,0,0,0,0,0,0,0,0,0,0.0,0.0,0,118,462,1,0,-13.64339287643088,19,26,101,1,0,-4.6779332794478785,0,0,0,0,0.0,0,0,0,0,0,0,0,0,0,0,0,Isiah Pacheco,RB,RB,"https://static.www.nfl.com/image/upload/f_auto,q_auto/league/tqshteijt4xhgk2ei9sx",KC,70.0,216.0,1999-03-02,
00-0037203,0,0,0,0,0,0,0,0,0,0.0,0.0,0,0,0,0,0,0.0,0,0,0,0,0,0.0,0,7,0,0,0.0,0,0,0,0,0,0,0,0,0,0,0,LaBryan Ray,DT,DL,"https://static.www.nfl.com/image/upload/f_auto,q_auto/league/sa3cqqnsfpbh8hbn6ga3",CAR,76.0,290.0,1997-12-05,
00-0037205,0,0,0,0,0,0,0,0,0,0.0,0.0,0,0,0,0,0,0.0,0,0,0,0,0,0.0,0,11,0,0,0.0,0,0,0,0,0,0,0,0,0,0,0,Brenden Schooler,SAF,DB,"https://static.www.nfl.com/image/upload/f_auto,q_auto/league/lawgvaccr2r2susesv1g",NE,73.0,210.0,1997-05-30,
00-0037207,0,0,0,0,0,0,0,0,0,0.0,0.0,0,0,0,0,0,0.0,0,0,0,0,0,0.0,0,0,0,0,0.0,0,0,0,0,0,0,0,0,0,0,0,Mike Caliendo,G,OL,"https://static.www.nfl.com/image/upload/f_auto,q_auto/league/xfghkpipwwva7x4vs6xk",KC,76.0,300.0,1997-10-21,
00-0037208,0,0,0,0,0,0,0,0,0,0.0,0.0,0,0,0,0,0,0.0,0,0,0,0,0,0.0,0,5,0,0,0.0,1,0,0,0,0,0,0,0,0,0,0,Jack Cochrane,LB,LB,"https://static.www.nfl.com/image/upload/f_auto,q_auto/league/oh1dnddhxhzozoatq0z9",KC,75.0,236.0,1999-02-09,
00-0037224,0,0,0,0,0,0,0,0,0,0.0,0.0,0,0,0,0,0,0.0,0,0,0,0,0,0.0,0,2,0,0,0.0,0,0,0,0,0,0,0,0,37,40,0,Cameron Dicker,K,SPEC,"https://static.www.nfl.com/image/upload/f_auto,q_auto/league/vd4nd1hoax82j7fi2bx0",LAC,73.0,216.0,2000-05-06,1.0
00-0037228,0,0,0,0,0,0,0,0,0,0.0,0.0,0,197,892,6,1,0.6853711350413514,35,40,300,2,0,8.254990347863941,0,0,0,0,0.0,0,0,0,0,0,0,6,146,0,0,0,Jaylen Warren,RB,RB,"https://static.www.nfl.com/image/upload/f_auto,q_auto/league/f3txbqdarbabqtq4sx98",PIT,68.0,215.0,1998-11-01,
00-0037229,0,0,0,0,0,0,0,0,0,0.0,0.0,0,0,0,0,0,0.0,0,0,0,0,0,0.0,0,1,0,0,0.0,0,0,0,0,0,0,0,0,0,0,0,Ikem Ekwonu,OT,OL,"https://static.www.nfl.com/image/upload/f_auto,q_auto/league/fcta66ia7jfaml7vssru",CAR,76.0,320.0,2000-10-31,
00-0037231,0,0,0,0,0,0,0,0,0,0.0,0.0,0,0,0,0,0,0.0,9,14,103,1,0,2.2970573884111682,0,0,0,0,0.0,0,0,0,0,0,0,0,0,0,0,0,Kevin Austin Jr.,WR,WR,"https://static.www.nfl.com/image/upload/f_auto,q_auto/league/fh2yaqaxkornxeb7d9ie",NO,74.0,200.0,2000-03-30,
00-0037235,0,0,0,0,0,0,0,0,0,0.0,0.0,0,0,0,0,0,0.0,0,0,0,0,0,0.0,0,18,7,0,3.5,0,0,0,0,0,0,0,0,0,0,0,Travon Walker,DE,DL,"https://static.www.nfl.com/image/upload/f_auto,q_auto/league/dg4shgrhcxlmhrdaifiu",JAX,77.0,272.0,2000-12-18,
00-0037236,0,0,0,0,0,0,0,0,0,0.0,0.0,0,0,0,0,0,0.0,0,0,0,0,0,0.0,0,31,13,4,13.5,1,0,0,0,0,0,0,0,0,0,0,Aidan Hutchinson,DE,DL,"https://static.www.nfl.com/image/upload/f_auto,q_auto/league/mnv2cpjveex9rtrkkaly",DET,79.0,268.0,2000-08-09,
00-0037237,0,0,0,0,0,0,0,0,0,0.0,0.0,0,0,0,0,0,0.0,0,0,0,0,0,0.0,0,26,1,1,0.0,4,1,0,0,0,0,0,0,0,0,0,Derek Stingley Jr.,CB,DB,"https://static.www.nfl.com/image/upload/f_auto,q_auto/league/wkzinciyrrmsqdlda8lj",HOU,73.0,195.0,2001-06-20,
00-0037238,0,0,0,0,0,0,0,0,0,0.0,0.0,0,0,0,0,0,0.0,64,104,841,6,1,20.28729454172286,0,2,0,0,0.0,0,0,0,0,0,0,0,0,0,0,0,Drake London,WR,WR,"https://static.www.nfl.com/image/upload/f_auto,q_auto/league/np91pvk7mczra1iyjkmo",ATL,76.0,215.0,2001-07-24,
00-0037239,0,1,0,0,1,0,0,0,0,-3.595132173621096,-55.08899092674256,0,1,-3,0,0,-1.253101927228272,100,156,1163,9,0,35.62936226270581,0,1,0,0,0.0,0,0,0,0,0,0,0,0,0,0,0,Chris Olave,WR,WR,"https://static.www.nfl.com/image/upload/f_auto,q_auto/league/vrrmyvpvujynckag9jop",NO,72.0,187.0,2000-06-27,
00-0037240,0,0,0,0,0,0,0,0,0,0.0,0.0,0,6,12,0,0,-1.425711963151116,59,94,1043,7,0,50.56287120471661,0,1,0,0,0.0,0,0,0,0,0,0,0,0,0,0,0,Jameson Williams,WR,WR,"https://static.www.nfl.com/image/upload/f_auto,q_auto/league/gpjarmglg1jhwq5wr1uu",DET,73.0,180.0,2001-03-26,
00-0037241,0,0,0,0,0,0,0,0,0,0.0,0.0,0,0,0,0,0,0.0,0,1,0,0,0,-0.9967377239954658,0,0,0,0,0.0,0,0,0,0,0,0,0,0,0,0,0,Trevor Penning,OT,OL,"https://static.www.nfl.com/image/upload/f_auto,q_auto/league/ph1yzzisvtcuhbjb4uct",NO,79.0,325.0,1999-05-15,
00-0037242,0,0,0,0,0,0,0,0,0,0.0,0.0,0,0,0,0,0,0.0,0,0,0,0,0,0.0,0,21,1,0,0.0,0,0,0,0,0,0,0,0,0,0,0,Kaiir Elam,CB,DB,"https://static.www.nfl.com/image/upload/f_auto,q_auto/league/ye7stldje2waxyyjukvw",DAL,73.0,191.0,2001-05-05,
00-0037243,0,0,0,0,0,0,0,0,0,0.0,0.0,0,0,0,0,0,0.0,0,0,0,0,0,0.0,0,0,0,0,0.0,0,0,0,0,0,0,0,0,0,0,0,Tyler Smith,OT,OL,"https://static.www.nfl.com/image/upload/f_auto,q_auto/league/hem9gdkwxuowfcvomvfx",DAL,77.0,332.0,2001-04-03,
00-0037244,0,0,0,0,0,0,0,0,0,0.0,0.0,0,0,0,0,0,0.0,0,0,0,0,0,0.0,0,31,5,0,1.5,5,1,0,0,0,0,0,0,0,0,0,Devin Lloyd,LB,LB,"https://static.www.nfl.com/image/upload/f_auto,q_auto/league/f4iyy3k80fzfzsgavxon",JAX,75.0,235.0,1998-09-30,
00-0037246,0,0,0,0,0,0,0,0,0,0.0,0.0,0,0,0,0,0,0.0,0,0,0,0,0,0.0,0,41,3,0,0.0,4,0,0,0,0,0,0,0,0,0,0,Jalen Pitre,SAF,DB,"https://static.www.nfl.com/image/upload/f_auto,q_auto/league/nq8a3zanbbjoihquklor",HOU,72.0,200.0,1999-06-03,
00-0037247,0,0,0,0,0,0,0,0,0,0.0,0.0,0,0,0,0,0,0.0,92,134,1420,9,4,92.53493271240441,0,2,0,0,0.0,0,0,0,0,0,0,0,0,0,0,0,George Pickens,WR,WR,"https://static.www.nfl.com/image/upload/f_auto,q_auto/league/cbpyykoguf7rsxezqzvk",DAL,75.0,200.0,2001-03-04,
00-0037248,0,0,0,0,0,0,0,0,0,0.0,0.0,0,307,1606,12,6,4.8048658657242775,33,40,291,2,0,8.67202215976431,0,0,0,0,0.0,0,0,0,0,0,0,0,0,0,0,0,James Cook,RB,RB,"https://static.www.nfl.com/image/upload/f_auto,q_auto/league/anjbznqb9i21wzcgrtbs",BUF,71.0,190.0,1999-09-25,
00-0037249,0,0,0,0,0,0,0,0,0,0.0,0.0,0,0,0,0,0,0.0,0,0,0,0,0,0.0,0,29,13,1,12.5,0,0,0,0,0,0,0,0,0,0,0,Nik Bonitto,LB,LB,"https://static.www.nfl.com/image/upload/f_auto,q_auto/league/y1ptokk7b6jovbe2gtss",DEN,75.0,240.0,1999-09-26,
00-0037251,0,0,0,0,0,0,0,0,0,0.0,0.0,0,0,0,0,0,0.0,0,0,0,0,0,0.0,0,17,12,1,5.5,0,0,0,0,0,0,0,0,0,0,0,Alex Wright,DE,DL,"https://static.www.nfl.com/image/upload/f_auto,q_auto/league/rwvd1sputd9x1dziyznz",CLE,77.0,267.0,2000-09-05,
00-0037252,0,0,0,0,0,0,0,0,0,0.0,0.0,0,1,-7,0,0,-1.6294796523992647,23,29,304,1,1,14.5534446337407,0,0,0,0,0.0,0,0,0,0,0,0,0,0,0,0,0,Greg Dulcich,TE,TE,"https://static.www.nfl.com/image/upload/f_auto,q_auto/league/kirfnwuge3eam1s0ycne",MIA,76.0,245.0,2000-03-26,
00-0037253,0,0,0,0,0,0,0,0,0,0.0,0.0,0,0,0,0,0,0.0,0,0,0,0,0,0.0,2,42,6,0,1.0,3,1,2,0,21,363,0,0,0,0,0,Marcus Jones,CB,DB,"https://static.www.nfl.com/image/upload/f_auto,q_auto/league/bwy0az1y2vgvirna4bye",NE,68.0,188.0,1998-10-22,
00-0037254,0,0,0,0,0,0,0,0,0,0.0,0.0,0,0,0,0,0,0.0,0,0,0,0,0,0.0,0,39,7,0,0.0,1,0,0,0,0,0,0,0,0,0,0,Terrel Bernard,LB,LB,"https://static.www.nfl.com/image/upload/f_auto,q_auto/league/ryvz6uol9kymdgslc0rh",BUF,73.0,224.0,1999-05-07,
00-0037255,0,0,0,0,0,0,0,0,0,0.0,0.0,0,0,0,0,0,0.0,0,0,0,0,0,0.0,0,0,0,0,0.0,0,0,0,0,0,0,0,0,0,0,0,Dylan Parham,G,OL,"https://static.www.nfl.com/image/upload/f_auto,q_auto/league/wcuxehe604u11ay7hbpm",LV,74.0,332.0,1999-08-24,
00-0037256,0,0,0,0,0,0,0,0,0,0.0,0.0,0,125,549,4,0,12.628203605042422,38,43,200,0,0,-3.917567920461985,0,0,0,0,0.0,0,0,0,0,0,0,0,0,0,0,0,Rachaad White,RB,RB,"https://static.www.nfl.com/image/upload/f_auto,q_auto/league/sxugbms8ketvgmilnlu3",TB,72.0,214.0,1999-01-12,
00-0037258,0,0,0,0,0,0,0,0,0,0.0,0.0,0,10,26,0,0,-2.3220799361588433,0,1,0,0,0,-0.6312945219688118,0,0,0,0,0.0,0,0,0,0,0,0,4,92,0,0,0,Dameon Pierce,RB,RB,"https://static.www.nfl.com/image/upload/f_auto,q_auto/league/lifrupicniyrosy1vj9c",HOU,70.0,215.0,2000-02-19,
00-0037259,0,0,0,0,0,0,0,0,0,0.0,0.0,0,0,0,0,0,0.0,0,0,0,0,0,0.0,0,2,0,0,0.0,0,0,0,0,0,0,0,0,0,0,0,Micah McFadden,LB,LB,"https://static.www.nfl.com/image/upload/f_auto,q_auto/league/a5tbqialvnrvrvntreuj",NYG,74.0,232.0,2000-01-03,
00-0037260,0,0,0,0,0,0,0,0,0,0.0,0.0,0,0,0,0,0,0.0,0,0,0,0,0,0.0,0,5,1,0,0.0,0,0,0,0,0,0,0,0,0,0,0,DJ Davidson,DT,DL,"https://static.www.nfl.com/image/upload/f_auto,q_auto/league/qnrdocqxvfswgpfdskkp",NYG,77.0,320.0,1999-09-19,
00-0037261,0,0,0,0,0,0,0,0,0,0.0,0.0,0,1,5,0,0,-0.1054081413894891,72,95,719,4,1,7.502132030080419,0,2,0,0,0.0,0,0,0,0,16,124,0,0,0,0,0,Khalil Shakir,WR,WR,"https://static.www.nfl.com/image/upload/f_auto,q_auto/league/otadttbhvkmavhsonnqm",BUF,72.0,190.0,2000-02-03,
00-0037262,0,0,0,0,0,0,0,0,0,0.0,0.0,0,0,0,0,0,0.0,0,0,0,0,0,0.0,0,15,1,1,0.0,0,0,0,0,0,0,0,0,0,0,0,Thomas Booker,DT,DL,"https://static.www.nfl.com/image/upload/f_auto,q_auto/league/mial4vlgplowh3uxrnmk",LV,75.0,301.0,1999-11-11,
00-0037263,0,0,0,0,0,0,0,0,0,0.0,0.0,0,136,498,8,0,-8.533750230851929,13,14,93,0,0,3.71570958616212,0,2,0,0,0.0,0,0,0,0,0,0,0,0,0,0,0,Tyler Allgeier,RB,RB,"https://static.www.nfl.com/image/upload/f_auto,q_auto/league/buwaomfsz4y6orgb0cyg",ATL,71.0,225.0,2000-04-15,
00-0037264,0,0,0,0,0,0,0,0,0,0.0,0.0,0,0,0,0,0,0.0,0,0,0,0,0,0.0,0,0,0,0,0.0,0,0,0,0,0,0,0,0,0,0,0,Delarrin Turner-Yell,SAF,DB,"https://static.www.nfl.com/image/upload/f_auto,q_auto/league/p3ngd3m6wcijmxglj06j",DEN,71.0,200.0,1999-12-16,
00-0037267,0,0,0,0,0,0,0,0,0,0.0,0.0,0,24,73,0,0,-3.016960833454505,26,32,103,0,0,-5.587545501080998,0,1,0,0,0.0,0,0,0,0,0,0,13,294,0,0,0,Jerome Ford,RB,RB,"https://static.www.nfl.com/image/private/f_auto,q_auto/league/djggmwo5v8osoboiseo2",CLE,70.0,210.0,1999-09-12,
00-0037268,0,0,0,0,0,0,0,0,0,0.0,0.0,0,0,0,0,0,0.0,0,0,0,0,0,0.0,0,45,1,0,0.0,1,0,0,0,0,0,0,0,0,0,0,Zyon McCollum,CB,DB,"https://static.www.nfl.com/image/upload/f_auto,q_auto/league/pkpopwwr1bwjvpxwqs94",TB,74.0,199.0,1999-05-03,
00-0037269,0,0,0,0,0,0,0,0,0,0.0,0.0,0,0,0,0,0,0.0,0,0,0,0,0,0.0,0,4,1,0,0.0,0,0,0,0,0,0,0,0,0,0,0,Eric Johnson,DT,DL,"https://static.www.nfl.com/image/upload/f_auto,q_auto/league/fsvxbdkpnaondae99zbl",IND,76.0,320.0,1998-07-16,
00-0037270,0,0,0,0,0,0,0,0,0,0.0,0.0,0,0,0,0,0,0.0,0,0,0,0,0,0.0,0,4,2,0,0.0,0,0,0,0,0,0,0,0,0,0,0,Otito Ogbonnia,DT,DL,"https://static.www.nfl.com/image/upload/f_auto,q_auto/league/ktcgvykjyamzn8vj2vt1",LAC,76.0,320.0,2000-08-25,
00-0037271,0,0,0,0,0,0,0,0,0,0.0,0.0,0,0,0,0,0,0.0,0,0,0,0,0,0.0,0,17,2,0,1.0,1,0,0,0,0,0,0,0,0,0,0,D'Marco Jackson,LB,LB,"https://static.www.nfl.com/image/upload/f_auto,q_auto/league/bwbialh78nao9svr8jqn",CHI,73.0,233.0,1998-07-20,
00-0037274,0,0,0,0,0,0,0,0,0,0.0,0.0,0,0,0,0,0,0.0,0,0,0,0,0,0.0,0,4,1,0,1.0,0,0,0,0,0,0,0,0,0,0,0,Esezi Otomewo,DE,DL,"https://static.www.nfl.com/image/upload/f_auto,q_auto/league/a0mfh8bdgpmqoiqt65ze",PIT,77.0,282.0,1999-03-09,
00-0037275,0,0,0,0,0,0,0,0,0,0.0,0.0,0,0,0,0,0,0.0,0,0,0,0,0,0.0,0,44,3,0,0.0,1,1,0,0,0,0,0,0,0,0,0,DaRon Bland,CB,DB,"https://static.www.nfl.com/image/upload/f_auto,q_auto/league/cl7cnkp2mm58j8o086nm",DAL,72.0,197.0,1999-07-12,
00-0037276,0,0,0,0,0,0,0,0,0,0.0,0.0,0,7,24,0,0,-1.0112180644646287,0,0,0,0,0,0.0,0,0,0,0,0.0,0,0,0,0,0,0,3,84,0,0,0,Ty Chandler,RB,RB,"https://static.www.nfl.com/image/upload/f_auto,q_auto/league/i3urodji7vrb11n4pl06",MIN,71.0,204.0,1998-05-12,
00-0037277,0,0,0,0,0,0,0,0,0,0.0,0.0,0,0,0,0,0,0.0,0,0,0,0,0,0.0,0,1,0,0,0.0,0,0,0,0,0,0,0,0,0,0,0,Teagan Quitoriano,TE,TE,"https://static.www.nfl.com/image/upload/f_auto,q_auto/league/ecx86iiwr69wkwupjvzk",ATL,78.0,259.0,2000-03-15,
00-0037278,0,0,0,0,0,0,0,0,0,0.0,0.0,0,0,0,0,0,0.0,0,0,0,0,0,0.0,0,0,0,0,0.0,0,0,0,0,0,0,0,0,0,0,0,Luke Wattenberg,C,OL,"https://static.www.nfl.com/image/upload/f_auto,q_auto/league/sedgtg4ekxez8itnkm2d",DEN,77.0,300.0,1997-09-10,
00-0037280,0,0,0,0,0,0,0,0,0,0.0,0.0,0,0,0,0,0,0.0,0,0,0,0,0,0.0,0,6,0,0,0.0,0,0,0,0,0,0,0,0,0,0,0,Matthew Butler,DT,DL,"https://static.www.nfl.com/image/upload/f_auto,q_auto/league/nsv9pnp9s8oaxaepftzk",MIA,75.0,305.0,1999-06-10,
00-0037281,0,0,0,0,0,0,0,0,0,0.0,0.0,0,0,0,0,0,0.0,0,0,0,0,0,0.0,0,12,0,0,0.0,0,0,0,0,0,0,0,0,0,0,0,Damone Clark,LB,LB,"https://static.www.nfl.com/image/upload/f_auto,q_auto/league/gmsr31hk1blgplqqkzml",DAL,74.0,240.0,2000-06-28,
00-0037282,0,0,0,0,0,0,0,0,0,0.0,0.0,0,0,0,0,0,0.0,3,3,28,0,0,2.2441549878567457,0,0,0,0,0.0,0,0,0,0,0,0,0,0,0,0,0,James Mitchell,TE,TE,"https://static.www.nfl.com/image/upload/f_auto,q_auto/league/ragin6kbjyfeffii1hrl",CAR,76.0,249.0,1999-08-11,
00-0037283,0,0,0,0,0,0,0,0,0,0.0,0.0,0,0,0,0,0,0.0,0,0,0,0,0,0.0,0,3,1,0,0.0,0,0,0,0,0,0,0,0,0,0,0,John Ridgeway,DT,DL,"https://static.www.nfl.com/image/upload/f_auto,q_auto/league/irpvoorgwwezk7qxrp0m",NO,77.0,321.0,1999-05-07,
00-0037284,0,0,0,0,0,0,0,0,0,0.0,0.0,0,0,0,0,0,0.0,0,0,0,0,0,0.0,0,0,0,0,0.0,0,0,0,0,0,0,0,0,0,0,0,Matt Araiza,P,SPEC,"https://static.www.nfl.com/image/upload/f_auto,q_auto/league/q4wjyhw18fj0omjkzql4",KC,74.0,200.0,2000-05-16,
00-0037287,0,0,0,0,0,0,0,0,0,0.0,0.0,0,0,0,0,0,0.0,0,0,0,0,0,0.0,0,0,0,0,0.0,0,0,0,0,0,0,0,0,0,0,0,Vederian Lowe,OT,OL,"https://static.www.nfl.com/image/upload/f_auto,q_auto/league/a72w3jazmnecd5nepevf",NE,77.0,315.0,1999-04-17,
00-0037288,0,0,0,0,0,0,0,0,0,0.0,0.0,0,0,0,0,0,0.0,0,0,0,0,0,0.0,0,31,4,0,2.0,2,1,0,0,0,0,0,0,0,0,0,Christian Benford,CB,DB,"https://static.www.nfl.com/image/upload/f_auto,q_auto/league/nltmhbxql5thc91mk1xy",BUF,73.0,205.0,2000-09-21,
00-0037289,0,0,0,0,0,0,0,0,0,0.0,0.0,0,0,0,0,0,0.0,0,0,0,0,0,0.0,0,5,0,0,0.0,0,0,0,0,0,0,0,0,0,0,0,Malcolm Rodriguez,LB,LB,"https://static.www.nfl.com/image/upload/f_auto,q_auto/league/ofwspc5nzlzqdvxqvpxc",DET,71.0,230.0,1999-03-29,
00-0037291,0,0,0,0,0,0,0,0,0,0.0,0.0,0,2,13,0,0,-1.2720050893258303,26,50,395,4,0,8.06252054908969,0,5,0,1,0.0,0,0,0,0,0,0,0,0,0,0,0,Jalen Nailor,WR,WR,"https://static.www.nfl.com/image/upload/f_auto,q_auto/league/sdsx2pttiiwbfpyuuwiz",MIN,71.0,199.0,1999-03-02,
00-0037292,0,0,0,0,0,0,0,0,0,0.0,0.0,0,0,0,0,0,0.0,4,6,27,1,0,1.3111727959476411,0,5,0,0,0.0,0,0,0,0,0,0,0,0,0,0,0,Andrew Ogletree,TE,TE,"https://static.www.nfl.com/image/upload/f_auto,q_auto/league/gw6pbughf5gdn2sm189f",IND,77.0,260.0,1998-07-28,
00-0037294,0,0,0,0,0,0,0,0,0,0.0,0.0,0,0,0,0,0,0.0,0,0,0,0,0,0.0,0,2,0,0,0.0,0,0,0,0,0,0,0,0,0,0,0,Jordan Jackson,DT,DL,"https://static.www.nfl.com/image/upload/f_auto,q_auto/league/mygiulff7wmcrv8menhg",DEN,77.0,294.0,1998-01-30,
00-0037295,0,0,0,0,0,0,0,0,0,0.0,0.0,0,0,0,0,0,0.0,0,0,0,0,0,0.0,0,0,0,0,0.0,0,0,0,0,0,0,0,0,0,0,0,Jamaree Salyer,G,OL,"https://static.www.nfl.com/image/upload/f_auto,q_auto/league/u3uyixtjb60xtwwth40a",LAC,76.0,325.0,2000-07-13,
00-0037297,0,0,0,0,0,0,0,0,0,0.0,0.0,0,0,0,0,0,0.0,0,0,0,0,0,0.0,0,0,0,0,0.0,0,0,0,0,0,0,0,0,0,0,0,Cade Mays,C,OL,"https://static.www.nfl.com/image/upload/f_auto,q_auto/league/lvwir8l56pkjixweaca4",CAR,78.0,325.0,1999-04-26,
00-0037298,0,0,0,0,0,0,0,0,0,0.0,0.0,0,0,0,0,0,0.0,0,0,0,0,0,0.0,0,6,1,0,1.0,0,0,0,0,0,0,0,0,0,0,0,Sam Roberts,DE,DL,"https://static.www.nfl.com/image/upload/f_auto,q_auto/league/lpeonw4s0htacobg1qa4",ATL,77.0,295.0,1998-04-14,
00-0037301,0,0,0,0,0,0,0,0,0,0.0,0.0,0,0,0,0,0,0.0,0,0,0,0,0,0.0,0,18,2,1,1.0,0,0,0,0,0,0,0,0,0,0,0,Theo Jackson,SAF,DB,"https://static.www.nfl.com/image/upload/f_auto,q_auto/league/g9hb4dnu5xp63p5wjvrw",MIN,73.0,205.0,1998-10-02,
00-0037302,0,0,0,0,0,0,0,0,0,0.0,0.0,0,0,0,0,0,0.0,0,0,0,0,0,0.0,0,0,0,0,0.0,0,0,0,0,0,0,0,0,0,0,0,Austin Deculus,OT,OL,"https://static.www.nfl.com/image/upload/f_auto,q_auto/league/mfiu08h46jezawozpma8",LAC,77.0,321.0,1999-03-12,
00-0037304,0,0,0,0,0,0,0,0,0,0.0,0.0,0,12,41,1,0,9.348424491821788,2,3,18,1,0,1.506216790061444,0,2,0,0,0.0,0,0,0,0,0,0,0,0,0,0,0,Connor Heyward,TE,TE,"https://static.www.nfl.com/image/upload/f_auto,q_auto/league/b9bnasge2v2dtctdtqnf",PIT,72.0,230.0,1999-01-22,
00-0037306,0,0,0,0,0,0,0,0,0,0.0,0.0,0,0,0,0,0,0.0,12,15,72,1,0,3.7618108466267586,0,0,0,0,0.0,0,0,0,0,0,0,0,0,0,0,0,John FitzPatrick,TE,TE,"https://static.www.nfl.com/image/upload/f_auto,q_auto/league/kopyksw2p51nivtldayc",GB,79.0,262.0,2000-03-09,
00-0037307,0,0,0,0,0,0,0,0,0,0.0,0.0,0,0,0,0,0,0.0,0,0,0,0,0,0.0,0,10,0,0,0.0,0,0,0,0,0,0,0,0,0,0,0,Ja'Sir Taylor,CB,DB,"https://static.www.nfl.com/image/upload/f_auto,q_auto/league/usnlevporxzqj27zhgwu",LAC,70.0,185.0,1999-01-08,
00-0037310,0,0,0,0,0,0,0,0,0,0.0,0.0,0,0,0,0,0,0.0,0,0,0,0,0,0.0,0,17,6,1,5.5,0,0,0,0,0,0,0,0,0,0,0,James Houston,DE,DL,"https://static.www.nfl.com/image/upload/f_auto,q_auto/league/wrqp1yxxj1diweafto22",DAL,73.0,241.0,1998-11-16,
00-0037311,0,0,0,0,0,0,0,0,0,0.0,0.0,0,0,0,0,0,0.0,0,0,0,0,0,0.0,0,1,0,0,0.0,0,0,0,0,0,0,0,0,0,0,0,Ko Kieft,TE,TE,"https://static.www.nfl.com/image/upload/f_auto,q_auto/league/ibtxauqcq4tjq4xsgf6a",TB,77.0,265.0,1998-01-20,
00-0037313,0,0,0,0,0,0,0,0,0,0.0,0.0,0,0,0,0,0,0.0,0,0,0,0,0,0.0,0,40,0,0,0.0,2,0,0,0,0,0,0,0,0,0,0,Montaric Brown,CB,DB,"https://static.www.nfl.com/image/upload/f_auto,q_auto/league/hvnfc3mqxut3v0mufgg5",JAX,72.0,190.0,1999-08-24,
00-0037315,0,0,0,0,0,0,0,0,0,0.0,0.0,0,0,0,0,0,0.0,0,0,0,0,0,0.0,0,6,0,0,0.0,0,0,0,0,0,0,0,0,0,0,0,Cameron Goode,LB,LB,"https://static.www.nfl.com/image/upload/f_auto,q_auto/league/y9nbijy8p3twagggyodh",MIA,75.0,245.0,1998-04-15,
00-0037316,0,0,0,0,0,0,0,0,0,0.0,0.0,0,0,0,0,0,0.0,0,0,0,0,0,0.0,0,3,0,0,0.0,0,0,0,0,0,0,0,0,0,0,0,Mark Robinson,LB,LB,"https://static.www.nfl.com/image/upload/f_auto,q_auto/league/l7u61ekvlhzwchpxcdbo",NE,71.0,235.0,1999-08-14,
00-0037318,0,0,0,0,0,0,0,0,0,0.0,0.0,0,0,0,0,0,0.0,0,0,0,0,0,0.0,0,2,0,0,0.0,0,0,0,0,0,0,0,0,0,0,0,Baylon Spector,LB,LB,"https://static.www.nfl.com/image/upload/f_auto,q_auto/league/ekmjqmhpbhtlydc3sfag",BUF,72.0,233.0,1998-10-20,
00-0037320,0,0,0,0,0,0,0,0,0,0.0,0.0,0,0,0,0,0,0.0,0,0,0,0,0,0.0,0,2,0,0,0.0,0,0,0,0,0,0,0,0,0,0,0,Deane Leonard,CB,DB,"https://static.www.nfl.com/image/upload/f_auto,q_auto/league/jk2a21dqnjr8ssq5s0tv",LAC,72.0,195.0,1999-11-20,
00-0037321,0,0,0,0,0,0,0,0,0,0.0,0.0,0,0,0,0,0,0.0,0,0,0,0,0,0.0,0,6,0,0,0.0,0,0,0,0,0,0,0,0,0,0,0,Chase Lucas,CB,DB,"https://static.www.nfl.com/image/upload/f_auto,q_auto/league/ftkp0eabjmqrbftyddyo",SF,71.0,184.0,1997-03-04,
00-0037323,0,0,0,0,0,0,0,0,0,0.0,0.0,0,1,3,0,0,2.116049895063042,0,0,0,0,0,0.0,0,9,1,0,0.0,0,0,0,0,0,0,0,0,0,0,0,Rodney Thomas,SAF,DB,"https://static.www.nfl.com/image/upload/f_auto,q_auto/league/rmch7ilcol08gczhpwp6",IND,73.0,196.0,1998-06-26,
00-0037324,24,38,177,1,0,5,-53,1,0,-14.329868226862931,-3.4598956008752184,0,4,18,0,0,-0.7691373350389765,0,0,0,0,0,0.0,0,0,0,0,0.0,0,0,0,0,0,0,0,0,0,0,0,Chris Oladokun,QB,QB,"https://static.www.nfl.com/image/upload/f_auto,q_auto/league/qnyw1gqkqfll2lxppzlv",KC,73.0,213.0,1997-09-03,
00-0037329,0,0,0,0,0,0,0,0,0,0.0,0.0,0,5,37,1,0,2.598405250464566,0,1,0,0,0,-0.1660529834334738,0,0,0,0,0.0,0,0,0,0,0,0,1,23,0,0,0,Brittain Brown,RB,RB,"https://static.www.nfl.com/image/upload/f_auto,q_auto/league/zpugbbzvxbpemoif9txa",CHI,73.0,205.0,1997-10-10,
00-0037332,0,0,0,0,0,0,0,0,0,0.0,0.0,0,0,0,0,0,0.0,0,0,0,0,0,0.0,0,5,1,0,0.5,0,0,0,0,0,0,0,0,0,0,0,D'Anthony Bell,SAF,DB,"https://static.www.nfl.com/image/upload/f_auto,q_auto/league/ckont3gxmlaebwbbkplr",SEA,73.0,211.0,1996-10-17,
00-0037336,0,0,0,0,0,0,0,0,0,0.0,0.0,0,0,0,0,0,0.0,0,0,0,0,0,0.0,0,0,0,0,0.0,0,0,0,0,0,0,0,0,0,0,0,Brock Hoffman,C,OL,"https://static.www.nfl.com/image/upload/f_auto,q_auto/league/yzgyme4uziotnwqbfn7x",DAL,76.0,302.0,1999-07-02,
00-0037340,0,0,0,0,0,0,0,0,0,0.0,0.0,0,0,0,0,0,0.0,2,3,17,0,0,1.1455184332444333,0,0,0,0,0.0,0,0,0,0,0,0,0,0,0,0,0,Zaire Mitchell-Paden,TE,TE,"https://static.www.nfl.com/image/upload/f_auto,q_auto/league/koebkhaljopitnuvfgbb",BAL,77.0,257.0,1999-08-20,
00-0037348,0,0,0,0,0,0,0,0,0,0.0,0.0,0,0,0,0,0,0.0,9,15,91,0,0,-6.508350265794434,0,1,0,0,0.0,0,0,0,0,0,0,0,0,0,0,0,Tanner Conner,TE,TE,"https://static.www.nfl.com/image/upload/f_auto,q_auto/league/ndhpqkxblrd3vcbcfadw",MIA,75.0,237.0,1998-03-20,
00-0037364,0,0,0,0,0,0,0,0,0,0.0,0.0,0,0,0,0,0,0.0,0,0,0,0,0,0.0,0,5,0,0,0.0,0,0,0,0,0,0,0,0,0,0,0,Arron Mosby,DE,DL,"https://static.www.nfl.com/image/upload/f_auto,q_auto/league/sub2rfbfzebhuxzlt2jd",GB,75.0,250.0,1999-04-13,
00-0037380,0,0,0,0,0,0,0,0,0,0.0,0.0,0,0,0,0,0,0.0,0,0,0,0,0,0.0,0,0,0,0,0.0,0,0,0,0,0,0,1,28,0,0,0,Kaden Davis,WR,WR,"https://static.www.nfl.com/image/upload/f_auto,q_auto/league/z8viajevykmyr0utahgl",CLE,73.0,193.0,1998-09-25,
00-0037384,0,0,0,0,0,0,0,0,0,0.0,0.0,0,0,0,0,0,0.0,0,0,0,0,0,0.0,0,36,5,2,4.0,1,0,2,0,0,0,0,0,0,0,0,Ja'Quan McMillian,CB,DB,"https://static.www.nfl.com/image/upload/f_auto,q_auto/league/kpgabuesfqci0swbrkem",DEN,70.0,183.0,2000-06-04,
00-0037395,0,0,0,0,0,0,0,0,0,0.0,0.0,0,0,0,0,0,0.0,0,0,0,0,0,0.0,0,1,0,0,0.0,0,0,0,0,0,0,0,0,0,0,0,Dallis Flowers,CB,DB,"https://static.www.nfl.com/image/upload/f_auto,q_auto/league/ejoqt02yk1eubbibnxre",CHI,73.0,196.0,1997-06-04,
00-0037404,0,0,0,0,0,0,0,0,0,0.0,0.0,0,0,0,0,0,0.0,0,0,0,0,0,0.0,0,0,0,0,0.0,0,0,0,0,0,0,0,0,0,0,0,Ryan Van Demark,OT,OL,"https://static.www.nfl.com/image/upload/f_auto,q_auto/league/ofqc3dzngumitn9vx8ug",BUF,78.0,307.0,1998-03-22,
00-0037412,0,0,0,0,0,0,0,0,0,0.0,0.0,0,0,0,0,0,0.0,0,0,0,0,0,0.0,0,1,0,0,0.0,0,0,0,0,0,0,0,0,0,0,0,Cal Adomitis,LS,SPEC,"https://static.www.nfl.com/image/upload/f_auto,q_auto/league/hi1jz8g2dtq0l6efegra",PHI,74.0,238.0,1998-07-09,
00-0037413,0,0,0,0,0,0,0,0,0,0.0,0.0,0,0,0,0,0,0.0,0,0,0,0,0,0.0,0,0,0,0,0.0,0,0,0,0,0,0,0,0,0,0,0,Ben Brown,C,OL,"https://static.www.nfl.com/image/upload/f_auto,q_auto/league/imfnoemmtvdrjtdh7auo",NE,77.0,312.0,1998-05-19,
00-0037428,0,0,0,0,0,0,0,0,0,0.0,0.0,0,0,0,0,0,0.0,0,0,0,0,0,0.0,0,0,0,0,0.0,0,0,0,0,0,0,0,0,0,0,0,Alec Anderson,OT,OL,"https://static.www.nfl.com/image/upload/f_auto,q_auto/league/zmxbsuvvy2qtzfvrqcac",BUF,77.0,305.0,1999-10-03,
00-0037447,0,0,0,0,0,0,0,0,0,0.0,0.0,0,0,0,0,0,0.0,0,0,0,0,0,0.0,0,2,0,0,0.0,0,0,0,0,0,0,0,0,0,0,0,Tomon Fox,LB,LB,"https://static.www.nfl.com/image/upload/f_auto,q_auto/league/lccvchowchcmx5ymg67u",NYG,74.0,245.0,1998-03-16,
00-0037457,0,0,0,0,0,0,0,0,0,0.0,0.0,0,0,0,0,0,0.0,0,0,0,0,0,0.0,0,11,0,0,0.0,0,0,0,0,0,0,0,0,0,0,0,Jake Hansen,LB,LB,"https://static.www.nfl.com/image/upload/f_auto,q_auto/league/x63vwyjtybkdrulfmr2j",HOU,73.0,230.0,1998-06-19,
00-0037461,0,0,0,0,0,0,0,0,0,0.0,0.0,0,0,0,0,0,0.0,0,0,0,0,0,0.0,0,11,2,0,0.0,0,0,0,0,0,0,0,0,0,0,0,Tristin McCollum,SAF,DB,"https://static.www.nfl.com/image/upload/f_auto,q_auto/league/lob4yulcbxvkweblc0dg",LV,75.0,195.0,1999-05-03,
00-0037468,0,0,0,0,0,0,0,0,0,0.0,0.0,0,0,0,0,0,0.0,0,0,0,0,0,0.0,0,3,0,0,0.0,0,0,0,0,0,0,0,0,0,0,0,Raheem Layne,SAF,DB,"https://static.www.nfl.com/image/upload/f_auto,q_auto/league/gb6jlranah8r9odgtmhd",NYG,71.0,192.0,1999-07-02,
00-0037475,0,0,0,0,0,0,0,0,0,0.0,0.0,0,0,0,0,0,0.0,7,9,52,0,0,2.3876515728770755,0,4,0,0,0.0,0,0,0,0,0,0,0,0,0,0,0,Stone Smartt,TE,TE,"https://static.www.nfl.com/image/upload/f_auto,q_auto/league/fdmnvrjgz8cqnxjtukzd",NYJ,76.0,226.0,1998-10-04,
00-0037480,0,0,0,0,0,0,0,0,0,0.0,0.0,0,0,0,0,0,0.0,0,0,0,0,0,0.0,0,0,0,0,0.0,0,0,0,0,0,0,0,0,0,0,0,Dylan Cook,OT,OL,"https://static.www.nfl.com/image/upload/f_auto,q_auto/league/iok20w4kxwuzicm3mnar",PIT,78.0,305.0,1998-01-11,
00-0037487,0,0,0,0,0,0,0,0,0,0.0,0.0,0,1,5,0,0,0.3470350680872798,3,3,27,0,0,0.9335535314166918,0,0,0,0,0.0,0,0,0,0,3,28,10,239,0,0,0,Deven Thompkins,WR,WR,"https://static.www.nfl.com/image/private/f_auto,q_auto/league/gt0yeyl9y8s6onw8wcdr",ATL,68.0,155.0,1999-12-23,
00-0037493,0,0,0,0,0,0,0,0,0,0.0,0.0,0,0,0,0,0,0.0,0,0,0,0,0,0.0,0,3,0,0,0.0,0,0,0,0,0,0,0,0,0,0,0,Mike Brown,SAF,DB,"https://static.www.nfl.com/image/upload/f_auto,q_auto/league/ztb9tdt5ihd7gmjyspbz",TEN,73.0,218.0,1999-04-07,
00-0037500,0,0,0,0,0,0,0,0,0,0.0,0.0,0,0,0,0,0,0.0,0,0,0,0,0,0.0,0,0,0,0,0.0,0,0,0,0,0,0,0,0,0,0,0,Ryan Wright,P,SPEC,"https://static.www.nfl.com/image/upload/f_auto,q_auto/league/n7t34xvfvc2pxgtcwnlw",MIN,75.0,245.0,2000-06-01,
00-0037512,0,0,0,0,0,0,0,0,0,0.0,0.0,0,0,0,0,0,0.0,0,0,0,0,0,0.0,0,56,3,0,0.0,2,0,0,0,0,0,0,0,0,0,0,Isaiah Pola-Mao,SAF,DB,"https://static.www.nfl.com/image/upload/f_auto,q_auto/league/iv2fsbkqbciaglpqrlbd",LV,76.0,205.0,1999-06-30,
00-0037516,0,0,0,0,0,0,0,0,0,0.0,0.0,0,0,0,0,0,0.0,0,0,0,0,0,0.0,0,1,0,0,0.0,0,0,0,0,0,0,0,0,0,0,0,Sam Webb,CB,DB,"https://static.www.nfl.com/image/upload/f_auto,q_auto/league/x0xcfspsmbddxk8autai",CLE,72.0,194.0,1998-05-19,
00-0037524,0,0,0,0,0,0,0,0,0,0.0,0.0,0,0,0,0,0,0.0,2,2,23,0,0,2.5324949176283553,0,1,0,0,0.0,0,0,0,0,0,0,0,0,0,0,0,Tay Martin,WR,WR,"https://static.www.nfl.com/image/upload/f_auto,q_auto/league/lw5fyir7yjme4qxrrxfy",WAS,75.0,186.0,1997-12-14,
00-0037525,0,0,0,0,0,0,0,0,0,0.0,0.0,0,145,664,6,2,-5.557748676947086,14,16,51,0,1,-4.6077330963695315,0,0,0,0,0.0,0,0,0,0,0,0,0,0,0,0,0,Jordan Mason,RB,RB,"https://static.www.nfl.com/image/upload/f_auto,q_auto/league/ixykwytfrfz1cdxlhj5w",MIN,71.0,230.0,1999-05-24,
00-0037526,0,0,0,0,0,0,0,0,0,0.0,0.0,0,0,0,0,0,0.0,0,0,0,0,0,0.0,0,11,1,1,0.0,0,0,0,0,0,0,0,0,0,0,0,Marcelino McCrary-Ball,LB,LB,"https://static.www.nfl.com/image/upload/f_auto,q_auto/league/q0ik6bvofk4zrgsartd2",NYJ,72.0,214.0,1999-03-23,
00-0037527,0,0,0,0,0,0,0,0,0,0.0,0.0,0,0,0,0,0,0.0,0,0,0,0,0,0.0,0,9,0,1,0.0,0,0,0,0,0,0,0,0,0,0,0,Segun Olubi,LB,LB,"https://static.www.nfl.com/image/upload/f_auto,q_auto/league/llpctz5sjgveunckp3pe",IND,73.0,233.0,1999-11-01,
00-0037539,0,0,0,0,0,0,0,0,0,0.0,0.0,0,0,0,0,0,0.0,2,4,15,0,0,-2.3833339421544224,0,0,0,0,0.0,0,0,0,0,0,0,0,0,0,0,0,Lucas Krull,TE,TE,"https://static.www.nfl.com/image/upload/f_auto,q_auto/league/eolvpkk5jjmipuqmf5v6",DEN,78.0,260.0,1998-07-11,
00-0037542,0,0,0,0,0,0,0,0,0,0.0,0.0,0,0,0,0,0,0.0,0,0,0,0,0,0.0,0,0,0,0,0.0,0,0,0,0,0,0,0,0,11,14,1,John Parker Romo,K,SPEC,"https://static.www.nfl.com/image/upload/f_auto,q_auto/league/pgbqca2tf4hcq4vxv13m",ATL,71.0,190.0,1997-08-24,1.0
00-0037544,0,0,0,0,0,0,0,0,0,0.0,0.0,0,0,0,0,0,0.0,0,0,0,0,0,0.0,0,0,0,0,0.0,0,0,0,0,0,0,0,0,0,0,0,Nephi Sewell,LB,LB,"https://static.www.nfl.com/image/upload/f_auto,q_auto/league/hxphcudtmtcfbazd36kn",NO,72.0,228.0,1998-12-19,
00-0037545,0,0,0,0,0,0,0,0,0,0.0,0.0,0,9,69,0,0,0.9749342742725274,58,91,685,2,1,-3.982568085379908,2,1,0,0,0.0,0,0,0,0,21,309,14,413,0,0,0,Rashid Shaheed,WR,WR,"https://static.www.nfl.com/image/upload/f_auto,q_auto/league/ynsy489xqmiwt5q9whty",NO,72.0,180.0,1998-08-31,
00-0037547,0,0,0,0,0,0,0,0,0,0.0,0.0,0,0,0,0,0,0.0,0,0,0,0,0,0.0,0,0,0,0,0.0,0,0,0,0,0,0,0,0,0,0,0,Daniel Whelan,P,SPEC,"https://static.www.nfl.com/image/upload/f_auto,q_auto/league/lqnpsqdo5gpoxxirr9b6",GB,77.0,216.0,1999-02-10,
00-0037549,0,0,0,0,0,0,0,0,0,0.0,0.0,0,0,0,0,0,0.0,0,0,0,0,0,0.0,0,35,0,0,0.0,0,0,0,0,0,0,0,0,0,0,0,Darrell Baker Jr.,CB,DB,"https://static.www.nfl.com/image/upload/f_auto,q_auto/league/e536r65rabmkj6idcwpb",TEN,73.0,190.0,1998-03-27,
00-0037557,0,0,0,0,0,0,0,0,0,0.0,0.0,0,9,46,0,0,-1.0932207903824747,0,0,0,0,0,0.0,0,2,0,0,0.0,0,0,0,0,0,0,12,311,0,0,0,Ronnie Rivers,RB,RB,"https://static.www.nfl.com/image/upload/f_auto,q_auto/league/ykza0uhrd73htnmjwbrk",LA,69.0,192.0,1999-01-31,
00-0037561,0,0,0,0,0,0,0,0,0,0.0,0.0,0,0,0,0,0,0.0,0,0,0,0,0,0.0,0,18,1,1,0.0,1,0,0,0,0,0,0,0,0,0,0,Markquese Bell,SAF,DB,"https://static.www.nfl.com/image/upload/f_auto,q_auto/league/tltiuomelvkre4tsp25s",DAL,75.0,205.0,1999-01-06,
00-0037563,0,0,0,0,0,0,0,0,0,0.0,0.0,0,52,250,2,0,0.8133923445420805,2,5,16,0,0,-4.811975811433513,0,2,0,0,0.0,0,0,0,0,0,0,0,0,0,0,0,Malik Davis,RB,RB,"https://static.www.nfl.com/image/upload/f_auto,q_auto/league/mdjhv8xuitxkn7oefwty",DAL,70.0,205.0,1998-11-26,
00-0037578,0,0,0,0,0,0,0,0,0,0.0,0.0,0,0,0,0,0,0.0,0,0,0,0,0,0.0,0,14,0,0,0.0,0,0,0,0,0,0,0,0,0,0,0,Juanyeh Thomas,SAF,DB,"https://static.www.nfl.com/image/upload/f_auto,q_auto/league/ftxdnkfoymrgcc96zlnt",DAL,75.0,217.0,2000-06-24,
00-0037587,0,0,0,0,0,0,0,0,0,0.0,0.0,0,0,0,0,0,0.0,0,0,0,0,0,0.0,0,60,8,4,2.5,1,0,0,0,0,0,0,0,0,0,0,Nate Landman,LB,LB,"https://static.www.nfl.com/image/upload/f_auto,q_auto/league/s9kvdztegpkmihjpwj0q",LA,75.0,235.0,1998-11-19,
00-0037593,0,0,0,0,0,0,0,0,0,0.0,0.0,0,0,0,0,0,0.0,0,0,0,0,0,0.0,0,5,0,0,0.0,0,0,0,0,0,0,0,0,0,0,0,Tre Avery,CB,DB,"https://static.www.nfl.com/image/upload/f_auto,q_auto/league/malahw9czftvuse45ebp",CLE,71.0,185.0,1997-02-26,
00-0037594,0,0,0,0,0,0,0,0,0,0.0,0.0,0,11,40,0,0,-3.2389954664672596,0,2,0,0,0,-1.4518509877379984,0,8,0,0,0.0,0,0,0,0,0,0,3,81,0,0,0,Julius Chestnut,RB,RB,"https://static.www.nfl.com/image/upload/f_auto,q_auto/league/glst6wabuuvbrssmidng",TEN,71.0,228.0,2000-10-26,
00-0037596,0,0,0,0,0,0,0,0,0,0.0,0.0,0,0,0,0,0,0.0,0,0,0,0,0,0.0,0,39,8,0,1.0,0,0,0,0,0,0,0,0,0,0,0,Jack Gibbens,LB,LB,"https://static.www.nfl.com/image/upload/f_auto,q_auto/league/yrjlzoh5qps1evqxpcks",NE,75.0,242.0,1998-11-24,
00-0037602,0,0,0,0,0,0,0,0,0,0.0,0.0,0,0,0,0,0,0.0,0,0,0,0,0,0.0,0,19,4,1,2.0,0,0,0,0,0,0,0,0,0,0,0,Sam Okuayinonu,DT,DL,"https://static.www.nfl.com/image/upload/f_auto,q_auto/league/bz3qx6p6ua5e7e5kuukk",SF,73.0,269.0,1998-05-01,
00-0037611,0,0,0,0,0,0,0,0,0,0.0,0.0,0,0,0,0,0,0.0,0,0,0,0,0,0.0,0,12,5,0,2.5,0,0,0,0,0,0,0,0,0,0,0,Kayvon Thibodeaux,LB,LB,"https://static.www.nfl.com/image/upload/f_auto,q_auto/league/dbu5kzu0gwuszwd81dcz",NYG,77.0,258.0,2000-12-15,
00-0037614,0,0,0,0,0,0,0,0,0,0.0,0.0,0,3,-5,0,0,-3.031567115802318,30,44,254,2,0,-3.153388576934069,0,1,0,0,0.0,0,0,0,0,0,0,7,120,0,0,0,John Metchie III,WR,WR,"https://static.www.nfl.com/image/upload/f_auto,q_auto/league/u7ir1sy2vrpidvwpndqd",PHI,72.0,195.0,2000-07-18,
00-0037615,0,0,0,0,0,0,0,0,0,0.0,0.0,0,0,0,0,0,0.0,0,0,0,0,0,0.0,0,30,7,2,4.0,0,0,0,0,0,0,0,0,0,0,0,Nakobe Dean,LB,LB,"https://static.www.nfl.com/image/upload/f_auto,q_auto/league/ivady9pej8rcuwf1lf3h",PHI,71.0,231.0,2000-12-13,
00-0037616,0,0,0,0,0,0,0,0,0,0.0,0.0,0,0,0,0,0,0.0,0,0,0,0,0,0.0,0,67,5,1,2.5,1,0,0,0,0,0,0,0,0,0,0,Nick Cross,SAF,DB,"https://static.www.nfl.com/image/upload/f_auto,q_auto/league/kpyjflkuqsthoic5pcrm",IND,72.0,212.0,2001-09-10,
00-0037617,0,0,0,0,0,0,0,0,0,0.0,0.0,0,16,44,0,0,-4.443424177414272,4,4,13,0,0,-1.513439311645925,0,5,0,0,0.0,0,0,0,0,0,0,8,197,0,0,0,Hassan Haskins,RB,RB,"https://static.www.nfl.com/image/upload/f_auto,q_auto/league/n9jwsfxyo1xppmhscpik",LAC,74.0,228.0,1999-11-26,
00-0037633,0,0,0,0,0,0,0,0,0,0.0,0.0,0,0,0,0,0,0.0,0,0,0,0,0,0.0,0,7,1,0,0.0,0,0,0,0,0,0,0,0,0,0,0,Jacob Hummel,LB,LB,"https://static.www.nfl.com/image/upload/f_auto,q_auto/league/yeqyn79axqsyvi7iqcpl",BAL,73.0,235.0,1999-01-04,
00-0037654,0,0,0,0,0,0,0,0,0,0.0,0.0,0,0,0,0,0,0.0,2,4,19,0,0,-0.8892728244536556,0,0,0,0,0.0,0,0,0,0,0,0,0,0,0,0,0,Tucker Fisk,TE,TE,"https://static.www.nfl.com/image/upload/f_auto,q_auto/league/yqaco04wjatmxlmxpq1y",LAC,76.0,285.0,1999-01-19,
00-0037661,0,0,0,0,0,0,0,0,0,0.0,0.0,0,0,0,0,0,0.0,0,0,0,0,0,0.0,0,6,0,0,0.0,0,0,0,0,0,0,0,0,0,0,0,Ja'Marcus Ingram,CB,DB,"https://static.www.nfl.com/image/upload/f_auto,q_auto/league/d0p0jgugnjuez8uwejbl",BUF,74.0,190.0,1997-09-02,
00-0037662,0,0,0,0,0,0,0,0,0,0.0,0.0,0,0,0,0,0,0.0,0,0,0,0,0,0.0,0,2,0,0,0.5,0,0,0,0,0,0,0,0,0,0,0,C.J. Brewer,DT,DL,"https://static.www.nfl.com/image/upload/f_auto,q_auto/league/t7msnroiny0ywfscrymd",TB,74.0,290.0,1997-11-22,
00-0037663,0,0,0,0,0,0,0,0,0,0.0,0.0,0,0,0,0,0,0.0,0,0,0,0,0,0.0,0,20,5,0,3.0,0,0,0,0,0,0,0,0,0,0,0,Jermaine Johnson II,LB,LB,"https://static.www.nfl.com/image/upload/f_auto,q_auto/league/kihqeivcgubenrrjopew",NYJ,77.0,254.0,1999-01-08,
00-0037664,0,0,0,0,0,0,0,0,0,0.0,0.0,0,0,0,0,0,0.0,43,77,871,4,0,45.720176267178275,0,3,0,0,0.0,0,0,0,0,0,0,0,0,0,0,0,Alec Pierce,WR,WR,"https://static.www.nfl.com/image/upload/f_auto,q_auto/league/zeghrjc8rir3r3zi6det",IND,75.0,211.0,2000-05-02,
00-0037665,0,0,0,0,0,0,0,0,0,0.0,0.0,0,0,0,0,0,0.0,0,0,0,0,0,0.0,0,19,6,1,1.0,0,0,0,0,0,0,0,0,0,0,0,Sam Williams,DE,DL,"https://static.www.nfl.com/image/upload/f_auto,q_auto/league/vspx1wxdwmektj1pjd6c",DAL,76.0,261.0,1999-03-31,
00-0037666,0,0,0,0,0,0,0,0,0,0.0,0.0,0,0,0,0,0,0.0,18,33,203,1,0,5.879245210353399,0,0,0,0,0.0,0,0,0,0,0,0,5,105,0,0,0,Jalen Tolbert,WR,WR,"https://static.www.nfl.com/image/upload/f_auto,q_auto/league/pif5ffxlibkfp90k1sj4",DAL,73.0,195.0,1999-02-27,
00-0037667,0,0,0,0,0,0,0,0,0,0.0,0.0,0,0,0,0,0,0.0,0,0,0,0,0,0.0,0,14,0,0,0.0,3,0,0,0,0,0,0,0,0,0,0,Kerby Joseph,SAF,DB,"https://static.www.nfl.com/image/upload/f_auto,q_auto/league/oeybnj8im7exzevs0jkh",DET,72.0,210.0,2000-11-14,
00-0037692,0,0,0,0,0,0,0,0,0,0.0,0.0,0,1,6,0,0,2.724662708467804,0,0,0,0,0,0.0,0,1,0,0,0.0,0,0,0,0,0,0,0,0,35,40,0,Brandon Aubrey,K,SPEC,"https://static.www.nfl.com/image/upload/f_auto,q_auto/league/ynyyootbeabm5sx4ejgt",DAL,75.0,218.0,1995-03-14,1.0
00-0037711,0,0,0,0,0,0,0,0,0,0.0,0.0,0,0,0,0,0,0.0,0,0,0,0,0,0.0,0,1,1,0,0.0,0,0,0,0,0,0,0,0,0,0,0,Jeremiah Pharms Jr.,DE,DL,"https://static.www.nfl.com/image/upload/f_auto,q_auto/league/bhm6towuahy7ztd8zkna",NE,75.0,300.0,1996-10-16,
00-0037740,0,0,0,0,0,0,0,0,0,0.0,0.0,0,0,0,0,0,0.0,36,59,395,4,1,-2.0651280481536194,0,1,0,0,0.0,0,0,0,0,0,0,0,0,0,0,0,Garrett Wilson,WR,WR,"https://static.www.nfl.com/image/upload/f_auto,q_auto/league/kbijsheobhwej7lh8mvf",NYJ,72.0,183.0,2000-07-22,
00-0037741,0,0,0,0,0,0,0,0,0,0.0,0.0,0,0,0,0,0,0.0,15,28,222,1,0,-10.48183792189478,0,0,0,0,0.0,0,0,0,0,5,48,0,0,0,0,0,Jahan Dotson,WR,WR,"https://static.www.nfl.com/image/upload/f_auto,q_auto/league/dbtou5ln1kwjutixywie",PHI,71.0,184.0,2000-03-22,
00-0037742,0,0,0,0,0,1,0,0,0,-0.498424221528694,0.0,0,0,0,0,0,0.0,8,18,118,1,0,-8.070249549110684,0,1,0,0,0.0,0,0,0,0,0,0,0,0,0,0,0,Treylon Burks,WR,WR,"https://static.www.nfl.com/image/upload/f_auto,q_auto/league/dkgspszcaouw7lkpjmio",WAS,74.0,225.0,2000-03-23,
00-0037743,0,0,0,0,0,0,0,0,0,0.0,0.0,0,0,0,0,0,0.0,0,0,0,0,0,0.0,0,52,2,0,0.0,1,0,0,0,0,0,0,0,0,0,0,Daxton Hill,CB,DB,"https://static.www.nfl.com/image/upload/f_auto,q_auto/league/onw9ijbhtrdvjqpi0toh",CIN,72.0,195.0,2000-09-29,
00-0037744,0,0,0,0,0,0,0,0,0,0.0,0.0,0,0,0,0,0,0.0,119,161,1174,11,0,71.17804062067533,0,0,0,0,0.0,0,0,0,0,0,0,0,0,0,0,0,Trey McBride,TE,TE,"https://static.www.nfl.com/image/upload/f_auto,q_auto/league/vd7av3vdfs6q7ncjogac",ARI,76.0,246.0,1999-11-22,
00-0037745,0,0,0,0,0,0,0,0,0,0.0,0.0,0,4,32,0,0,1.1521459247451276,0,0,0,0,0,0.0,0,1,0,0,0.0,0,0,0,0,0,0,8,183,0,0,0,Velus Jones Jr.,RB,RB,"https://static.www.nfl.com/image/upload/f_auto,q_auto/league/fchis2k7zzpqg9sv1ya1",NO,72.0,200.0,1997-05-11,
00-0037746,0,0,0,0,0,0,0,0,0,0.0,0.0,0,90,391,2,0,-0.4615912744126057,8,12,25,0,0,-4.062714403960854,0,0,0,0,0.0,0,0,0,0,0,0,11,342,0,0,0,Brian Robinson,RB,RB,"https://static.www.nfl.com/image/upload/f_auto,q_auto/league/n1xhex1ytisxcbcggqu7",SF,73.0,225.0,1999-03-22,
00-0037752,0,0,0,0,0,0,0,0,0,0.0,0.0,0,0,0,0,0,0.0,0,0,0,0,0,0.0,0,9,0,0,0.0,0,0,0,0,0,0,0,0,0,0,0,Tycen Anderson,SAF,DB,"https://static.www.nfl.com/image/upload/f_auto,q_auto/league/j3dvzorwxkvvf7ljykzu",CIN,74.0,205.0,1999-06-13,
00-0037753,0,0,0,0,0,0,0,0,0,0.0,0.0,0,0,0,0,0,0.0,0,0,0,0,0,0.0,0,12,1,0,0.0,0,0,0,0,0,0,0,0,0,0,0,Cam Taylor-Britt,CB,DB,"https://static.www.nfl.com/image/upload/f_auto,q_auto/league/m6dqiwllhwoc2rd5gns1",CIN,71.0,200.0,1999-10-15,
00-0037755,0,0,0,0,0,0,0,0,0,0.0,0.0,0,0,0,0,0,0.0,1,3,4,0,0,-2.5458273683325388,0,0,0,0,0.0,0,0,0,0,0,0,0,0,0,0,0,Jelani Woods,TE,TE,"https://static.www.nfl.com/image/upload/f_auto,q_auto/league/jpipxh1d5vzrwaug8djv",NYJ,79.0,253.0,1998-10-09,
00-0037756,0,0,0,0,0,0,0,0,0,0.0,0.0,0,0,0,0,0,0.0,0,0,0,0,0,0.0,0,16,8,1,4.0,0,0,0,0,0,0,0,0,0,0,0,Travis Jones,DT,DL,"https://static.www.nfl.com/image/upload/f_auto,q_auto/league/wm1f5uddgq3xmivgmrkz",BAL,76.0,341.0,1999-10-15,
00-0037757,0,0,0,0,0,0,0,0,0,0.0,0.0,0,0,0,0,0,0.0,0,1,0,0,0,-0.3657868691952899,0,0,0,0,0.0,0,0,0,0,0,0,0,0,0,0,0,Bernhard Raimann,OT,OL,"https://static.www.nfl.com/image/upload/f_auto,q_auto/league/cis1c2tzux68l6ca07hp",IND,78.0,303.0,1997-09-23,
00-0037758,0,0,0,0,0,0,0,0,0,0.0,0.0,0,0,0,0,0,0.0,0,0,0,0,0,0.0,0,25,3,1,0.0,1,0,0,0,0,0,0,0,0,0,0,Cordale Flott,CB,DB,"https://static.www.nfl.com/image/upload/f_auto,q_auto/league/dk8b5dpa5fflut1j4ynl",NYG,73.0,175.0,2001-08-24,
00-0037759,0,0,0,0,0,0,0,0,0,0.0,0.0,0,0,0,0,0,0.0,0,0,0,0,0,0.0,0,1,0,0,0.0,0,0,0,0,0,0,0,0,0,0,0,DeMarvin Leal,DE,DL,"https://static.www.nfl.com/image/upload/f_auto,q_auto/league/gqsxinwxry4uggkdd90r",PIT,76.0,290.0,2000-07-01,
00-0037799,0,0,0,0,0,0,0,0,0,0.0,0.0,0,0,0,0,0,0.0,0,0,0,0,0,0.0,0,13,3,0,4.0,2,0,0,0,0,0,0,0,0,0,0,Dondrea Tillman,LB,LB,"https://static.www.nfl.com/image/upload/f_auto,q_auto/league/gb1dadvtgeeixkcqjwgv",DEN,76.0,247.0,1998-04-30,
00-0037801,0,0,0,0,0,0,0,0,0,0.0,0.0,0,16,82,0,1,-3.618521190073807,26,37,396,2,0,17.311189394644373,0,1,0,0,0.0,0,0,0,0,9,55,62,1599,0,0,0,KaVontae Turpin,WR,WR,"https://static.www.nfl.com/image/upload/f_auto,q_auto/league/cgjwzierootp8gjem5oe",DAL,69.0,153.0,1996-08-02,
00-0037804,0,0,0,0,0,0,0,0,0,0.0,0.0,0,0,0,0,0,0.0,0,0,0,0,0,0.0,0,4,0,1,0.0,0,0,0,0,0,0,0,0,0,0,0,Zachary Carter,DT,DL,"https://static.www.nfl.com/image/upload/f_auto,q_auto/league/f64doat4n78solyaa7xv",ARI,76.0,301.0,1999-04-07,
00-0037805,0,0,0,0,0,0,0,0,0,0.0,0.0,0,0,0,0,0,0.0,23,29,179,1,0,4.546115014993119,0,0,0,0,0.0,0,0,0,0,0,0,0,0,0,0,0,Jeremy Ruckert,TE,TE,"https://static.www.nfl.com/image/upload/f_auto,q_auto/league/jnwpnpbukmzrsuutpufx",NYJ,77.0,250.0,2000-08-11,
00-0037808,0,0,0,0,0,0,0,0,0,0.0,0.0,0,0,0,0,0,0.0,0,0,0,0,0,0.0,0,2,0,0,0.0,1,0,0,0,0,0,0,0,0,0,0,DeAngelo Malone,LB,LB,"https://static.www.nfl.com/image/upload/f_auto,q_auto/league/yywbozwgj0uqnexmdaex",ATL,75.0,235.0,1999-07-12,
00-0037809,0,0,0,0,0,0,0,0,0,0.0,0.0,0,0,0,0,0,0.0,54,74,558,2,0,16.50609566633656,0,1,0,0,0.0,0,0,0,0,0,0,0,0,0,0,0,Chig Okonkwo,TE,TE,"https://static.www.nfl.com/image/upload/f_auto,q_auto/league/omm5z5iq6dlmidqz1sgz",TEN,75.0,238.0,1999-09-08,
00-0037811,0,0,0,0,0,0,0,0,0,0.0,0.0,0,0,0,0,0,0.0,0,0,0,0,0,0.0,0,4,0,0,0.0,0,0,0,0,0,0,0,0,0,0,0,Chad Muma,LB,LB,"https://static.www.nfl.com/image/upload/f_auto,q_auto/league/wwf5gmaohjdyvpigwu5e",IND,75.0,239.0,1999-08-18,
00-0037812,0,0,0,0,0,0,0,0,0,0.0,0.0,0,0,0,0,0,0.0,0,0,0,0,0,0.0,0,2,0,0,0.0,0,0,0,0,0,0,0,0,0,0,0,Abraham Lucas,OT,OL,"https://static.www.nfl.com/image/upload/f_auto,q_auto/league/aamlxw3fhqra37ablds8",SEA,78.0,322.0,1998-10-15,
00-0037813,0,0,0,0,0,0,0,0,0,0.0,0.0,0,0,0,0,0,0.0,0,0,0,0,0,0.0,0,4,0,0,0.0,0,0,0,0,0,0,0,0,0,0,0,Channing Tindall,LB,LB,"https://static.www.nfl.com/image/upload/f_auto,q_auto/league/iop376y4dj0sxvhznh3f",ARI,74.0,236.0,2000-03-28,
00-0037814,0,0,0,0,0,0,0,0,0,0.0,0.0,0,0,0,0,0,0.0,0,0,0,0,0,0.0,0,0,0,0,0.0,0,0,0,0,0,0,0,0,0,0,0,Luke Fortner,C,OL,"https://static.www.nfl.com/image/upload/f_auto,q_auto/league/kvv7na6p5zwlcmtoji7q",NO,76.0,307.0,1998-05-15,
00-0037815,0,0,0,0,0,0,0,0,0,0.0,0.0,0,0,0,0,0,0.0,0,0,0,0,0,0.0,0,5,1,0,2.5,0,0,0,0,0,0,0,0,0,0,0,Cameron Thomas,DE,DL,"https://static.www.nfl.com/image/upload/f_auto,q_auto/league/pjqi76adcm3i9xkbbepg",CLE,76.0,265.0,2000-07-01,
00-0037816,0,0,0,0,0,0,0,0,0,0.0,0.0,0,0,0,0,0,0.0,55,85,724,6,1,34.645472560090084,0,0,0,0,0.0,0,0,0,0,15,94,0,0,0,0,0,Romeo Doubs,WR,WR,"https://static.www.nfl.com/image/upload/f_auto,q_auto/league/ov2llp1bfetznmngqybi",GB,74.0,204.0,2000-04-13,
00-0037817,0,0,0,0,0,0,0,0,0,0.0,0.0,0,0,0,0,0,0.0,0,0,0,0,0,0.0,0,1,0,0,0.0,0,0,0,0,0,0,0,0,0,0,0,Zach Tom,G,OL,"https://static.www.nfl.com/image/upload/f_auto,q_auto/league/ed0itvu56lxrfabusaux",GB,76.0,304.0,1999-03-26,
00-0037818,0,0,0,0,0,0,0,0,0,0.0,0.0,0,0,0,0,0,0.0,0,0,0,0,0,0.0,0,0,0,0,0.0,0,0,0,0,0,0,0,0,0,0,0,Zion Johnson,G,OL,"https://static.www.nfl.com/image/upload/f_auto,q_auto/league/wjgcg8pqadn0mtzoumhj",LAC,75.0,316.0,1999-11-18,
00-0037819,0,0,0,0,0,0,0,0,0,0.0,0.0,0,0,0,0,0,0.0,0,0,0,0,0,0.0,0,25,2,0,2.0,1,0,0,0,0,0,0,0,0,0,0,Leo Chenal,LB,LB,"https://static.www.nfl.com/image/upload/f_auto,q_auto/league/x09uj5ta65jfceysfi2v",KC,75.0,250.0,2000-10-26,
00-0037821,0,0,0,0,0,0,0,0,0,0.0,0.0,0,0,0,0,0,0.0,0,0,0,0,0,0.0,0,0,0,0,0.0,0,0,0,0,0,0,0,0,0,0,0,Charles Cross,OT,OL,"https://static.www.nfl.com/image/upload/f_auto,q_auto/league/unfc89gx8anfyuzom0dv",SEA,77.0,317.0,2000-11-25,
00-0037823,0,0,0,0,0,0,0,0,0,0.0,0.0,0,0,0,0,0,0.0,0,0,0,0,0,0.0,0,5,0,0,0.0,0,0,0,0,0,0,0,0,0,0,0,Christian Harris,LB,LB,"https://static.www.nfl.com/image/upload/f_auto,q_auto/league/vu59vuwhkncfc8gtsjq4",HOU,74.0,232.0,2001-01-16,
00-0037825,0,0,0,0,0,0,0,0,0,0.0,0.0,0,0,0,0,0,0.0,0,0,0,0,0,0.0,0,1,0,0,0.0,0,0,0,0,0,0,0,0,0,0,0,Tyler Linderbaum,C,OL,"https://static.www.nfl.com/image/upload/f_auto,q_auto/league/ojvsyozouivghvkbw5qk",BAL,74.0,305.0,2000-04-07,
00-0037826,0,0,0,0,0,0,0,0,0,0.0,0.0,0,0,0,0,0,0.0,0,0,0,0,0,0.0,0,1,0,0,0.0,0,0,0,0,0,0,0,0,0,0,0,Drake Jackson,DE,DL,"https://static.www.nfl.com/image/upload/f_auto,q_auto/league/z0rbarktd2j64zhoav02",WAS,76.0,273.0,2001-04-12,
00-0037829,0,0,0,0,0,0,0,0,0,0.0,0.0,0,0,0,0,0,0.0,0,0,0,0,0,0.0,0,1,0,0,0.0,0,0,0,0,0,0,0,0,0,0,0,Spencer Burford,OT,OL,"https://static.www.nfl.com/image/upload/f_auto,q_auto/league/rizdurffvnwd66ait3pt",SF,76.0,300.0,2000-07-19,
00-0037830,0,0,0,0,0,0,0,0,0,0.0,0.0,0,0,0,0,0,0.0,0,0,0,0,0,0.0,0,2,0,0,0.0,0,0,0,0,0,0,0,0,0,0,0,Samuel Womack,CB,DB,"https://static.www.nfl.com/image/upload/f_auto,q_auto/league/qjqal4jl2itgnfzbliys",TEN,70.0,189.0,1999-07-07,
00-0037832,0,0,0,0,0,0,0,0,0,0.0,0.0,0,0,0,0,0,0.0,0,0,0,0,0,0.0,0,10,4,0,0.5,0,0,0,0,0,0,0,0,0,0,0,Kalia Davis,DT,DL,"https://static.www.nfl.com/image/upload/f_auto,q_auto/league/bqad9jqdvg5tis5i3vgu",SF,74.0,310.0,1998-10-02,
00-0037834,178,257,2040,20,9,8,-46,3,2,76.68901163273985,65.99640037970113,1,31,126,3,0,15.27177961502457,0,0,0,0,0,0.0,0,0,0,0,0.0,0,0,0,0,0,0,0,0,0,0,0,Brock Purdy,QB,QB,"https://static.www.nfl.com/image/upload/f_auto,q_auto/league/xykdxnvxpf9pobxvkjfj",SF,73.0,220.0,1999-12-27,
00-0037835,0,0,0,0,0,0,0,0,0,0.0,0.0,0,0,0,0,0,0.0,0,0,0,0,0,0.0,0,0,0,0,0.0,0,0,0,0,0,0,0,0,0,0,0,Luke Goedeke,OT,OL,"https://static.www.nfl.com/image/upload/f_auto,q_auto/league/umds1rrsxq5kja5kt08g",TB,77.0,312.0,1998-11-21,
00-0037837,0,0,0,0,0,0,0,0,0,0.0,0.0,0,0,0,0,0,0.0,28,48,317,2,0,-6.591255789351793,0,0,0,0,0.0,0,0,0,0,13,90,0,0,0,0,0,Calvin Austin III,WR,WR,"https://static.www.nfl.com/image/private/f_auto,q_auto/league/qlt6ztqcbu0uzad6aavt",PIT,69.0,162.0,1999-03-24,
00-0037838,0,0,0,0,0,0,0,0,0,0.0,0.0,0,0,0,0,0,0.0,25,34,275,1,2,2.9774773020453345,0,0,0,0,0.0,0,0,0,0,0,0,0,0,0,0,0,Isaiah Likely,TE,TE,"https://static.www.nfl.com/image/upload/f_auto,q_auto/league/ssrjtyvnyfflobmi0mb8",BAL,76.0,245.0,2000-04-18,
00-0037839,0,0,0,0,0,0,0,0,0,0.0,0.0,0,0,0,0,0,0.0,0,0,0,0,0,0.0,0,28,1,0,0.0,3,1,0,0,0,0,0,0,0,0,0,Cobie Durant,CB,DB,"https://static.www.nfl.com/image/upload/f_auto,q_auto/league/vkte59jemwhdeuobis0e",LA,71.0,182.0,1998-02-09,
00-0037840,0,0,0,0,0,0,0,0,0,0.0,0.0,0,247,1192,10,2,7.14795617048839,33,45,260,3,0,9.956742398741696,0,0,0,0,0.0,0,0,0,0,1,8,0,0,0,0,0,Kyren Williams,RB,RB,"https://static.www.nfl.com/image/upload/f_auto,q_auto/league/smsyrjrwy0lf0hu9hkvg",LA,69.0,202.0,2000-08-26,
00-0037841,0,0,0,0,0,0,0,0,0,0.0,0.0,0,0,0,0,0,0.0,0,0,0,0,0,0.0,0,35,2,1,1.0,1,0,0,0,0,0,0,0,0,0,0,Quentin Lake,SAF,DB,"https://static.www.nfl.com/image/upload/f_auto,q_auto/league/rhyy4y6kh7kbnuglf7jp",LA,73.0,196.0,1999-01-29,
00-0037842,0,0,0,0,0,0,0,0,0,0.0,0.0,0,0,0,0,0,0.0,0,0,0,0,0,0.0,0,4,1,0,0.0,2,0,0,0,0,0,0,0,0,0,0,Derion Kendrick,CB,DB,"https://static.www.nfl.com/image/upload/f_auto,q_auto/league/jqmngrtmkviwleea8i40",SEA,72.0,190.0,2000-08-24,
00-0037843,0,0,0,0,0,0,0,0,0,0.0,0.0,0,0,0,0,0,0.0,0,0,0,0,0,0.0,0,7,0,0,0.0,0,0,0,0,0,0,0,0,0,0,0,Daniel Hardy,DE,DL,"https://static.www.nfl.com/image/upload/f_auto,q_auto/league/z48xtbtdtknk6e3fonre",CHI,74.0,255.0,1998-12-15,
00-0038038,0,0,0,0,0,0,0,0,0,0.0,0.0,0,0,0,0,0,0.0,0,0,0,0,0,0.0,0,53,7,2,1.0,0,0,0,0,0,0,0,0,0,0,0,Kyle Hamilton,SAF,DB,"https://static.www.nfl.com/image/upload/f_auto,q_auto/league/chrrlhiriydmjomv3s2f",BAL,76.0,218.0,2001-03-16,
00-0038039,0,0,0,0,0,0,0,0,0,0.0,0.0,0,0,0,0,0,0.0,0,0,0,0,0,0.0,0,47,4,2,0.0,1,0,0,0,0,0,0,0,0,0,0,Jack Jones,CB,DB,"https://static.www.nfl.com/image/upload/f_auto,q_auto/league/du4dbnopryqdeffnwcwh",MIA,71.0,175.0,1997-12-20,
00-0038040,0,0,0,0,0,0,0,0,0,0.0,0.0,0,11,27,0,0,-8.026837035198696,3,5,19,0,0,-1.8705146240746275,0,0,0,0,0.0,0,0,0,0,0,0,6,149,0,0,0,Zamir White,RB,RB,"https://static.www.nfl.com/image/upload/f_auto,q_auto/league/jzthyqk2ld52f31ka1ir",LV,71.0,227.0,1999-09-18,
00-0038041,0,0,0,0,0,0,0,0,0,0.0,0.0,0,1,1,0,0,-0.6943626506254077,81,100,595,8,3,19.543563301444337,0,2,0,0,0.0,0,0,0,0,0,0,0,0,0,0,0,Jake Ferguson,TE,TE,"https://static.www.nfl.com/image/upload/f_auto,q_auto/league/ebdz1yf8ky2mscdvyv1v",DAL,77.0,244.0,1999-01-18,
00-0038043,0,0,0,0,0,0,0,0,0,0.0,0.0,0,0,0,0,0,0.0,0,0,0,0,0,0.0,0,3,0,0,0.0,0,0,0,0,0,0,0,0,0,0,0,Joshua Williams,CB,DB,"https://static.www.nfl.com/image/upload/f_auto,q_auto/league/gpyxftvkpvbwrc7srrgt",KC,75.0,193.0,1999-10-17,
00-0038046,0,0,0,0,0,0,0,0,0,0.0,0.0,0,0,0,0,0,0.0,10,15,142,2,0,5.154568243451649,0,1,0,0,0.0,0,0,0,0,0,0,0,0,0,0,0,Charlie Kolar,TE,TE,"https://static.www.nfl.com/image/upload/f_auto,q_auto/league/g75ws8vkqz9cqwifhcy7",BAL,78.0,265.0,1999-02-10,
00-0038090,0,0,0,0,0,0,0,0,0,0.0,0.0,0,2,11,0,0,0.5309862846042961,5,7,87,0,0,4.717117530817632,0,0,0,0,0.0,0,0,1,0,25,291,33,907,0,0,0,Skyy Moore,WR,WR,"https://static.www.nfl.com/image/upload/f_auto,q_auto/league/fadcpretmhczwjq8ovae",SF,70.0,195.0,2000-09-10,
00-0038094,0,0,0,0,0,0,0,0,0,0.0,0.0,0,0,0,0,0,0.0,0,0,0,0,0,0.0,0,1,0,0,0.0,0,0,0,0,0,0,0,0,0,0,0,Jordan Stout,P,SPEC,"https://static.www.nfl.com/image/upload/f_auto,q_auto/league/ta8m8jfnaotfjnasvy2e",BAL,75.0,209.0,1998-08-04,
00-0038099,0,0,0,0,0,0,0,0,0,0.0,0.0,0,0,0,0,0,0.0,0,0,0,0,0,0.0,0,4,0,0,0.0,0,0,0,0,0,0,0,0,0,0,0,Phidarian Mathis,DT,DL,"https://static.www.nfl.com/image/upload/f_auto,q_auto/league/sad9ieuv0z3maak06mir",BUF,76.0,312.0,1998-04-26,
00-0038100,0,0,0,0,0,0,0,0,0,0.0,0.0,0,0,0,0,0,0.0,0,0,0,0,0,0.0,0,8,0,0,0.0,0,0,0,0,0,0,0,0,0,0,0,Percy Butler,SAF,DB,"https://static.www.nfl.com/image/upload/f_auto,q_auto/league/a91iobuedgc4i8c8jq7j",WAS,72.0,191.0,2000-05-05,
00-0038101,0,0,0,0,0,0,0,0,0,0.0,0.0,0,0,0,0,0,0.0,0,0,0,0,0,0.0,0,6,0,0,0.0,0,0,0,0,0,0,0,0,0,0,0,Akayleb Evans,CB,DB,"https://static.www.nfl.com/image/upload/f_auto,q_auto/league/anmntl6frvbrhct3tzn1",CAR,74.0,198.0,1999-06-22,
00-0038102,27,41,185,1,1,6,-40,0,0,-17.952091328207516,-20.22337543964386,0,4,13,0,1,-4.8580459507065825,0,0,0,0,0,0.0,0,0,0,0,0.0,0,0,0,0,0,0,0,0,0,0,0,Kenny Pickett,QB,QB,"https://static.www.nfl.com/image/upload/f_auto,q_auto/league/nfdzmyfr8eup5uuojjdw",LV,75.0,220.0,1998-06-06,
00-0038103,0,0,0,0,0,0,0,0,0,0.0,0.0,0,0,0,0,0,0.0,0,0,0,0,0,0.0,0,1,0,0,0.0,0,0,0,0,0,0,0,0,0,0,0,Cole Strange,G,OL,"https://static.www.nfl.com/image/upload/f_auto,q_auto/league/rnuyg2ipah0b18vkxiqz",MIA,77.0,310.0,1998-07-31,
00-0038104,0,0,0,0,0,0,0,0,0,0.0,0.0,0,0,0,0,0,0.0,19,37,438,3,0,26.24813281281208,0,1,0,1,0.0,0,0,0,0,0,0,18,475,0,0,0,Tyquan Thornton,WR,WR,"https://static.www.nfl.com/image/upload/f_auto,q_auto/league/bjqzuempyiwxe0hl7e5a",KC,74.0,185.0,2000-08-07,
00-0038106,0,0,0,0,0,0,0,0,0,0.0,0.0,0,0,0,0,0,0.0,0,0,0,0,0,0.0,0,14,4,0,2.5,0,0,0,0,0,0,0,0,0,0,0,Eyioma Uwazurike,DT,DL,"https://static.www.nfl.com/image/upload/f_auto,q_auto/league/tkr7tz1k8al4ddckvjz6",DEN,78.0,320.0,1998-05-06,
00-0038107,0,0,0,0,0,0,0,0,0,0.0,0.0,0,0,0,0,0,0.0,0,0,0,0,0,0.0,0,8,3,0,1.0,0,0,0,0,0,0,0,0,0,0,0,Micheal Clemons,DE,DL,"https://static.www.nfl.com/image/upload/f_auto,q_auto/league/bclys2f80w1v5klsswky",NYJ,77.0,263.0,1997-08-21,
00-0038111,0,0,0,0,0,0,0,0,0,0.0,0.0,0,0,0,0,0,0.0,0,0,0,0,0,0.0,0,5,1,0,1.0,0,0,0,0,0,0,0,0,0,0,0,Kyler Gordon,CB,DB,"https://static.www.nfl.com/image/upload/f_auto,q_auto/league/bx1snjc1rdkqpytb6bvu",CHI,71.0,200.0,1999-12-17,
00-0038112,0,0,0,0,0,0,0,0,0,0.0,0.0,0,0,0,0,0,0.0,0,0,0,0,0,0.0,0,0,0,0,0.0,0,0,0,0,0,0,0,0,0,0,0,Cam Jurgens,C,OL,"https://static.www.nfl.com/image/upload/f_auto,q_auto/league/gksconutf766u40keyxr",PHI,75.0,303.0,1999-08-21,
00-0038115,0,0,0,0,0,0,0,0,0,0.0,0.0,0,0,0,0,0,0.0,17,24,248,1,0,16.88505488555529,0,1,0,0,0.0,0,0,0,0,0,0,0,0,0,0,0,Daniel Bellinger,TE,TE,"https://static.www.nfl.com/image/upload/f_auto,q_auto/league/hu3gywcwp2rlsefvawh1",NYG,78.0,255.0,2000-09-22,
00-0038116,0,0,0,0,0,0,0,0,0,0.0,0.0,0,0,0,0,0,0.0,0,0,0,0,0,0.0,0,16,5,0,2.0,0,0,0,0,0,0,0,0,0,0,0,Arnold Ebiketie,LB,LB,"https://static.www.nfl.com/image/upload/f_auto,q_auto/league/w5sjq8cj5tdar5ttlll7",ATL,74.0,250.0,1999-01-23,
00-0038117,0,0,0,0,0,0,0,0,0,0.0,0.0,0,3,5,0,0,1.922047827742063,92,140,1014,4,1,19.46254311013073,0,1,0,0,0.0,0,0,0,0,0,0,2,41,0,0,0,Wan'Dale Robinson,WR,WR,"https://static.www.nfl.com/image/upload/f_auto,q_auto/league/yzcvyhmilvxedfjfjglc",NYG,68.0,185.0,2001-01-05,
00-0038118,0,0,0,0,0,0,0,0,0,0.0,0.0,0,0,0,0,0,0.0,0,0,0,0,0,0.0,0,0,0,0,0.0,0,0,0,0,0,0,0,0,0,0,0,Daniel Faalele,G,OL,"https://static.www.nfl.com/image/upload/f_auto,q_auto/league/hx7hfkjs2mzqa5sjm9na",BAL,80.0,370.0,1999-11-09,
00-0038119,0,0,0,0,0,0,0,0,0,0.0,0.0,0,0,0,0,0,0.0,0,0,0,0,0,0.0,0,16,1,0,0.0,0,0,0,0,0,0,0,0,0,0,0,Jalyn Armour-Davis,CB,DB,"https://static.www.nfl.com/image/upload/f_auto,q_auto/league/stfweqraa3ezp6xtcqut",TEN,73.0,200.0,1999-09-03,
00-0038120,1,1,4,1,0,0,0,0,0,1.194561611104291,56.87534511089325,0,243,1065,4,2,-22.26660951084341,36,48,350,1,0,8.669591963233408,0,0,0,0,0.0,0,0,0,0,0,0,0,0,0,0,0,Breece Hall,RB,RB,"https://static.www.nfl.com/image/upload/f_auto,q_auto/league/m3dviruymtm2wl2zcpmr",NYJ,71.0,217.0,2001-05-31,
00-0038121,0,0,0,0,0,0,0,0,0,0.0,0.0,0,0,0,0,0,0.0,0,0,0,0,0,0.0,0,54,6,0,2.0,2,0,0,0,0,0,0,0,0,0,0,Alontae Taylor,CB,DB,"https://static.www.nfl.com/image/upload/f_auto,q_auto/league/n5x6q4v3rj8lrkiiva0h",NO,73.0,199.0,1998-12-03,
00-0038123,0,0,0,0,0,0,0,0,0,0.0,0.0,0,0,0,0,0,0.0,0,0,0,0,0,0.0,0,52,3,3,2.0,1,0,0,0,0,0,0,0,0,0,0,Dane Belton,SAF,DB,"https://static.www.nfl.com/image/upload/f_auto,q_auto/league/dteu26qeqai20d4da21f",NYG,73.0,190.0,2000-12-07,
00-0038124,0,0,0,0,0,0,0,0,0,0.0,0.0,0,1,3,0,0,-0.1850908612832427,35,55,611,6,0,32.272833978563845,0,1,0,0,0.0,0,0,0,0,0,0,0,0,0,0,0,Christian Watson,WR,WR,"https://static.www.nfl.com/image/upload/f_auto,q_auto/league/syljognztlbghfeqyqn1",GB,76.0,208.0,1999-05-12,
00-0038125,0,0,0,0,0,0,0,0,0,0.0,0.0,0,0,0,0,0,0.0,0,0,0,0,0,0.0,0,21,1,0,1.0,1,0,0,0,0,0,0,0,0,0,0,Roger McCreary,CB,DB,"https://static.www.nfl.com/image/upload/f_auto,q_auto/league/ntg1yix4ehhorke1zxkb",TEN,71.0,190.0,2000-02-10,
00-0038126,0,0,0,0,0,0,0,0,0,0.0,0.0,0,0,0,0,0,0.0,0,0,0,0,0,0.0,0,0,0,0,0.0,0,0,0,0,0,0,0,0,0,0,0,Perrion Winfrey,DT,DL,"https://static.www.nfl.com/image/upload/f_auto,q_auto/league/mba0pzg4jlbxszeneexx",DAL,76.0,290.0,2000-08-15,
00-0038127,0,0,0,0,0,0,0,0,0,0.0,0.0,0,0,0,0,0,0.0,0,0,0,0,0,0.0,0,17,2,1,1.5,0,0,0,0,0,0,0,0,0,0,0,Logan Hall,DE,DL,"https://static.www.nfl.com/image/upload/f_auto,q_auto/league/bwkyc5onugo39cqnsa4e",TB,78.0,283.0,2000-04-22,
00-0038128,30,35,422,3,0,3,-15,0,0,28.084425085735283,99.90129821099244,0,22,123,2,2,1.0631115740658634,0,0,0,0,0,0.0,0,0,0,0,0.0,0,0,0,0,0,0,0,0,0,0,0,Malik Willis,QB,QB,"https://static.www.nfl.com/image/upload/f_auto,q_auto/league/hsnetccy7bquili3gcqq",GB,73.0,225.0,1999-05-25,
00-0038129,0,0,0,0,0,0,0,0,0,0.0,0.0,0,0,0,0,0,0.0,52,72,478,0,0,-1.0164701401590386,0,4,0,0,0.0,0,0,0,0,0,0,0,0,0,0,0,Cade Otton,TE,TE,"https://static.www.nfl.com/image/upload/f_auto,q_auto/league/dlgxvfpnufpnxkvu1ynb",TB,77.0,247.0,1999-04-15,
00-0038131,0,0,0,0,0,0,0,0,0,0.0,0.0,0,0,0,0,0,0.0,0,0,0,0,0,0.0,0,0,0,0,0.0,0,0,0,0,0,0,0,0,0,0,0,Ed Ingram,G,OL,"https://static.www.nfl.com/image/upload/f_auto,q_auto/league/zcqlqfil0ci0v8eftkub",HOU,75.0,307.0,1999-02-11,
00-0038133,0,0,0,0,0,0,0,0,0,0.0,0.0,0,0,0,0,0,0.0,0,0,0,0,0,0.0,0,9,4,1,2.0,0,0,0,0,0,0,0,0,0,0,0,Boye Mafe,LB,LB,"https://static.www.nfl.com/image/upload/f_auto,q_auto/league/smudeksouwxr6zynwcws",SEA,76.0,261.0,1998-11-30,
00-0038134,0,0,0,0,0,0,0,0,0,0.0,0.0,0,205,930,5,0,-17.03045422502477,27,32,246,0,1,4.713826392454337,0,1,0,0,0.0,0,0,0,0,0,0,0,0,0,0,0,Kenneth Walker III,RB,RB,"https://static.www.nfl.com/image/upload/f_auto,q_auto/league/mnzsnemdzbey5hbahdhk",SEA,69.0,211.0,2000-10-20,
00-0038135,0,0,0,0,0,0,0,0,0,0.0,0.0,0,0,0,0,0,0.0,0,0,0,0,0,0.0,0,45,1,0,1.0,1,0,0,0,0,0,0,0,0,0,0,Jaquan Brisker,SAF,DB,"https://static.www.nfl.com/image/upload/f_auto,q_auto/league/f21nhdemlyjvrtq9j01z",CHI,73.0,204.0,1999-04-20,
00-0038136,0,0,0,0,0,0,0,0,0,0.0,0.0,0,0,0,0,0,0.0,0,0,0,0,0,0.0,0,37,4,1,0.0,4,0,1,0,0,0,0,0,0,0,0,Coby Bryant,SAF,DB,"https://static.www.nfl.com/image/upload/f_auto,q_auto/league/dx8iy9fohocha1eh4k58",SEA,73.0,193.0,1999-03-29,
00-0038142,0,0,0,0,0,0,0,0,0,0.0,0.0,0,0,0,0,0,0.0,0,0,0,0,0,0.0,0,6,0,0,0.5,0,0,0,0,0,0,0,0,0,0,0,David Ojabo,LB,LB,"https://static.www.nfl.com/image/upload/f_auto,q_auto/league/zhwq0frk3h6ni3uw4btp",BAL,76.0,252.0,2000-05-17,
00-0038152,0,0,0,0,0,0,0,0,0,0.0,0.0,0,0,0,0,0,0.0,0,0,0,0,0,0.0,0,0,0,0,0.0,0,0,0,0,0,0,0,0,4,4,0,Lucas Havrisik,K,SPEC,"https://static.www.nfl.com/image/upload/f_auto,q_auto/league/dpkfsna78iqtafg1fpdm",GB,74.0,188.0,1999-09-29,1.0
00-0038359,0,0,0,0,0,0,0,0,0,0.0,0.0,0,0,0,0,0,0.0,17,22,297,0,0,21.51307282363996,0,2,0,0,0.0,0,0,0,0,26,242,12,274,0,0,0,Xavier Smith,WR,WR,"https://static.www.nfl.com/image/upload/f_auto,q_auto/league/fk4gtziqefw5etqfylbe",LA,69.0,176.0,1997-09-21,
00-0038360,0,0,0,0,0,0,0,0,0,0.0,0.0,0,0,0,0,0,0.0,0,0,0,0,0,0.0,0,0,0,0,0.0,0,0,0,0,0,0,0,0,0,0,0,Alex Ward,LS,SPEC,"https://static.www.nfl.com/image/upload/f_auto,q_auto/league/bck0h02cdfjklvhxe9vq",LA,76.0,240.0,1999-04-21,
00-0038366,0,0,0,0,0,0,0,0,0,0.0,0.0,0,0,0,0,0,0.0,0,0,0,0,0,0.0,0,0,0,0,0.0,0,0,0,0,0,0,0,0,0,0,0,Tanner Ingle,SAF,DB,"https://static.www.nfl.com/image/upload/f_auto,q_auto/league/vzeuylllstdp5udwxgzq",LA,68.0,195.0,1999-10-29,
00-0038381,0,0,0,0,0,0,0,0,0,0.0,0.0,0,0,0,0,0,0.0,0,0,0,0,0,0.0,0,31,1,0,0.0,3,0,0,0,0,0,0,0,0,0,0,Kyu Blu Kelly,CB,DB,"https://static.www.nfl.com/image/upload/f_auto,q_auto/league/jmwlrbcsuzckrohnwgdu",LV,72.0,188.0,2001-05-22,
00-0038383,0,0,0,0,0,0,0,0,0,0.0,0.0,0,0,0,0,0,0.0,0,0,0,0,0,0.0,0,0,0,0,0.0,0,0,0,0,0,0,0,0,0,0,0,Andrew Vorhees,G,OL,"https://static.www.nfl.com/image/upload/f_auto,q_auto/league/nbfqkv3mynu7fgmrt7fc",BAL,78.0,320.0,1999-01-21,
00-0038386,0,0,0,0,0,0,0,0,0,0.0,0.0,0,0,0,0,0,0.0,0,0,0,0,0,0.0,0,19,5,0,3.0,0,0,0,0,0,0,0,0,0,0,0,Jalen Carter,DT,DL,"https://static.www.nfl.com/image/upload/f_auto,q_auto/league/dxkrjv1ihimkwj9xahsz",PHI,75.0,314.0,2001-04-04,
00-0038387,0,0,0,0,0,0,0,0,0,0.0,0.0,0,0,0,0,0,0.0,0,0,0,0,0,0.0,0,24,6,0,0.0,0,0,0,0,0,0,0,0,0,0,0,Colby Wooden,DE,DL,"https://static.www.nfl.com/image/upload/f_auto,q_auto/league/fwupcm9mwqoufrt6sz2z",GB,76.0,273.0,2000-12-21,
00-0038390,0,0,0,0,0,0,0,0,0,0.0,0.0,0,0,0,0,0,0.0,0,0,0,0,0,0.0,0,32,3,1,0.0,0,0,0,0,0,0,0,0,0,0,0,Noah Sewell,LB,LB,"https://static.www.nfl.com/image/upload/f_auto,q_auto/league/sw5wea1zlc1drxoisej0",CHI,73.0,246.0,2002-04-26,
00-0038392,0,0,0,0,0,0,0,0,0,0.0,0.0,0,0,0,0,0,0.0,0,0,0,0,0,0.0,0,2,0,0,0.0,0,0,0,0,0,0,0,0,0,0,0,Daniel Scott,SAF,DB,"https://static.www.nfl.com/image/upload/f_auto,q_auto/league/bulecjnldnf3tgw1f1bq",IND,73.0,208.0,1998-10-26,
00-0038393,0,0,0,0,0,0,0,0,0,0.0,0.0,0,1,6,0,0,0.4941405840218067,30,46,332,2,0,14.157983337128769,0,1,0,0,0.0,0,0,0,0,0,0,0,0,0,0,0,Dontayvion Wicks,WR,WR,"https://static.www.nfl.com/image/upload/f_auto,q_auto/league/er7pbyq82nsbw1w3wyor",GB,73.0,206.0,2001-06-16,
00-0038394,0,0,0,0,0,0,0,0,0,0.0,0.0,0,0,0,0,0,0.0,1,1,16,0,0,1.5176577111706138,0,0,0,0,0.0,0,0,0,0,0,0,0,0,0,0,0,Will Mallory,TE,TE,"https://static.www.nfl.com/image/upload/f_auto,q_auto/league/iedvpzvx9rric1dyi3iy",IND,76.0,239.0,1999-06-22,
00-0038396,0,0,0,0,0,0,0,0,0,0.0,0.0,0,0,0,0,0,0.0,0,0,0,0,0,0.0,0,0,0,0,0.0,0,0,0,0,0,0,2,41,0,0,0,Eric Gray,RB,RB,"https://static.www.nfl.com/image/upload/f_auto,q_auto/league/ijjxwxv1ccyowzhpuw2k",NYG,70.0,210.0,1999-11-04,
00-0038397,0,0,0,0,0,0,0,0,0,0.0,0.0,0,17,37,0,0,-7.979933771362994,1,1,6,0,0,0.151240378152579,0,0,0,0,0.0,0,0,0,0,0,0,4,101,0,0,0,Evan Hull,RB,RB,"https://static.www.nfl.com/image/upload/f_auto,q_auto/league/xyyujk9mvvzegaiefp51",NO,70.0,209.0,2000-10-26,
00-0038398,0,0,0,0,0,0,0,0,0,0.0,0.0,0,0,0,0,0,0.0,0,0,0,0,0,0.0,0,7,1,0,0.5,0,0,0,0,0,0,0,0,0,0,0,Karl Brooks,DT,DL,"https://static.www.nfl.com/image/upload/f_auto,q_auto/league/qfyjyfmkoutz6s3ffy12",GB,75.0,296.0,2000-05-08,
00-0038399,0,0,0,0,0,0,0,0,0,0.0,0.0,0,0,0,0,0,0.0,0,0,0,0,0,0.0,0,16,2,0,1.0,0,0,0,0,0,0,0,0,0,0,0,Zaire Barnes,LB,LB,"https://static.www.nfl.com/image/upload/f_auto,q_auto/league/nxul8agf3bcubh8wie1g",NYG,73.0,227.0,1999-09-03,
00-0038400,3,3,33,0,0,0,0,0,0,3.694791657559108,32.53127336502075,0,6,5,0,0,-4.208775954961311,0,0,0,0,0,0.0,0,0,0,0,0.0,0,0,0,0,0,0,0,0,0,0,0,Tanner McKee,QB,QB,"https://static.www.nfl.com/image/upload/f_auto,q_auto/league/oveivzhzv13jrfvkp8zg",PHI,78.0,230.0,2000-04-27,
00-0038401,0,0,0,0,0,0,0,0,0,0.0,0.0,0,0,0,0,0,0.0,0,0,0,0,0,0.0,0,0,0,0,0.0,0,0,0,0,0,0,0,0,0,0,0,Jarrick Bernard-Converse,CB,DB,"https://static.www.nfl.com/image/upload/f_auto,q_auto/league/qijokuz8ptkewjqktjm4",NYG,73.0,205.0,2000-04-29,
00-0038407,0,0,0,0,0,0,0,0,0,0.0,0.0,0,0,0,0,0,0.0,0,0,0,0,0,0.0,0,10,1,0,0.0,0,0,0,0,0,0,0,0,0,0,0,Jaylon Jones,CB,DB,"https://static.www.nfl.com/image/upload/f_auto,q_auto/league/wa0dnjnbqq4emnlkykd4",IND,74.0,203.0,2002-04-03,
00-0038408,0,0,0,0,0,0,0,0,0,0.0,0.0,0,0,0,0,0,0.0,0,0,0,0,0,0.0,0,25,0,0,0.0,0,0,0,0,0,0,0,0,0,0,0,Carrington Valentine,CB,DB,"https://static.www.nfl.com/image/upload/f_auto,q_auto/league/wtkzctyceullg5napiwx",GB,72.0,189.0,2001-09-09,
00-0038409,0,0,0,0,0,0,0,0,0,0.0,0.0,0,0,0,0,0,0.0,0,0,0,0,0,0.0,0,0,0,0,0.0,0,0,0,0,0,0,0,0,0,0,0,Lew Nichols III,RB,RB,"https://static.www.nfl.com/image/upload/f_auto,q_auto/league/pjwn4p2al5oaxyay4z5q",PIT,70.0,220.0,2001-08-16,
00-0038412,0,0,0,0,0,0,0,0,0,0.0,0.0,0,0,0,0,0,0.0,0,0,0,0,0,0.0,0,16,6,0,6.0,0,0,0,0,0,0,0,0,0,0,0,Moro Ojomo,DT,DL,"https://static.www.nfl.com/image/upload/f_auto,q_auto/league/bbiomvn996iwm4ckkzio",PHI,75.0,292.0,2001-08-15,
00-0038414,0,0,0,0,0,0,0,0,0,0.0,0.0,0,0,0,0,0,0.0,0,0,0,0,0,0.0,0,8,0,0,0.0,0,0,0,0,0,0,0,0,0,0,0,Kendall Williamson,SAF,DB,"https://static.www.nfl.com/image/upload/f_auto,q_auto/league/hwru3vazokvanq4ibuks",LAC,72.0,203.0,2000-08-24,
00-0038416,3,4,47,0,0,0,0,0,0,2.305082613544073,39.376298586527504,0,2,7,0,1,-0.3711529092397541,0,0,0,0,0,0.0,0,0,0,0,0.0,0,0,0,0,0,0,0,0,0,0,0,Tyson Bagent,QB,QB,"https://static.www.nfl.com/image/upload/f_auto,q_auto/league/kfwnayxjfnbfs3sm5a21",CHI,75.0,213.0,2000-06-08,
00-0038428,0,0,0,0,0,0,0,0,0,0.0,0.0,0,0,0,0,0,0.0,0,0,0,0,0,0.0,0,1,0,0,0.0,0,0,0,0,0,0,0,0,22,25,0,Andre Szmyt,K,SPEC,"https://static.www.nfl.com/image/upload/f_auto,q_auto/league/tkah6glpysuyq2a54gts",CLE,72.0,200.0,1998-09-26,0.5
00-0038440,0,0,0,0,0,0,0,0,0,0.0,0.0,0,29,105,0,2,-8.161297292623203,13,15,90,1,0,-1.7188563663512468,0,3,0,0,0.0,0,0,0,0,0,0,0,0,0,0,0,Zavier Scott,RB,RB,"https://static.www.nfl.com/image/upload/f_auto,q_auto/league/tnpgpzojszbfk8fpt0rb",MIN,73.0,221.0,1999-07-17,
00-0038454,0,0,0,0,0,0,0,0,0,0.0,0.0,0,57,339,1,1,3.5203586052230094,9,12,63,0,0,-5.52936580037931,0,0,0,0,0.0,0,0,0,0,0,0,20,531,0,0,0,Keaton Mitchell,RB,RB,"https://static.www.nfl.com/image/upload/f_auto,q_auto/league/klpn2btfhgfv5a8dp3jj",BAL,68.0,191.0,2002-01-17,
00-0038456,0,0,0,0,0,0,0,0,0,0.0,0.0,0,0,0,0,0,0.0,0,0,0,0,0,0.0,0,2,0,0,0.0,0,0,0,0,0,0,0,0,0,0,0,Travis Vokolek,TE,TE,"https://static.www.nfl.com/image/upload/f_auto,q_auto/league/mghciy5zhnaxa6v097yj",ARI,78.0,260.0,1998-06-04,
00-0038458,0,0,0,0,0,0,0,0,0,0.0,0.0,0,3,6,0,0,-1.049660998629406,0,0,0,0,0,0.0,0,0,0,0,0.0,0,0,0,0,0,0,3,73,0,0,0,Owen Wright,RB,RB,"https://static.www.nfl.com/image/upload/f_auto,q_auto/league/nig1vy9k1asfhkanvlki",TB,69.0,217.0,1999-02-28,
00-0038463,0,0,0,0,0,0,0,0,0,0.0,0.0,0,0,0,0,0,0.0,0,0,0,0,0,0.0,0,1,0,0,0.0,0,0,0,0,0,0,0,0,0,0,0,Brenton Cox Jr.,DE,DL,"https://static.www.nfl.com/image/upload/f_auto,q_auto/league/gip2rjldcyryxybsioer",GB,76.0,250.0,2000-01-30,
00-0038465,0,0,0,0,0,0,0,0,0,0.0,0.0,0,0,0,0,0,0.0,6,7,86,0,0,6.949825530622254,0,1,0,0,0.0,0,0,0,0,0,0,0,0,0,0,0,Malik Heath,WR,WR,"https://static.www.nfl.com/image/upload/f_auto,q_auto/league/gtvkkadrxfzlj1qxshhx",GB,74.0,213.0,2000-03-31,
00-0038488,0,0,0,0,0,0,0,0,0,0.0,0.0,0,0,0,0,0,0.0,0,1,0,0,0,-0.4471562528051436,0,8,0,0,0.0,0,0,0,0,0,0,0,0,0,0,0,Brady Russell,FB,RB,"https://static.www.nfl.com/image/upload/f_auto,q_auto/league/qvf5yojj8rznahzzxffx",SEA,75.0,250.0,1998-08-31,
00-0038492,0,0,0,0,0,0,0,0,0,0.0,0.0,0,0,0,0,0,0.0,0,1,0,0,0,-0.7134253880445582,0,1,0,0,0.0,0,0,0,0,0,0,0,0,0,0,0,Jason Brownlee,WR,WR,"https://static.www.nfl.com/image/upload/f_auto,q_auto/league/gnqpsix71nvcuclltghc",KC,75.0,202.0,1999-01-30,
00-0038493,0,0,0,0,0,0,0,0,0,0.0,0.0,0,0,0,0,0,0.0,0,0,0,0,0,0.0,0,14,0,0,0.0,0,0,0,0,0,0,0,0,0,0,0,Claudin Cherelus,LB,LB,"https://static.www.nfl.com/image/upload/f_auto,q_auto/league/l7ole2smckexdhtrytuv",CAR,74.0,230.0,1999-02-09,
00-0038496,0,0,0,0,0,0,0,0,0,0.0,0.0,0,0,0,0,0,0.0,2,2,6,0,0,-0.6137133189477026,0,1,0,0,0.0,0,0,3,0,8,86,12,319,0,0,0,Xavier Gipson,WR,WR,"https://static.www.nfl.com/image/upload/f_auto,q_auto/league/xmtz360jnxg9psmqifnp",NYJ,69.0,189.0,2001-03-08,
00-0038498,0,0,0,0,0,0,0,0,0,0.0,0.0,0,0,0,0,0,0.0,0,0,0,0,0,0.0,0,0,0,0,0.0,0,0,0,0,0,0,0,0,0,0,0,E.J. Jenkins,TE,TE,"https://static.www.nfl.com/image/upload/f_auto,q_auto/league/jmhuk0gcnyotcjhdxo6v",PHI,78.0,245.0,1998-11-03,
00-0038504,0,0,0,0,0,0,0,0,0,0.0,0.0,0,0,0,0,0,0.0,0,0,0,0,0,0.0,0,26,4,0,2.5,0,0,0,0,0,0,0,0,0,0,0,Trenton Simpson,LB,LB,"https://static.www.nfl.com/image/upload/f_auto,q_auto/league/ozi4oorc2wbcbonnjoo8",BAL,74.0,235.0,2001-06-14,
00-0038505,0,0,0,0,0,0,0,0,0,0.0,0.0,0,0,0,0,0,0.0,0,0,0,0,0,0.0,0,12,3,1,3.5,0,0,0,0,0,0,0,0,0,0,0,Tavius Robinson,LB,LB,"https://static.www.nfl.com/image/upload/f_auto,q_auto/league/jmwnobonw2ieerdw5ynd",BAL,78.0,262.0,1999-01-03,
00-0038506,0,0,0,0,0,0,0,0,0,0.0,0.0,0,0,0,0,0,0.0,0,0,0,0,0,0.0,0,2,0,0,0.0,0,0,0,0,0,0,0,0,0,0,0,Jordon Riley,DT,DL,"https://static.www.nfl.com/image/upload/f_auto,q_auto/league/usm4wso1im2kvuxcv7sb",GB,77.0,315.0,1998-05-19,
00-0038513,0,0,0,0,0,0,0,0,0,0.0,0.0,0,0,0,0,0,0.0,0,0,0,0,0,0.0,0,1,0,0,0.0,0,0,0,0,0,0,0,0,0,0,0,Cam Jones,LB,LB,"https://static.www.nfl.com/image/upload/f_auto,q_auto/league/hu5ays6cwy6vlibjuscy",NYJ,74.0,227.0,1999-10-21,
00-0038514,0,0,0,0,0,0,0,0,0,0.0,0.0,0,0,0,0,0,0.0,0,0,0,0,0,0.0,0,2,1,0,1.5,0,0,0,0,0,0,0,0,0,0,0,Truman Jones,LB,LB,"https://static.www.nfl.com/image/upload/f_auto,q_auto/league/v3uhdutctvcx4c6pbpgu",TEN,75.0,255.0,2000-05-13,
00-0038519,0,0,0,0,0,0,0,0,0,0.0,0.0,0,1,11,0,0,0.6427091776859015,1,1,21,0,0,2.176661997975316,0,0,0,0,0.0,0,0,2,0,25,191,29,741,0,0,0,Nikko Remigio,WR,WR,"https://static.www.nfl.com/image/upload/f_auto,q_auto/league/tsvjshclrrbqv9mrbyj9",KC,69.0,187.0,1999-11-04,
00-0038521,0,0,0,0,0,0,0,0,0,0.0,0.0,0,0,0,0,0,0.0,0,0,0,0,0,0.0,0,2,0,0,0.0,0,0,0,0,0,0,0,0,0,0,0,Reese Taylor,CB,DB,"https://static.www.nfl.com/image/upload/f_auto,q_auto/league/cl48dg9l3ly5zdzawpnh",DEN,69.0,188.0,1999-08-27,
00-0038535,0,0,0,0,0,0,0,0,0,0.0,0.0,0,0,0,0,0,0.0,0,0,0,0,0,0.0,0,2,0,0,0.0,0,0,0,0,0,0,0,0,0,0,0,DJ Johnson,LB,LB,"https://static.www.nfl.com/image/upload/f_auto,q_auto/league/msiycion6qjuafdstc2z",CAR,76.0,260.0,1998-10-29,
00-0038536,0,0,0,0,0,0,0,0,0,0.0,0.0,0,0,0,0,0,0.0,0,0,0,0,0,0.0,0,0,0,0,0.0,0,0,0,0,0,0,0,0,0,0,0,Chandler Zavala,G,OL,"https://static.www.nfl.com/image/upload/f_auto,q_auto/league/i9wpf8cyyxwj1uou1jyy",CAR,75.0,322.0,1999-04-02,
00-0038540,0,0,0,0,0,0,0,0,0,0.0,0.0,0,0,0,0,0,0.0,0,0,0,0,0,0.0,0,0,0,0,0.0,0,0,0,0,0,0,0,0,0,0,0,Paris Johnson Jr.,OT,OL,"https://static.www.nfl.com/image/upload/f_auto,q_auto/league/fto9oiuqts9esmpl7dxf",ARI,78.0,325.0,2001-07-03,
00-0038541,0,0,0,0,0,0,0,0,0,0.0,0.0,0,0,0,0,0,0.0,0,0,0,0,0,0.0,0,19,6,0,2.0,0,0,0,0,0,0,0,0,0,0,0,Tyree Wilson,DE,DL,"https://static.www.nfl.com/image/upload/f_auto,q_auto/league/wrybvbogxpg3f0fiakaz",LV,77.0,263.0,2000-05-20,
00-0038542,0,0,0,0,0,0,0,0,0,0.0,0.0,0,272,1445,7,3,-6.60422954942612,76,100,810,4,1,27.44143059615216,0,0,0,0,0.0,0,0,0,0,0,0,0,0,0,0,0,Bijan Robinson,RB,RB,"https://static.www.nfl.com/image/upload/f_auto,q_auto/league/rjaf9auhx3lrktzgwpfb",ATL,71.0,215.0,2002-01-30,
00-0038543,0,0,0,0,0,0,0,0,0,0.0,0.0,0,7,36,0,0,0.04665786447003484,113,155,1709,10,3,84.80845517238988,0,3,0,0,0.0,0,0,0,0,0,0,0,0,0,0,0,Jaxon Smith-Njigba,WR,WR,"https://static.www.nfl.com/image/upload/f_auto,q_auto/league/jpvhsregfvw46mlyckzj",SEA,72.0,197.0,2002-02-14,
00-0038544,0,0,0,0,0,0,0,0,0,0.0,0.0,0,2,7,0,0,-0.37045799556653947,51,84,735,8,1,23.91051853808693,0,1,0,0,0.0,0,0,0,0,0,0,0,0,0,0,0,Quentin Johnston,WR,WR,"https://static.www.nfl.com/image/upload/f_auto,q_auto/league/bpzdpin1xp1kjxmbkq6d",LAC,74.0,208.0,2001-09-06,
00-0038545,0,0,0,0,0,0,0,0,0,0.0,0.0,0,0,0,0,0,0.0,0,0,0,0,0,0.0,0,0,0,0,0.0,0,0,0,0,0,0,0,0,0,0,0,Mazi Smith,DT,DL,"https://static.www.nfl.com/image/upload/f_auto,q_auto/league/y2b8scr5fmymetjob0lz",DAL,75.0,337.0,2001-06-16,
00-0038546,0,0,0,0,0,0,0,0,0,0.0,0.0,0,0,0,0,0,0.0,0,0,0,0,0,0.0,0,25,6,0,5.5,0,0,0,0,0,0,0,0,0,0,0,Myles Murphy,DE,DL,"https://static.www.nfl.com/image/upload/f_auto,q_auto/league/u0zvh5to1xhky5oiyonv",CIN,77.0,275.0,2002-01-03,
00-0038547,0,0,0,0,0,0,0,0,0,0.0,0.0,0,0,0,0,0,0.0,13,22,120,0,0,2.9034359220531774,0,2,0,0,0.0,0,0,0,0,0,0,0,0,0,0,0,Luke Schoonmaker,TE,TE,"https://static.www.nfl.com/image/upload/f_auto,q_auto/league/mjaidpltef1ctqwrk5o5",DAL,77.0,250.0,1998-09-28,
00-0038548,0,0,0,0,0,0,0,0,0,0.0,0.0,0,0,0,0,0,0.0,0,0,0,0,0,0.0,0,0,0,0,0.0,0,0,0,0,0,0,0,0,0,0,0,O'Cyrus Torrence,G,OL,"https://static.www.nfl.com/image/upload/f_auto,q_auto/league/bkbuobkm9dwoyprlaasp",BUF,77.0,347.0,2000-01-20,
00-0038549,0,0,0,0,0,0,0,0,0,0.0,0.0,0,0,0,0,0,0.0,0,0,0,0,0,0.0,0,27,2,2,0.0,2,0,0,0,0,0,0,0,0,0,0,DJ Turner II,CB,DB,"https://static.www.nfl.com/image/upload/f_auto,q_auto/league/nijmaqsa0uggtjzmpzgy",CIN,71.0,185.0,2000-11-09,
00-0038551,0,0,0,0,0,0,0,0,0,0.0,0.0,0,47,193,1,0,-2.9269559620297514,5,5,30,0,0,-0.3668858911842108,0,0,0,0,0.0,0,0,0,0,0,0,16,393,0,0,0,Kendre Miller,RB,RB,"https://static.www.nfl.com/image/upload/f_auto,q_auto/league/jz3mpvifmldus3ipdvu1",NO,72.0,220.0,2002-06-11,
00-0038552,0,0,0,0,0,0,0,0,0,0.0,0.0,0,0,0,0,0,0.0,0,0,0,0,0,0.0,0,54,3,0,1.0,1,0,0,0,0,0,0,0,0,0,0,Riley Moss,CB,DB,"https://static.www.nfl.com/image/upload/f_auto,q_auto/league/ien8dnxggtcrizatnuom",DEN,72.0,193.0,2000-03-03,
00-0038553,0,0,0,0,0,0,0,0,0,0.0,0.0,0,0,0,0,0,0.0,0,0,0,0,0,0.0,0,52,5,0,3.5,2,0,0,0,0,0,0,0,0,0,0,Daiyan Henley,LB,LB,"https://static.www.nfl.com/image/upload/f_auto,q_auto/league/rkogtmgnthxju5bqrtx1",LAC,73.0,225.0,1999-11-18,
00-0038554,0,0,0,0,0,0,0,0,0,0.0,0.0,0,0,0,0,0,0.0,0,0,0,0,0,0.0,0,38,2,1,0.0,2,0,0,0,0,0,0,0,0,0,0,Ji'Ayir Brown,SAF,DB,"https://static.www.nfl.com/image/upload/f_auto,q_auto/league/gmgewszcsvxdb63dmqby",SF,71.0,202.0,2000-01-25,
00-0038555,0,0,0,0,0,0,0,0,0,0.0,0.0,0,47,281,1,0,5.824329864934004,2,3,1,0,0,-2.3904025419033132,0,1,0,0,0.0,0,0,0,0,0,0,10,207,0,0,0,Tank Bigsby,RB,RB,"https://static.www.nfl.com/image/upload/f_auto,q_auto/league/nin8aexyipca7g7u7f4a",JAX,71.0,215.0,2002-08-30,
00-0038556,0,0,0,0,0,0,0,0,0,0.0,0.0,0,0,0,0,0,0.0,0,0,0,0,0,0.0,0,15,1,0,0.0,0,0,0,0,0,0,0,0,0,0,0,DeMarvion Overshown,LB,LB,"https://static.www.nfl.com/image/upload/f_auto,q_auto/league/oqcnkayaza1vcmhiyky4",DAL,75.0,230.0,2000-08-13,
00-0038557,0,0,0,0,0,0,0,0,0,0.0,0.0,0,0,0,0,0,0.0,0,0,0,0,0,0.0,0,26,0,0,0.0,0,0,0,0,0,0,0,0,0,0,0,Dorian Williams,LB,LB,"https://static.www.nfl.com/image/upload/f_auto,q_auto/league/fsslbcbp87yehsofpwg1",BUF,73.0,230.0,2001-06-28,
00-0038558,0,0,0,0,0,0,0,0,0,0.0,0.0,0,0,0,0,0,0.0,31,43,364,1,2,14.642507879660233,0,0,0,0,0.0,0,0,0,0,0,0,0,0,0,0,0,Darnell Washington,TE,TE,"https://static.www.nfl.com/image/upload/f_auto,q_auto/league/nza9bxmg2tdtg7wldjct",PIT,79.0,265.0,2001-08-17,
00-0038559,0,0,0,0,0,0,0,0,0,0.0,0.0,0,0,0,0,0,0.0,73,118,907,6,0,20.94651350858653,0,1,0,0,0.0,0,0,0,0,0,0,0,0,0,0,0,Michael Wilson,WR,WR,"https://static.www.nfl.com/image/upload/f_auto,q_auto/league/yc8awtck004bz2a5oeb8",ARI,74.0,213.0,2000-02-23,
00-0038560,0,0,0,0,0,0,0,0,0,0.0,0.0,0,0,0,0,0,0.0,0,0,0,0,0,0.0,0,57,2,2,0.0,4,0,0,0,0,0,0,0,0,0,0,Jordan Battle,SAF,DB,"https://static.www.nfl.com/image/upload/f_auto,q_auto/league/cqndmjyignuar0ekntsy",CIN,73.0,215.0,2000-12-14,
00-0038562,0,0,0,0,0,0,0,0,0,0.0,0.0,0,0,0,0,0,0.0,0,0,0,0,0,0.0,0,0,0,0,0.0,0,0,0,0,0,0,0,0,18,21,2,Jake Moody,K,SPEC,"https://static.www.nfl.com/image/upload/f_auto,q_auto/league/wkqqi3zfucoti8g5ncob",SF,73.0,210.0,1999-11-23,0.3333333333333333
00-0038563,0,0,0,0,0,0,0,0,0,0.0,0.0,0,10,47,0,0,-0.23315330140758317,55,86,666,5,0,21.17470773560275,0,2,0,0,0.0,0,0,0,0,7,49,1,23,0,0,0,Tre Tucker,WR,WR,"https://static.www.nfl.com/image/upload/f_auto,q_auto/league/fsx05ats4azj8mus03d4",LV,68.0,182.0,2001-03-08,
00-0038564,0,0,0,0,0,0,0,0,0,0.0,0.0,0,0,0,0,0,0.0,0,0,0,0,0,0.0,0,7,0,0,0.0,0,0,0,0,0,0,0,0,0,0,0,Cameron Latu,TE,TE,"https://static.www.nfl.com/image/upload/f_auto,q_auto/league/lpit9rjxtbjkl8jjdk7w",PHI,77.0,244.0,2000-02-24,
00-0038565,0,0,0,0,0,0,0,0,0,0.0,0.0,0,0,0,0,0,0.0,0,0,0,0,0,0.0,0,47,2,0,1.0,2,0,0,0,0,0,0,0,0,0,0,Mekhi Blackmon,CB,DB,"https://static.www.nfl.com/image/upload/f_auto,q_auto/league/uo4d3xkm63u1elamfvxw",IND,71.0,178.0,1999-03-18,
00-0038567,0,0,0,0,0,0,0,0,0,0.0,0.0,0,0,0,0,0,0.0,0,0,0,0,0,0.0,0,0,0,0,0.0,0,0,0,0,0,0,0,0,23,31,1,Chad Ryland,K,SPEC,"https://static.www.nfl.com/image/upload/f_auto,q_auto/league/hqbrncv4ktphfcmkf23g",ARI,72.0,195.0,1999-10-15,0.6666666666666666
00-0038568,0,0,0,0,0,0,0,0,0,0.0,0.0,0,0,0,0,0,0.0,0,0,0,0,0,0.0,0,1,0,0,0.0,0,0,0,0,0,0,0,0,0,0,0,Clark Phillips III,CB,DB,"https://static.www.nfl.com/image/upload/f_auto,q_auto/league/hamwwwt2yzzd1l7kjj7t",ATL,69.0,185.0,2001-12-19,
00-0038570,0,0,0,0,0,0,0,0,0,0.0,0.0,0,0,0,0,0,0.0,0,0,0,0,0,0.0,0,15,0,2,0.0,1,0,0,0,0,0,0,0,0,0,0,Ventrell Miller,LB,LB,"https://static.www.nfl.com/image/upload/f_auto,q_auto/league/gmxgq1mjnbdjjpcggamn",JAX,72.0,232.0,1999-01-15,
00-0038571,0,0,0,0,0,0,0,0,0,0.0,0.0,0,0,0,0,0,0.0,0,0,0,0,0,0.0,0,0,0,0,0.0,0,0,0,0,0,0,0,0,0,0,0,Jon Gaines II,G,OL,"https://static.www.nfl.com/image/upload/f_auto,q_auto/league/fz0ka8wofw3dvqr6whnv",ARI,76.0,315.0,1999-05-24,
00-0038573,0,0,0,0,0,0,0,0,0,0.0,0.0,0,2,5,0,0,-0.6214880647021346,1,2,3,0,0,-0.745223854901269,0,0,0,0,0.0,0,0,0,0,10,66,18,464,0,0,0,Derius Davis,WR,WR,"https://static.www.nfl.com/image/upload/f_auto,q_auto/league/if9lcwax4p0gwlqswr1y",LAC,68.0,165.0,2000-09-11,
00-0038574,0,0,0,0,0,0,0,0,0,0.0,0.0,0,0,0,0,0,0.0,0,0,0,0,0,0.0,0,13,8,1,2.0,0,0,0,0,0,0,0,0,0,0,0,Isaiah McGuire,DE,DL,"https://static.www.nfl.com/image/upload/f_auto,q_auto/league/bgay7c5onbqadb4qjguc",CLE,76.0,268.0,2001-07-27,
00-0038576,0,0,0,0,0,0,0,0,0,0.0,0.0,0,0,0,0,0,0.0,0,1,0,0,0,-0.5337089993990958,1,0,0,0,0.0,0,0,0,0,13,115,42,1084,0,0,0,Charlie Jones,WR,WR,"https://static.www.nfl.com/image/upload/f_auto,q_auto/league/rofwl0wrsdqnfvv4iokq",CIN,72.0,190.0,1998-10-29,
00-0038577,0,0,0,0,0,0,0,0,0,0.0,0.0,0,0,0,0,0,0.0,0,0,0,0,0,0.0,0,17,12,3,6.5,1,0,0,0,0,0,0,0,0,0,0,Nick Herbig,LB,LB,"https://static.www.nfl.com/image/upload/f_auto,q_auto/league/x2pdurg2nwxy1tiyfeac",PIT,74.0,240.0,2001-11-21,
00-0038578,0,0,0,0,0,0,0,0,0,0.0,0.0,0,0,0,0,0,0.0,0,0,0,0,0,0.0,0,11,1,0,0.0,0,0,0,0,0,0,0,0,0,0,0,Jay Ward,SAF,DB,"https://static.www.nfl.com/image/upload/f_auto,q_auto/league/c3y0kln3tvfhyw5e3nbt",MIN,73.0,188.0,2000-07-13,
00-0038580,0,0,0,0,0,0,0,0,0,0.0,0.0,0,0,0,0,0,0.0,0,0,0,0,0,0.0,0,6,0,0,0.0,0,0,0,0,0,0,0,0,0,0,0,Yasir Abdullah,LB,LB,"https://static.www.nfl.com/image/upload/f_auto,q_auto/league/xcqrvdytgfa12io99n2w",JAX,73.0,240.0,2000-04-12,
00-0038582,1,4,8,0,1,1,-3,0,0,-6.727329278597608,-34.66281443834305,0,1,0,0,0,-0.4765832424163818,0,0,0,0,0,0.0,0,0,0,0,0.0,0,0,0,0,0,0,0,0,0,0,0,Clayton Tune,QB,QB,"https://static.www.nfl.com/image/upload/f_auto,q_auto/league/qf8khbyllgjzfyqd3yuz",GB,75.0,220.0,1999-03-23,
00-0038585,0,0,0,0,0,0,0,0,0,0.0,0.0,0,0,0,0,0,0.0,0,0,0,0,0,0.0,0,11,2,1,0.0,0,0,0,0,0,0,0,0,0,0,0,Cameron Mitchell,CB,DB,"https://static.www.nfl.com/image/upload/f_auto,q_auto/league/ozye3yup4gplbpdy23ig",CLE,71.0,191.0,2001-09-08,
00-0038586,0,0,0,0,0,0,0,0,0,0.0,0.0,0,0,0,0,0,0.0,0,0,0,0,0,0.0,0,0,0,0,0.0,0,0,0,0,0,0,0,0,0,0,0,Atonio Mafi,G,OL,"https://static.www.nfl.com/image/upload/f_auto,q_auto/league/xdqzggyys7bapcjjajcl",LV,75.0,329.0,2000-10-20,
00-0038588,0,0,0,0,0,0,0,0,0,0.0,0.0,0,0,0,0,0,0.0,0,0,0,0,0,0.0,0,17,1,0,0.0,0,0,0,0,0,0,0,0,0,0,0,Jordan Howden,SAF,DB,"https://static.www.nfl.com/image/upload/f_auto,q_auto/league/x87djeswtkpxvuvyw5xh",NO,72.0,210.0,2000-05-14,
00-0038589,0,0,0,0,0,0,0,0,0,0.0,0.0,0,0,0,0,0,0.0,4,5,32,1,0,2.249425552772102,0,0,0,0,0.0,0,0,0,0,0,0,0,0,0,0,0,Josh Whyle,TE,TE,"https://static.www.nfl.com/image/upload/f_auto,q_auto/league/anwoxedspnle4xdk0cnl",GB,79.0,248.0,1999-09-08,
00-0038590,0,0,0,0,0,0,0,0,0,0.0,0.0,0,0,0,0,0,0.0,0,0,0,0,0,0.0,0,0,0,0,0.0,0,0,0,0,0,0,0,0,0,0,0,Justin Shorter,TE,TE,"https://static.www.nfl.com/image/upload/f_auto,q_auto/league/htymyxoyw1hh52zoo3lb",LV,76.0,227.0,2000-04-17,
00-0038591,0,0,0,0,0,0,0,0,0,0.0,0.0,0,0,0,0,0,0.0,0,0,0,0,0,0.0,0,10,2,0,0.0,0,0,0,0,0,0,0,0,0,0,0,Mike Morris,DE,DL,"https://static.www.nfl.com/image/upload/f_auto,q_auto/league/hknu9azwhvn7pq4tfaiz",SEA,78.0,295.0,2001-04-22,
00-0038593,0,0,0,0,0,0,0,0,0,0.0,0.0,0,0,0,0,0,0.0,0,0,0,0,0,0.0,0,0,0,0,0.0,0,0,0,0,0,0,0,0,0,0,0,Olu Oluwatimi,C,OL,"https://static.www.nfl.com/image/upload/f_auto,q_auto/league/tckr2bfo3rzwbhzuppsh",SEA,75.0,309.0,1999-08-05,
00-0038594,0,0,0,0,0,0,0,0,0,0.0,0.0,0,0,0,0,0,0.0,0,0,0,0,0,0.0,0,16,1,0,0.0,0,0,0,0,0,0,0,0,0,0,0,Darrell Luter Jr.,CB,DB,"https://static.www.nfl.com/image/upload/f_auto,q_auto/league/c7i5bj3inrno1uvjxwv4",SF,72.0,190.0,2000-04-24,
00-0038596,0,0,0,0,0,0,0,0,0,0.0,0.0,0,0,0,0,0,0.0,0,0,0,0,0,0.0,0,34,2,0,2.0,4,0,0,0,0,0,0,0,0,0,0,Antonio Johnson,SAF,DB,"https://static.www.nfl.com/image/upload/f_auto,q_auto/league/zpd9kentvqmeamoeg6g1",JAX,74.0,198.0,2001-10-29,
00-0038597,0,0,0,0,0,0,0,0,0,0.0,0.0,0,219,947,6,1,-5.928291857926407,65,82,419,4,1,-8.500641269539095,0,3,0,0,0.0,0,0,0,0,0,0,0,0,0,0,0,Chase Brown,RB,RB,"https://static.www.nfl.com/image/upload/f_auto,q_auto/league/pv3sq3uzosixxexbznq5",CIN,70.0,211.0,2000-03-21,
00-0038599,0,0,0,0,0,0,0,0,0,0.0,0.0,0,0,0,0,0,0.0,0,0,0,0,0,0.0,0,42,9,0,2.5,0,0,0,0,0,0,0,0,0,0,0,Henry To'oTo'o,LB,LB,"https://static.www.nfl.com/image/upload/f_auto,q_auto/league/epsdr0zqlm2vrhizwama",HOU,74.0,228.0,2001-01-05,
00-0038600,0,0,0,0,0,0,0,0,0,0.0,0.0,0,0,0,0,0,0.0,0,0,0,0,0,0.0,0,11,0,0,0.0,0,0,0,0,0,0,0,0,0,0,0,Owen Pappoe,LB,LB,"https://static.www.nfl.com/image/upload/f_auto,q_auto/league/in0wnyee7iv62hkgvnhf",ARI,72.0,230.0,2000-09-29,
00-0038601,0,0,0,0,0,0,0,0,0,0.0,0.0,0,0,0,0,0,0.0,0,0,0,0,0,0.0,0,0,0,0,0.0,0,0,0,0,0,0,0,0,0,0,0,Asim Richards,OT,OL,"https://static.www.nfl.com/image/upload/f_auto,q_auto/league/kulqn4db5ffrf6xwzd2c",NO,76.0,307.0,2000-10-02,
00-0038602,0,0,0,0,0,0,0,0,0,0.0,0.0,0,0,0,0,0,0.0,0,0,0,0,0,0.0,0,1,0,0,0.0,0,0,0,0,0,0,0,0,0,0,0,Chris Smith II,S,DB,"https://static.www.nfl.com/image/upload/f_auto,q_auto/league/vada29u8cv7aooueespg",LV,70.0,197.0,2000-05-01,
00-0038603,0,0,0,0,0,0,0,0,0,0.0,0.0,0,0,0,0,0,0.0,0,0,0,0,0,0.0,0,3,0,0,0.0,0,0,0,0,0,0,0,0,0,0,0,Robert Beal Jr.,DE,DL,"https://static.www.nfl.com/image/upload/f_auto,q_auto/league/yuxokzgzu2p3o68w0wfx",SF,76.0,250.0,1999-08-18,
00-0038605,0,0,0,0,0,0,0,0,0,0.0,0.0,0,0,0,0,0,0.0,0,0,0,0,0,0.0,0,8,0,0,0.0,0,0,0,0,0,0,0,0,0,0,0,JL Skinner,SAF,DB,"https://static.www.nfl.com/image/upload/f_auto,q_auto/league/pss2lrg9jx4qauwyu3hu",DEN,76.0,220.0,2001-04-16,
00-0038606,0,0,0,0,0,0,0,0,0,0.0,0.0,0,7,0,0,0,-1.4225425639080198,53,86,760,4,0,27.13704535201372,2,2,0,0,0.0,0,0,2,0,23,335,3,75,0,0,0,Parker Washington,WR,WR,"https://static.www.nfl.com/image/upload/f_auto,q_auto/league/sqgxayp6nrrpvwonksdm",JAX,70.0,204.0,2002-03-21,
00-0038608,0,0,0,0,0,0,0,0,0,0.0,0.0,0,0,0,0,0,0.0,31,42,527,6,0,37.3685417651722,0,1,0,0,0.0,0,0,0,0,0,0,0,0,0,0,0,Kayshon Boutte,WR,WR,"https://static.www.nfl.com/image/upload/f_auto,q_auto/league/mg4icjqhwhnc5uobmau5",NE,71.0,197.0,2002-05-07,
00-0038609,0,0,0,0,0,0,0,0,0,0.0,0.0,0,0,0,0,0,0.0,0,1,0,0,0,-0.2471401384682394,0,1,0,0,0.0,0,0,0,0,0,0,0,0,0,0,0,Luke Wypler,C,OL,"https://static.www.nfl.com/image/upload/f_auto,q_auto/league/alkthyatyuxkudodqhke",CLE,75.0,303.0,2001-05-03,
00-0038610,0,0,0,0,0,0,0,0,0,0.0,0.0,0,0,0,0,0,0.0,0,0,0,0,0,0.0,0,0,0,0,0.0,0,0,0,0,0,0,0,0,0,0,0,Bryce Baringer,P,SPEC,"https://static.www.nfl.com/image/upload/f_auto,q_auto/league/chin7dbgay28deurzjbb",NE,74.0,215.0,1999-04-26,
00-0038611,0,0,0,0,0,0,0,0,0,0.0,0.0,0,96,435,5,0,4.524392250139499,2,3,12,0,0,-4.92228179780068,0,2,0,0,0.0,0,0,0,0,0,0,0,0,0,0,0,Chris Rodriguez Jr.,RB,RB,"https://static.www.nfl.com/image/upload/f_auto,q_auto/league/z5nbh1nza9je683o17h1",WAS,71.0,224.0,1999-09-26,
00-0038613,0,0,0,0,0,0,0,0,0,0.0,0.0,0,0,0,0,0,0.0,0,0,0,0,0,0.0,0,3,0,0,0.0,0,0,0,0,0,0,0,0,0,0,0,Jerrick Reed II,SAF,DB,"https://static.www.nfl.com/image/upload/f_auto,q_auto/league/jdg6nd5cot2srdfixjnv",SEA,69.0,196.0,2000-08-07,
00-0038614,0,0,0,0,0,0,0,0,0,0.0,0.0,0,0,0,0,0,0.0,4,4,12,1,0,0.7844509934075177,0,0,0,0,0.0,0,0,0,0,0,0,0,0,0,0,0,Scott Matlock,DT,DL,"https://static.www.nfl.com/image/upload/f_auto,q_auto/league/cuk2ssb69ywuhputouz8",LAC,76.0,296.0,2000-06-28,
00-0038615,0,0,0,0,0,0,0,0,0,0.0,0.0,0,0,0,0,0,0.0,0,0,0,0,0,0.0,0,0,0,0,0.0,0,0,0,0,0,0,0,0,0,0,0,Jarrett Patterson,C,OL,"https://static.www.nfl.com/image/upload/f_auto,q_auto/league/etaxd4fgrxgfeygli9af",HOU,76.0,310.0,1999-09-01,
00-0038616,0,0,0,0,0,0,0,0,0,0.0,0.0,0,0,0,0,0,0.0,0,0,0,0,0,0.0,0,9,2,0,0.0,0,0,0,0,0,0,0,0,0,0,0,Christian Braswell,CB,DB,"https://static.www.nfl.com/image/upload/f_auto,q_auto/league/jhh2vnmqgpzew31qkkct",JAX,71.0,185.0,1999-09-27,
00-0038618,0,0,0,0,0,0,0,0,0,0.0,0.0,0,3,22,0,0,1.7993542412878014,30,48,344,3,0,10.423954219083594,0,2,0,0,0.0,0,0,0,0,0,0,0,0,0,0,0,Xavier Hutchinson,WR,WR,"https://static.www.nfl.com/image/upload/f_auto,q_auto/league/hv3mfhadliph08b4pl4s",HOU,75.0,210.0,2000-06-01,
00-0038619,0,0,0,0,0,0,0,0,0,0.0,0.0,0,3,14,0,0,-0.1485166307538747,31,55,425,2,0,11.904594996964011,0,0,0,0,0.0,0,0,0,0,0,0,0,0,0,0,0,Andrei Iosivas,WR,WR,"https://static.www.nfl.com/image/upload/f_auto,q_auto/league/zvanfldklpds1gp08bsp",CIN,75.0,210.0,1999-10-15,
00-0038620,0,0,0,0,0,0,0,0,0,0.0,0.0,0,0,0,0,0,0.0,0,0,0,0,0,0.0,0,11,0,0,0.0,0,0,0,0,0,0,0,0,0,0,0,Erick Hallett,SAF,DB,"https://static.www.nfl.com/image/upload/f_auto,q_auto/league/hnpxgdu65sr9w51rkp6g",DET,71.0,200.0,2000-04-24,
00-0038621,0,0,0,0,0,0,0,0,0,0.0,0.0,0,7,21,0,0,-0.9672429888742042,29,43,418,3,0,26.934454026600914,0,0,0,0,0.0,0,0,0,0,0,0,0,0,0,0,0,DeMario Douglas,WR,WR,"https://static.www.nfl.com/image/upload/f_auto,q_auto/league/almsm6nmovpasu8ts9u3",NE,68.0,192.0,2000-12-08,
00-0038623,0,0,0,0,0,0,0,0,0,0.0,0.0,0,0,0,0,0,0.0,0,0,0,0,0,0.0,0,16,2,0,0.0,0,0,0,0,0,0,0,0,0,0,0,Dante Stills,DT,DL,"https://static.www.nfl.com/image/upload/f_auto,q_auto/league/aqvvpt76ifof0r42hsgg",ARI,76.0,300.0,1999-12-14,
00-0038624,0,0,0,0,0,0,0,0,0,0.0,0.0,0,0,0,0,0,0.0,0,0,0,0,0,0.0,0,1,0,0,0.0,0,0,0,0,0,0,0,0,0,0,0,Ameer Speed,DB,DB,"https://static.www.nfl.com/image/upload/f_auto,q_auto/league/o9d89l2prvb5k7uawpzi",HOU,75.0,215.0,1999-10-11,
00-0038625,0,0,0,0,0,0,0,0,0,0.0,0.0,0,0,0,0,0,0.0,0,0,0,0,0,0.0,0,63,8,0,0.0,1,1,0,0,0,0,0,0,0,0,0,Dee Winters,LB,LB,"https://static.www.nfl.com/image/upload/f_auto,q_auto/league/uq6qbsrwlkhnu7lsrejj",SF,71.0,227.0,2000-10-17,
00-0038626,0,0,0,0,0,0,0,0,0,0.0,0.0,0,0,0,0,0,0.0,0,0,0,0,0,0.0,0,0,0,0,0.0,0,0,0,0,0,0,0,0,0,0,0,Brad Robbins,P,SPEC,"https://static.www.nfl.com/image/upload/f_auto,q_auto/league/vhvczed44djnv8vrfwly",BUF,73.0,203.0,1998-10-06,
00-0038628,0,0,0,0,0,0,0,0,0,0.0,0.0,0,0,0,0,0,0.0,0,0,0,0,0,0.0,0,4,0,0,0.0,0,0,0,0,0,0,0,0,0,0,0,DeMarcco Hellams,SAF,DB,"https://static.www.nfl.com/image/upload/f_auto,q_auto/league/sgwgvm0vfhjzx2skseii",ATL,73.0,203.0,2000-06-05,
00-0038635,0,0,0,0,0,0,0,0,0,0.0,0.0,0,0,0,0,0,0.0,0,0,0,0,0,0.0,0,1,0,0,0.0,0,0,0,0,0,0,0,0,0,0,0,Andre Jones Jr.,DE,DL,"https://static.www.nfl.com/image/upload/f_auto,q_auto/league/gom8feliopfzca4zgdqs",BUF,77.0,258.0,1998-10-25,
00-0038640,0,0,0,0,0,0,0,0,0,0.0,0.0,0,0,0,0,0,0.0,3,6,51,0,0,1.8382254684111103,0,1,0,0,0.0,0,0,0,0,0,0,10,254,0,0,0,Jalen Brooks,WR,WR,"https://static.www.nfl.com/image/upload/f_auto,q_auto/league/drpljzij7e0e9ojwf0cq",DAL,73.0,203.0,2000-05-07,
00-0038642,0,0,0,0,0,0,0,0,0,0.0,0.0,0,0,0,0,0,0.0,0,0,0,0,0,0.0,0,8,0,0,0.0,0,0,0,0,0,0,0,0,0,0,0,D.J. Ivey,CB,DB,"https://static.www.nfl.com/image/upload/f_auto,q_auto/league/bgycp6whsc4bd61aumsq",CIN,73.0,192.0,2000-02-25,
00-0038643,0,0,0,0,0,0,0,0,0,0.0,0.0,0,0,0,0,0,0.0,0,1,0,0,0,-0.7294479382690042,0,3,0,0,0.0,0,0,0,0,0,0,0,0,0,0,0,Brayden Willis,TE,TE,"https://static.www.nfl.com/image/upload/f_auto,q_auto/league/pz1nzzfellquco7nk65e",SF,76.0,240.0,1999-11-11,
00-0038645,0,0,0,0,0,0,0,0,0,0.0,0.0,0,0,0,0,0,0.0,1,1,4,0,0,-0.0077902199700474,0,1,0,0,0.0,0,0,0,0,0,0,0,0,0,0,0,Spencer Anderson,G,OL,"https://static.www.nfl.com/image/upload/f_auto,q_auto/league/c7wzlwet93jblhklcgax",PIT,77.0,305.0,2000-06-07,
00-0038646,0,0,0,0,0,0,0,0,0,0.0,0.0,0,0,0,0,0,0.0,0,0,0,0,0,0.0,0,9,1,0,0.0,0,0,0,0,0,0,0,0,0,0,0,Alex Austin,CB,DB,"https://static.www.nfl.com/image/upload/f_auto,q_auto/league/vtgwc8celooprxtaqlb6",NE,73.0,191.0,2001-05-22,
00-0038647,0,0,0,0,0,0,0,0,0,0.0,0.0,0,0,0,0,0,0.0,0,0,0,0,0,0.0,0,0,0,0,0.0,0,0,0,0,0,0,0,0,0,0,0,Ronnie Bell,WR,WR,"https://static.www.nfl.com/image/upload/f_auto,q_auto/league/iz3uiudpv80vgvgjzzej",NO,72.0,195.0,2000-01-28,
00-0038648,0,0,0,0,0,0,0,0,0,0.0,0.0,0,0,0,0,0,0.0,0,0,0,0,0,0.0,0,0,0,0,0.0,0,0,0,0,0,0,0,0,0,0,0,Jalen Graham,LB,LB,"https://static.www.nfl.com/image/upload/f_auto,q_auto/league/oxlmlst1qeq1wi0hq0j6",SF,75.0,220.0,2001-01-11,
00-0038653,0,0,0,0,0,0,0,0,0,0.0,0.0,0,0,0,0,0,0.0,0,0,0,0,0,0.0,0,5,4,0,0.0,0,0,0,0,0,0,0,0,0,0,0,Cory Durden,DT,DL,"https://static.www.nfl.com/image/upload/f_auto,q_auto/league/cdqrqnmvljjdupjz9wgc",NE,76.0,305.0,1999-01-26,
00-0038658,0,0,0,0,0,0,0,0,0,0.0,0.0,0,1,-1,0,0,-2.324388109263964,0,0,0,0,0,0.0,0,0,0,0,0.0,0,0,0,0,0,0,0,0,0,0,0,Adrian Martinez,QB,QB,"https://static.www.nfl.com/image/upload/f_auto,q_auto/league/uxqlgiljk3wecurnynmg",SF,74.0,220.0,2000-01-07,
00-0038660,0,0,0,0,0,0,0,0,0,0.0,0.0,0,0,0,0,0,0.0,0,0,0,0,0,0.0,0,8,2,0,1.0,0,0,0,0,0,0,0,0,0,0,0,Trevor Nowaske,LB,LB,"https://static.www.nfl.com/image/upload/f_auto,q_auto/league/kwj6mthtdunxiwdcogz2",DET,75.0,237.0,1998-11-07,
00-0038678,0,0,0,0,0,0,0,0,0,0.0,0.0,0,0,0,0,0,0.0,0,0,0,0,0,0.0,0,1,0,0,0.0,0,0,0,0,0,0,0,0,0,0,0,Jordan Mims,RB,RB,"https://static.www.nfl.com/image/upload/f_auto,q_auto/league/nvamfcrdqvkwtnpgmzdh",TEN,72.0,205.0,1999-06-16,
00-0038679,0,0,0,0,0,0,0,0,0,0.0,0.0,0,0,0,0,0,0.0,15,23,245,1,0,12.273498607915826,0,1,0,0,0.0,0,0,0,0,0,0,0,0,0,0,0,Tyrell Shavers,WR,WR,"https://static.www.nfl.com/image/upload/f_auto,q_auto/league/mfazuecipz3csodtztwc",BUF,76.0,211.0,1999-08-18,
00-0038684,0,0,0,0,0,0,0,0,0,0.0,0.0,0,0,0,0,0,0.0,0,0,0,0,0,0.0,0,6,1,0,0.0,1,0,0,0,0,0,0,0,0,0,0,Ethan Bonner,CB,DB,"https://static.www.nfl.com/image/upload/f_auto,q_auto/league/dgnoznkjwxtrum7vg5oe",MIA,73.0,190.0,1999-10-23,
00-0038685,0,0,0,0,0,0,0,0,0,0.0,0.0,0,14,45,0,0,-2.596133461687714,13,17,91,0,0,-1.1175940929118975,0,4,0,0,0.0,0,0,0,0,0,0,0,0,0,0,0,Chris Brooks,RB,RB,"https://static.www.nfl.com/image/upload/f_auto,q_auto/league/nnwloijqopel4em6vfhb",GB,73.0,219.0,2000-01-11,
00-0038694,0,0,0,0,0,0,0,0,0,0.0,0.0,0,0,0,0,0,0.0,0,0,0,0,0,0.0,0,1,0,1,0.0,0,0,0,0,0,0,0,0,0,0,0,Brandon Pili,DT,DL,"https://static.www.nfl.com/image/upload/f_auto,q_auto/league/hwulhwha4dlvlwapdl4r",SEA,75.0,334.0,1999-04-02,
00-0038703,0,0,0,0,0,0,0,0,0,0.0,0.0,0,0,0,0,0,0.0,0,0,0,0,0,0.0,0,11,0,0,0.0,0,0,0,0,0,0,0,0,0,0,0,Kendell Brooks,SAF,DB,"https://static.www.nfl.com/image/upload/f_auto,q_auto/league/folwn5nqummgddg3li5y",TEN,72.0,206.0,2000-03-03,
00-0038705,0,0,0,0,0,0,0,0,0,0.0,0.0,0,42,283,0,1,-7.89276829879028,12,19,73,1,0,-5.988606376812978,0,3,0,0,0.0,0,0,0,0,0,0,3,86,0,0,0,Emari Demercado,RB,RB,"https://static.www.nfl.com/image/upload/f_auto,q_auto/league/jasnk9akri8eghfgolsn",ARI,69.0,215.0,1999-01-20,
00-0038710,0,0,0,0,0,0,0,0,0,0.0,0.0,0,0,0,0,0,0.0,2,5,4,0,1,-3.6448074746876955,0,3,0,0,0.0,0,0,0,0,0,0,0,0,0,0,0,Blake Whiteheart,TE,TE,"https://static.www.nfl.com/image/upload/f_auto,q_auto/league/senw8edxu2ovkg1dbdxs",CLE,76.0,250.0,2000-03-22,
00-0038711,0,0,0,0,0,0,0,0,0,0.0,0.0,0,0,0,0,0,0.0,0,0,0,0,0,0.0,0,21,3,1,0.0,0,0,0,0,0,0,0,0,0,0,0,Mohamoud Diabate,LB,LB,"https://static.www.nfl.com/image/upload/f_auto,q_auto/league/clvmbgcxk6mw8gqdzyxa",CLE,76.0,225.0,2001-05-18,
00-0038715,0,0,0,0,0,0,0,0,0,0.0,0.0,0,0,0,0,0,0.0,0,0,0,0,0,0.0,0,46,1,0,0.0,2,0,0,0,0,0,0,0,0,0,0,Ronnie Hickman Jr.,SAF,DB,"https://static.www.nfl.com/image/upload/f_auto,q_auto/league/ds24p7j86p9mwshsjvbu",CLE,73.0,209.0,2001-10-11,
00-0038720,0,0,0,0,0,0,0,0,0,0.0,0.0,0,0,0,0,0,0.0,14,19,132,0,0,0.6236352699704448,0,1,0,0,0.0,0,0,0,0,0,0,0,0,0,0,0,Julian Hill,TE,TE,"https://static.www.nfl.com/image/upload/f_auto,q_auto/league/yogwwyzq4sydycahhbgw",MIA,76.0,251.0,2000-07-09,
00-0038724,0,0,0,0,0,0,0,0,0,0.0,0.0,0,0,0,0,0,0.0,0,0,0,0,0,0.0,0,1,0,0,0.0,0,0,0,0,0,0,0,0,0,0,0,Ali Gaye,LB,LB,"https://static.www.nfl.com/image/upload/f_auto,q_auto/league/albsv8nicyb1weilqhls",TEN,78.0,265.0,1997-11-29,
00-0038728,0,0,0,0,0,0,0,0,0,0.0,0.0,0,0,0,0,0,0.0,2,2,20,0,0,0.594522395520471,0,0,0,0,0.0,0,0,0,0,0,0,0,0,0,0,0,Jared Wayne,WR,WR,"https://static.www.nfl.com/image/upload/f_auto,q_auto/league/gvyy4ez9taf0kmxx7t5w",HOU,75.0,210.0,2000-10-07,
00-0038731,0,0,0,0,0,0,0,0,0,0.0,0.0,0,0,0,0,0,0.0,0,0,0,0,0,0.0,0,0,0,0,0.0,0,0,0,0,0,0,0,0,0,0,0,TJ Bass,G,OL,"https://static.www.nfl.com/image/upload/f_auto,q_auto/league/hnmg3ncfxso056ybw5zz",DAL,77.0,325.0,1999-03-31,
00-0038735,0,0,0,0,0,0,0,0,0,0.0,0.0,0,0,0,0,0,0.0,0,0,0,0,0,0.0,0,0,0,0,0.0,0,0,0,0,0,0,0,0,0,0,0,Princeton Fant,TE,TE,"https://static.www.nfl.com/image/upload/f_auto,q_auto/league/dh67wj7xhek86nhyucig",DAL,74.0,245.0,1999-03-11,
00-0038738,0,0,0,0,0,0,0,0,0,0.0,0.0,0,14,59,0,0,-2.8526186616945433,12,14,105,1,0,5.58723375415359,0,5,0,0,0.0,0,0,0,0,0,0,0,0,0,0,0,Hunter Luepke,RB,RB,"https://static.www.nfl.com/image/upload/f_auto,q_auto/league/buachhzmd8p3hq2olwtf",DAL,73.0,238.0,2000-02-28,
00-0038740,0,0,0,0,0,0,0,0,0,0.0,0.0,0,0,0,0,0,0.0,0,0,0,0,0,0.0,0,0,0,0,0.0,0,0,1,0,3,27,2,38,0,0,0,Jalen Cropper,WR,WR,"https://static.www.nfl.com/image/upload/f_auto,q_auto/league/key7qkukzlgva9oz7k2r",DAL,71.0,180.0,2001-05-03,
00-0038742,0,0,0,0,0,0,0,0,0,0.0,0.0,0,0,0,0,0,0.0,0,0,0,0,0,0.0,0,6,1,1,1.5,0,0,0,0,0,0,0,0,0,0,0,Tyrus Wheat,DE,DL,"https://static.www.nfl.com/image/upload/f_auto,q_auto/league/mismzdnqkzpufwxohzvf",DET,74.0,263.0,1999-12-08,
00-0038752,0,0,0,0,0,0,0,0,0,0.0,0.0,0,0,0,0,0,0.0,2,2,20,0,0,1.1352619304088876,0,1,0,0,0.0,0,0,0,0,0,0,0,0,0,0,0,Jake Bobo,WR,WR,"https://static.www.nfl.com/image/upload/f_auto,q_auto/league/xkwlqqmn2dcjlyeywpw5",SEA,76.0,207.0,1998-08-04,
00-0038764,0,0,0,0,0,0,0,0,0,0.0,0.0,0,0,0,0,0,0.0,0,0,0,0,0,0.0,0,7,1,0,1.0,0,0,0,0,0,0,0,0,0,0,0,Patrick O'Connell,LB,LB,"https://static.www.nfl.com/image/upload/f_auto,q_auto/league/s5wok0ocqr8yc86xhucm",SEA,73.0,231.0,1998-12-31,
00-0038765,0,0,0,0,0,0,0,0,0,0.0,0.0,0,0,0,0,0,0.0,0,0,0,0,0,0.0,0,42,3,0,1.5,1,0,0,0,0,0,0,0,0,0,0,Ty Okada,SAF,DB,"https://static.www.nfl.com/image/upload/f_auto,q_auto/league/qnhwwei8cfomvdveuhg2",SEA,71.0,193.0,1999-06-04,
00-0038769,0,0,0,0,0,0,0,0,0,0.0,0.0,0,0,0,0,0,0.0,0,0,0,0,0,0.0,0,0,0,0,0.0,0,0,0,0,0,0,0,0,0,0,0,Chris Stoll,LS,SPEC,"https://static.www.nfl.com/image/upload/f_auto,q_auto/league/lqeose8mmkyqtdnhirab",SEA,74.0,255.0,1998-08-03,
00-0038778,0,0,0,0,0,0,0,0,0,0.0,0.0,0,0,0,0,0,0.0,0,0,0,0,0,0.0,0,29,12,1,6.0,0,0,0,0,0,0,0,0,0,0,0,Jalen Redmond,DL,DL,"https://static.www.nfl.com/image/upload/f_auto,q_auto/league/twjqbuybqow2v6zvpluq",MIN,75.0,305.0,1999-03-12,
00-0038782,0,0,0,0,0,0,0,0,0,0.0,0.0,0,0,0,0,0,0.0,0,0,0,0,0,0.0,0,0,0,0,0.0,0,0,0,0,0,0,0,0,0,0,0,Eku Leota,LB,LB,"https://static.www.nfl.com/image/upload/f_auto,q_auto/league/omtbxuvxr6jedl4ukduv",NO,76.0,257.0,1999-05-11,
00-0038783,0,0,0,0,0,0,0,0,0,0.0,0.0,0,0,0,0,0,0.0,6,11,48,1,0,-0.6282122216071002,0,1,0,0,0.0,0,0,0,0,0,0,0,0,0,0,0,Nate Adkins,TE,TE,"https://static.www.nfl.com/image/upload/f_auto,q_auto/league/k3js5r3a9fl0q2gghqmv",DEN,75.0,252.0,1999-07-09,
00-0038788,0,0,0,0,0,0,0,0,0,0.0,0.0,0,0,0,0,0,0.0,0,0,0,0,0,0.0,0,4,0,0,0.0,0,0,0,0,0,0,0,0,0,0,0,Art Green,CB,DB,"https://static.www.nfl.com/image/upload/f_auto,q_auto/league/ubfznl2ifvpvai5cfftv",NYG,74.0,201.0,2000-04-29,
00-0038791,0,0,0,0,0,0,0,0,0,0.0,0.0,0,0,0,0,0,0.0,0,0,0,0,0,0.0,0,7,0,0,0.0,0,0,0,0,0,0,0,0,0,0,0,Thomas Incoom,LB,LB,"https://static.www.nfl.com/image/upload/f_auto,q_auto/league/fdp1jblpdjc6l7nw8u8a",CAR,74.0,265.0,1999-02-01,
00-0038794,0,0,0,0,0,0,0,0,0,0.0,0.0,0,31,146,1,0,-0.0935304293525403,3,4,10,0,0,-2.5646911051589996,0,0,0,0,0.0,0,0,0,0,0,0,1,28,0,0,0,Jaleel McLaughlin,RB,RB,"https://static.www.nfl.com/image/upload/f_auto,q_auto/league/pw2tngyy8k8jlb1qpooo",DEN,67.0,187.0,2000-09-13,
00-0038795,0,0,0,0,0,0,0,0,0,0.0,0.0,0,0,0,0,0,0.0,0,0,0,0,0,0.0,0,11,1,0,0.0,0,0,0,0,0,0,0,0,0,0,0,PJ Mustipher,DT,DL,"https://static.www.nfl.com/image/upload/f_auto,q_auto/league/z6ege6sbkke2esr7vx0u",ARI,76.0,318.0,1998-11-10,
00-0038796,0,0,0,0,0,0,0,0,0,0.0,0.0,0,0,0,0,0,0.0,0,0,0,0,0,0.0,0,0,0,0,0.0,0,0,0,0,0,0,0,0,0,0,0,Alex Palczewski,OT,OL,"https://static.www.nfl.com/image/upload/f_auto,q_auto/league/xxzowzlubkllg1hzn0cg",DEN,78.0,315.0,1999-08-03,
00-0038797,0,0,0,0,0,0,0,0,0,0.0,0.0,0,107,452,3,0,-4.370514051958823,14,16,95,0,1,1.7471878316384946,0,1,0,0,0.0,0,0,0,0,0,0,8,200,0,0,0,Emanuel Wilson,RB,RB,"https://static.www.nfl.com/image/upload/f_auto,q_auto/league/xni9gnwmhdex7h1ey3jq",GB,71.0,226.0,1999-05-08,
00-0038807,0,0,0,0,0,0,0,0,0,0.0,0.0,0,0,0,0,0,0.0,0,0,0,0,0,0.0,0,26,2,0,1.0,0,0,0,0,0,0,0,0,0,0,0,Ivan Pace Jr.,LB,LB,"https://static.www.nfl.com/image/upload/f_auto,q_auto/league/til1eiumoueha3mnindj",MIN,70.0,236.0,2000-12-16,
00-0038809,0,0,0,0,0,0,0,0,0,0.0,0.0,0,0,0,0,0,0.0,2,2,12,0,0,0.5168430607300252,0,0,0,0,0.0,0,0,0,0,0,0,0,0,0,0,0,Ben Sims,TE,TE,"https://static.www.nfl.com/image/upload/f_auto,q_auto/league/ew1gt7xokysjzgksmzfq",MIN,77.0,250.0,2000-05-16,
00-0038817,0,0,0,0,0,0,0,0,0,0.0,0.0,0,0,0,0,0,0.0,0,0,0,0,0,0.0,0,1,0,0,0.0,0,0,0,0,0,0,0,0,0,0,0,Evan Deckers,LS,SPEC,"https://static.www.nfl.com/image/upload/f_auto,q_auto/league/n9x9jg2atisyohdcpbrh",TB,75.0,252.0,1999-02-23,
00-0038818,0,0,0,0,0,0,0,0,0,0.0,0.0,0,0,0,0,0,0.0,0,0,0,0,0,0.0,0,0,0,0,0.0,0,0,0,0,0,0,0,0,0,0,0,Luke Haggard,OT,OL,"https://static.www.nfl.com/image/upload/f_auto,q_auto/league/cq9lilfcoz4je17ryjlo",TB,79.0,305.0,2000-01-03,
00-0038820,0,0,0,0,0,0,0,0,0,0.0,0.0,0,0,0,0,0,0.0,0,0,0,0,0,0.0,0,14,1,1,0.0,0,0,0,0,0,0,0,0,0,0,0,Christian Izien,SAF,DB,"https://static.www.nfl.com/image/upload/f_auto,q_auto/league/klbosecrlbeeqvuts8l4",TB,70.0,200.0,2000-06-08,
00-0038823,0,0,0,0,0,0,0,0,0,0.0,0.0,0,0,0,0,0,0.0,0,0,0,0,0,0.0,0,4,1,0,0.0,0,0,0,1,0,0,0,0,0,0,0,Kaevon Merriweather,SAF,DB,"https://static.www.nfl.com/image/upload/f_auto,q_auto/league/tglrg1tbq9ixnb81ala0",TB,72.0,212.0,1999-12-20,
00-0038824,0,0,0,0,0,0,0,0,0,0.0,0.0,0,0,0,0,0,0.0,2,4,34,1,0,-0.7049306242245401,0,7,0,0,0.0,0,0,0,0,0,0,0,0,0,0,0,Ryan Miller,WR,WR,"https://static.www.nfl.com/image/upload/f_auto,q_auto/league/lakkaed2btx1ndkqj2pt",TB,74.0,221.0,2000-02-20,
00-0038839,0,0,0,0,0,0,0,0,0,0.0,0.0,0,0,0,0,0,0.0,8,24,116,2,0,2.6283967239104156,0,0,0,0,0.0,0,0,0,0,1,10,0,0,0,0,0,Mitchell Tinsley,WR,WR,"https://static.www.nfl.com/image/upload/f_auto,q_auto/league/t4h8qtzndtvf6is6naew",CIN,73.0,205.0,1999-09-15,
00-0038840,0,0,0,0,0,0,0,0,0,0.0,0.0,0,0,0,0,0,0.0,12,16,133,0,1,6.5261376528821575,0,5,0,0,0.0,0,0,0,0,0,0,0,0,0,0,0,Brycen Tremayne,WR,WR,"https://static.www.nfl.com/image/upload/f_auto,q_auto/league/mpjkirsgrx6qavqrdum6",CAR,76.0,212.0,1999-11-18,
00-0038841,0,0,0,0,0,0,0,0,0,0.0,0.0,0,0,0,0,0,0.0,0,0,0,0,0,0.0,0,3,0,0,0.0,0,0,0,0,0,0,0,0,0,0,0,Nick Whiteside,DB,DB,"https://static.www.nfl.com/image/upload/f_auto,q_auto/league/j0pukchzjtdenj8mw6os",DET,73.0,200.0,2000-05-01,
00-0038851,0,0,0,0,0,0,0,0,0,0.0,0.0,0,0,0,0,0,0.0,0,0,0,0,0,0.0,0,5,0,0,0.5,0,0,0,0,0,0,0,0,0,0,0,Caleb Murphy,LB,LB,"https://static.www.nfl.com/image/upload/f_auto,q_auto/league/qenmdl6vsivdtjpj9mvk",LAC,75.0,254.0,1999-12-15,
00-0038852,0,0,0,0,0,0,0,0,0,0.0,0.0,0,0,0,0,0,0.0,0,0,0,0,0,0.0,0,0,0,0,0.0,0,0,0,0,0,0,0,0,0,0,0,John Ojukwu,OT,OL,"https://static.www.nfl.com/image/upload/f_auto,q_auto/league/bboicl6b5fakzgphkplg",TEN,77.0,309.0,1999-01-09,
00-0038877,0,0,0,0,0,0,0,0,0,0.0,0.0,0,0,0,0,0,0.0,0,0,0,0,0,0.0,0,0,0,0,0.0,0,0,0,0,0,0,1,20,0,0,0,D'Shawn Jamison,CB,DB,"https://static.www.nfl.com/image/upload/f_auto,q_auto/league/tpz66swcddlot6x1lcfz",PIT,70.0,186.0,1999-06-04,
00-0038890,0,0,0,0,0,0,0,0,0,0.0,0.0,0,0,0,0,0,0.0,0,0,0,0,0,0.0,0,4,0,0,0.0,0,0,0,0,0,0,0,0,0,0,0,Shaka Heyward,LB,LB,"https://static.www.nfl.com/image/upload/f_auto,q_auto/league/iyfys24q8kfywfgipkni",CIN,75.0,238.0,2000-04-19,
00-0038891,0,0,0,0,0,0,0,0,0,0.0,0.0,0,0,0,0,0,0.0,3,4,45,1,0,2.343160231015645,0,0,0,0,0.0,0,0,0,0,0,0,0,0,0,0,0,Shedrick Jackson,WR,WR,"https://static.www.nfl.com/image/upload/f_auto,q_auto/league/el1geev5wxc1cqbbrou7",LV,73.0,198.0,1999-10-20,
00-0038896,0,0,0,0,0,0,0,0,0,0.0,0.0,0,2,11,0,0,-1.0589698900002986,0,0,0,0,0,0.0,0,4,0,0,0.0,0,0,0,0,0,0,33,897,0,0,0,Jacob Saylors,RB,RB,"https://static.www.nfl.com/image/upload/f_auto,q_auto/league/ka2sa8lwtxlij52jimtu",DET,71.0,195.0,2000-03-08,
00-0038905,0,0,0,0,0,0,0,0,0,0.0,0.0,0,0,0,0,0,0.0,0,0,0,0,0,0.0,0,1,0,0,0.0,0,0,0,0,0,0,0,0,26,34,0,Blake Grupe,K,SPEC,"https://static.www.nfl.com/image/upload/f_auto,q_auto/league/de3vz6xjjo9paba6encd",NO,67.0,156.0,1998-11-05,0.6666666666666666
00-0038911,0,0,0,0,0,0,0,0,0,0.0,0.0,0,1,1,0,0,-0.4975396324880421,0,0,0,0,0,0.0,0,0,0,0,0.0,0,0,0,0,0,0,0,0,0,0,0,Malik Cunningham,WR,WR,"https://static.www.nfl.com/image/upload/f_auto,q_auto/league/pspxhbxgnqanfsrcf7ux",DET,73.0,190.0,1998-10-06,
00-0038922,0,0,0,0,0,0,0,0,0,0.0,0.0,0,0,0,0,0,0.0,0,0,0,0,0,0.0,0,43,10,0,3.5,0,0,0,0,0,0,0,0,0,0,0,Drake Thomas,LB,LB,"https://static.www.nfl.com/image/upload/f_auto,q_auto/league/egqpcx91rp0iadqqxu2v",SEA,71.0,228.0,2000-02-25,
00-0038932,0,0,0,0,0,0,0,0,0,0.0,0.0,0,0,0,0,0,0.0,0,0,0,0,0,0.0,0,0,0,0,0.0,0,0,0,0,0,0,0,0,0,0,0,Darnell Wright,OT,OL,"https://static.www.nfl.com/image/upload/f_auto,q_auto/league/ihow3o7fo62p8abdqgn3",CHI,77.0,325.0,2001-08-10,
00-0038933,0,0,0,0,0,0,0,0,0,0.0,0.0,0,0,0,0,0,0.0,36,46,523,5,1,36.97537015596963,0,0,0,0,0.0,0,0,0,0,0,0,0,0,0,0,0,Dalton Kincaid,TE,TE,"https://static.www.nfl.com/image/upload/f_auto,q_auto/league/zwkeaiecuyafkidllebz",BUF,75.0,240.0,1999-10-18,
00-0038934,0,0,0,0,0,0,0,0,0,0.0,0.0,0,0,0,0,0,0.0,0,0,0,0,0,0.0,0,0,0,0,0.0,0,0,0,0,0,0,0,0,0,0,0,Anton Harrison,OT,OL,"https://static.www.nfl.com/image/upload/f_auto,q_auto/league/zgvchtxhtni7sablqnu9",JAX,77.0,315.0,2002-02-02,
00-0038935,0,0,0,0,0,0,0,0,0,0.0,0.0,0,0,0,0,0,0.0,40,54,488,2,0,26.434363821170237,0,0,0,0,0.0,0,0,0,0,0,0,0,0,0,0,0,Brenton Strange,TE,TE,"https://static.www.nfl.com/image/upload/f_auto,q_auto/league/yabpcvadjlrkxzducv7k",JAX,76.0,253.0,2000-12-27,
00-0038936,0,0,0,0,0,0,0,0,0,0.0,0.0,0,0,0,0,0,0.0,0,0,0,0,0,0.0,0,0,0,0,0.0,0,0,0,0,0,0,0,0,0,0,0,Juice Scruggs,C,OL,"https://static.www.nfl.com/image/upload/f_auto,q_auto/league/k4ptrnct4nayobia4qcw",HOU,75.0,310.0,2000-01-19,
00-0038937,0,0,0,0,0,0,0,0,0,0.0,0.0,0,0,0,0,0,0.0,0,0,0,0,0,0.0,0,3,0,0,0.0,0,0,0,0,0,0,0,0,0,0,0,Zacch Pickens,DT,DL,"https://static.www.nfl.com/image/upload/f_auto,q_auto/league/gd66kzu0v4hgipt6lppc",KC,76.0,303.0,2000-03-06,
00-0038938,0,0,0,0,0,0,0,0,0,0.0,0.0,0,0,0,0,0,0.0,5,14,35,0,0,-9.084065895585809,0,2,0,0,0.0,0,0,0,0,0,0,4,111,0,0,0,Jalin Hyatt,WR,WR,"https://static.www.nfl.com/image/upload/f_auto,q_auto/league/bzyn9cpmwfqjtztwblmy",NYG,72.0,185.0,2001-09-25,
00-0038940,0,0,0,0,0,0,0,0,0,0.0,0.0,0,0,0,0,0,0.0,0,0,0,0,0,0.0,0,5,0,0,1.0,0,0,0,0,0,0,0,0,0,0,0,Tyler Lacy,DE,DL,"https://static.www.nfl.com/image/upload/f_auto,q_auto/league/t11eflx8jvobxmnssg22",DET,76.0,285.0,1999-11-10,
00-0038951,0,0,0,0,0,0,0,0,0,0.0,0.0,0,82,324,7,1,-0.44091660098950136,8,11,34,1,0,-3.1610324275679886,0,0,0,0,0.0,0,0,0,0,0,0,23,540,0,0,0,Sean Tucker,RB,RB,"https://static.www.nfl.com/image/upload/f_auto,q_auto/league/zyzp7e2gos47ebzur9gi",TB,70.0,205.0,2001-10-25,
00-0038953,0,0,0,0,0,0,0,0,0,0.0,0.0,0,0,0,0,0,0.0,7,11,42,0,0,-7.062778018525138,0,0,0,0,0.0,0,0,0,0,0,0,3,79,0,0,0,Dylan Drummond,WR,WR,"https://static.www.nfl.com/image/upload/f_auto,q_auto/league/up6bfwtgftqcvlfshtmt",ATL,72.0,190.0,2000-01-17,
00-0038958,0,0,0,0,0,0,0,0,0,0.0,0.0,0,0,0,0,0,0.0,0,0,0,0,0,0.0,0,2,0,0,0.5,0,0,0,0,0,0,0,0,0,0,0,Markees Watts,LB,LB,"https://static.www.nfl.com/image/upload/f_auto,q_auto/league/hwxh3ps9lwnj0qu4mw8v",TB,73.0,240.0,1999-12-07,
00-0038966,0,0,0,0,0,0,0,0,0,0.0,0.0,0,0,0,0,0,0.0,0,0,0,0,0,0.0,0,7,0,0,0.0,0,0,0,0,0,0,15,288,0,0,0,Natrone Brooks,CB,DB,"https://static.www.nfl.com/image/upload/f_auto,q_auto/league/oyyrzk7ofcuyu7bdxshe",ATL,71.0,176.0,1999-12-17,
00-0038976,0,0,0,0,0,0,0,0,0,0.0,0.0,0,12,78,1,1,5.144693047855981,35,48,312,1,0,3.491316169213394,1,0,0,0,0.0,0,0,1,0,27,416,25,658,0,0,0,Marvin Mims Jr.,WR,WR,"https://static.www.nfl.com/image/upload/f_auto,q_auto/league/zbdjtph5xplbf4yocz0l",DEN,71.0,182.0,2002-03-19,
00-0038978,0,0,0,0,0,0,0,0,0,0.0,0.0,0,0,0,0,0,0.0,0,0,0,0,0,0.0,0,9,3,0,2.5,0,0,0,0,0,0,0,0,0,0,0,Byron Young,DT,DL,"https://static.www.nfl.com/image/upload/f_auto,q_auto/league/zkjuhizs7now7kfwp9s3",PHI,75.0,292.0,2000-11-10,
00-0038979,0,0,0,0,0,0,0,0,0,0.0,0.0,0,0,0,0,0,0.0,20,37,247,2,0,4.32711574758793,0,1,0,0,0.0,0,0,0,0,0,0,0,0,0,0,0,Cedric Tillman,WR,WR,"https://static.www.nfl.com/image/upload/f_auto,q_auto/league/a4mcdjjl1pkxr3etechx",CLE,75.0,215.0,2000-04-19,
00-0038980,0,0,0,0,0,0,0,0,0,0.0,0.0,0,0,0,0,0,0.0,0,0,0,0,0,0.0,0,9,5,2,4.5,0,0,0,0,0,0,0,0,0,0,0,Zach Harrison,DE,DL,"https://static.www.nfl.com/image/upload/f_auto,q_auto/league/ufhdwcktmkeamlzdcuvg",ATL,77.0,270.0,2001-08-14,
00-0038981,0,0,0,0,0,0,0,0,0,0.0,0.0,0,0,0,0,0,0.0,0,0,0,0,0,0.0,0,0,0,0,0.0,0,0,0,0,0,0,0,0,0,0,0,Wanya Morris,OT,OL,"https://static.www.nfl.com/image/upload/f_auto,q_auto/league/snaxi8ken7hkapokvwfr",KC,78.0,307.0,2000-10-10,
00-0038982,0,0,0,0,0,0,0,0,0,0.0,0.0,0,0,0,0,0,0.0,0,0,0,0,0,0.0,0,71,4,2,2.0,0,0,0,0,0,0,0,0,0,0,0,Chamarri Conner,DB,DB,"https://static.www.nfl.com/image/upload/f_auto,q_auto/league/fzzbwoogfbowestdz7gz",KC,72.0,202.0,2000-07-11,
00-0038984,0,0,0,0,0,0,0,0,0,0.0,0.0,0,0,0,0,0,0.0,0,0,0,0,0,0.0,0,17,1,1,0.0,0,0,0,0,0,0,0,0,0,0,0,Kei'Trel Clark,CB,DB,"https://static.www.nfl.com/image/upload/f_auto,q_auto/league/mcmz4ef4fvvoqapbf8rf",ARI,70.0,181.0,2001-03-19,
00-0038986,0,0,0,0,0,0,0,0,0,0.0,0.0,0,0,0,0,0,0.0,0,0,0,0,0,0.0,0,3,0,0,0.0,0,0,0,0,0,0,0,0,0,0,0,Nic Jones,CB,DB,"https://static.www.nfl.com/image/upload/f_auto,q_auto/league/y6vbjn7oqj8j5zm94cwx",NYG,72.0,189.0,2001-10-15,
00-0038994,0,0,0,0,0,0,0,0,0,0.0,0.0,0,2,81,1,0,7.7909535416984,41,76,602,3,0,14.191104304363673,0,1,0,0,0.0,0,0,0,0,0,0,0,0,0,0,0,Jordan Addison,WR,WR,"https://static.www.nfl.com/image/upload/f_auto,q_auto/league/s2ey8g5memyqvxc52uzy",MIN,71.0,175.0,2002-01-27,
00-0038995,0,0,0,0,0,0,0,0,0,0.0,0.0,0,0,0,0,0,0.0,0,0,0,0,0,0.0,0,14,5,1,2.5,0,0,0,0,0,0,0,0,0,0,0,Bryan Bresee,DT,DL,"https://static.www.nfl.com/image/upload/f_auto,q_auto/league/ggluxdivvc7bhfhpfrsl",NO,77.0,305.0,2001-10-06,
00-0038996,0,0,0,0,0,0,0,0,0,0.0,0.0,0,1,3,0,0,-0.6811154326424003,32,44,489,6,0,39.123876830533845,0,0,0,0,0.0,0,0,0,0,0,0,0,0,0,0,0,Tucker Kraft,TE,TE,"https://static.www.nfl.com/image/upload/f_auto,q_auto/league/yr6nj1zqaqg6nbdnxu3q",GB,77.0,259.0,2000-11-03,
00-0038997,0,0,0,0,0,0,0,0,0,0.0,0.0,0,1,3,0,0,-0.2053967283573001,54,84,505,4,0,11.44307336115063,0,2,0,0,0.0,0,0,1,0,7,55,0,0,0,0,0,Josh Downs,WR,WR,"https://static.www.nfl.com/image/upload/f_auto,q_auto/league/gqozitn9vxnp8acz6wwg",IND,69.0,171.0,2001-08-12,
00-0039000,0,0,0,0,0,0,0,0,0,0.0,0.0,0,0,0,0,0,0.0,0,0,0,0,0,0.0,1,23,2,0,0.0,0,0,0,0,0,0,17,558,0,0,0,Deonte Banks,CB,DB,"https://static.www.nfl.com/image/upload/f_auto,q_auto/league/disrzmax4qwvr20oheiw",NYG,74.0,200.0,2001-04-03,
00-0039001,0,0,0,0,0,0,0,0,0,0.0,0.0,0,0,0,0,0,0.0,0,0,0,0,0,0.0,0,0,0,0,0.0,0,0,0,0,0,0,0,0,0,0,0,Tyler Steen,OT,OL,"https://static.www.nfl.com/image/upload/f_auto,q_auto/league/vql0qqvuq0eqkaolcqep",PHI,78.0,321.0,2000-06-24,
00-0039002,0,0,0,0,0,0,0,0,0,0.0,0.0,0,0,0,0,0,0.0,0,0,0,0,0,0.0,1,13,0,0,0.0,0,0,0,0,0,0,0,0,0,0,0,Sydney Brown,SAF,DB,"https://static.www.nfl.com/image/upload/f_auto,q_auto/league/r3cwxtqft79kjy5nvpjm",PHI,70.0,211.0,2000-03-21,
00-0039007,0,0,0,0,0,0,0,0,0,0.0,0.0,0,0,0,0,0,0.0,0,0,0,0,0,0.0,0,25,1,1,0.0,1,0,0,0,0,0,0,0,0,0,0,Garrett Williams,CB,DB,"https://static.www.nfl.com/image/upload/f_auto,q_auto/league/xlczxxctbgim3ynwtsw4",ARI,70.0,192.0,2001-06-01,
00-0039009,0,0,0,0,0,0,0,0,0,0.0,0.0,0,0,0,0,0,0.0,0,0,0,0,0,0.0,0,9,0,0,0.5,0,0,0,0,0,0,0,0,0,0,0,Dylan Horton,DE,DL,"https://static.www.nfl.com/image/upload/f_auto,q_auto/league/ocqc1uhsjinyou8klloj",HOU,76.0,275.0,2000-08-21,
00-0039013,0,0,0,0,0,0,0,0,0,0.0,0.0,0,0,0,0,0,0.0,0,0,0,0,0,0.0,0,14,1,1,3.0,0,0,0,0,0,0,0,0,0,0,0,Nolan Smith,LB,LB,"https://static.www.nfl.com/image/upload/f_auto,q_auto/league/mutic3dzmrlfruwqlgcb",PHI,74.0,238.0,2001-01-18,
00-0039014,0,0,0,0,0,0,0,0,0,0.0,0.0,0,0,0,0,0,0.0,0,0,0,0,0,0.0,0,0,0,0,0.0,0,0,0,0,0,0,0,0,0,0,0,Dawand Jones,OT,OL,"https://static.www.nfl.com/image/upload/f_auto,q_auto/league/tm5zyhltmnhwcqkutc2u",CLE,80.0,375.0,2001-08-06,
00-0039018,0,0,0,0,0,0,0,0,0,0.0,0.0,0,0,0,0,0,0.0,0,0,0,0,0,0.0,0,83,9,3,5.0,0,0,0,0,0,0,0,0,0,0,0,Jack Campbell,LB,LB,"https://static.www.nfl.com/image/upload/f_auto,q_auto/league/mmmtiej4dp5nt7giycwy",DET,77.0,246.0,2000-08-22,
00-0039019,0,0,0,0,0,0,0,0,0,0.0,0.0,0,0,0,0,0,0.0,0,0,0,0,0,0.0,0,0,0,0,0.0,0,0,0,0,0,0,0,0,0,0,0,John Michael Schmitz,C,OL,"https://static.www.nfl.com/image/private/f_auto,q_auto/league/viajsunbxleejrou46vu",NYG,76.0,320.0,1999-04-19,
00-0039020,0,0,0,0,0,0,0,0,0,0.0,0.0,0,0,0,0,0,0.0,0,0,0,0,0,0.0,0,0,0,0,0.0,0,0,0,0,0,0,0,0,0,0,0,Anthony Bradford,G,OL,"https://static.www.nfl.com/image/upload/f_auto,q_auto/league/yooqcfbbgozkkkcuhhva",SEA,76.0,335.0,2001-04-28,
00-0039021,0,0,0,0,0,0,0,0,0,0.0,0.0,0,2,17,0,0,1.3584852102212606,0,0,0,0,0,0.0,0,6,0,0,0.0,0,0,0,0,0,0,1,22,0,0,0,Roschon Johnson,RB,RB,"https://static.www.nfl.com/image/upload/f_auto,q_auto/league/gxzw5kntjivjixre9whh",CHI,72.0,227.0,2001-01-31,
00-0039030,0,0,0,0,0,0,0,0,0,0.0,0.0,0,0,0,0,0,0.0,0,0,0,0,0,0.0,0,1,0,0,0.0,0,0,0,0,0,0,0,0,0,0,0,Jake Andrews,C,OL,"https://static.www.nfl.com/image/upload/f_auto,q_auto/league/r4e0hfluqiwofsnqr2gm",HOU,75.0,308.0,1999-11-11,
00-0039031,0,0,0,0,0,0,0,0,0,0.0,0.0,0,0,0,0,0,0.0,0,0,0,0,0,0.0,0,10,4,0,4.0,0,0,0,0,0,0,0,0,0,0,0,Adetomiwa Adebawore,DT,DL,"https://static.www.nfl.com/image/upload/f_auto,q_auto/league/of8dhgchuzh584ipm4ut",IND,74.0,282.0,2001-03-04,
00-0039032,0,0,0,0,0,0,0,0,0,0.0,0.0,0,69,265,2,0,-4.669928358731676,38,43,255,0,0,3.6490532395121003,0,1,0,0,0.0,0,0,0,0,0,0,0,0,0,0,0,Tyjae Spears,RB,RB,"https://static.www.nfl.com/image/upload/f_auto,q_auto/league/fc7vhbtw80einad9hsfu",TEN,71.0,195.0,2001-06-15,
00-0039034,0,0,0,0,0,0,0,0,0,0.0,0.0,0,0,0,0,0,0.0,0,0,0,0,0,0.0,0,0,0,0,0.0,0,0,0,0,0,0,0,0,0,0,0,Peter Skoronski,OT,OL,"https://static.www.nfl.com/image/upload/f_auto,q_auto/league/c4arvhcrnxg0y3vkzgp7",TEN,76.0,313.0,2001-07-31,
00-0039040,0,0,0,0,0,0,0,0,0,0.0,0.0,0,238,1350,8,1,14.038851955604883,67,85,488,4,0,-10.227876861455025,0,3,0,0,0.0,0,0,0,0,0,0,0,0,0,0,0,De'Von Achane,RB,RB,"https://static.www.nfl.com/image/upload/f_auto,q_auto/league/xk1xwio0bryfxo1ylweu",MIA,69.0,191.0,2001-10-13,
00-0039041,0,0,0,0,0,0,0,0,0,0.0,0.0,0,0,0,0,0,0.0,27,34,273,0,1,-1.4897111112950352,0,4,0,0,0.0,0,0,0,0,0,0,0,0,0,0,0,Elijah Higgins,TE,TE,"https://static.www.nfl.com/image/upload/f_auto,q_auto/league/yjvdxmqromyt64w89bhq",ARI,75.0,245.0,2000-10-27,
00-0039047,0,0,0,0,0,0,0,0,0,0.0,0.0,0,0,0,0,0,0.0,0,0,0,0,0,0.0,0,10,2,0,1.0,0,0,0,0,0,0,0,0,0,0,0,Derick Hall,LB,LB,"https://static.www.nfl.com/image/upload/f_auto,q_auto/league/gbzmlna8fujliinb6g33",SEA,75.0,254.0,2001-03-19,
00-0039048,0,0,0,0,0,0,0,0,0,0.0,0.0,0,0,0,0,0,0.0,0,0,0,0,0,0.0,0,1,0,0,0.0,0,0,0,0,0,0,0,0,0,0,0,Matthew Bergeron,G,OL,"https://static.www.nfl.com/image/upload/f_auto,q_auto/league/lyfj3zqtupagc1yrcdr7",ATL,77.0,315.0,2000-02-26,
00-0039049,0,0,0,0,0,0,0,0,0,0.0,0.0,0,0,0,0,0,0.0,0,0,0,0,0,0.0,0,59,9,0,3.0,1,0,0,0,0,0,0,0,0,0,0,SirVocea Dennis,LB,LB,"https://static.www.nfl.com/image/upload/f_auto,q_auto/league/gdi13xin0t60pyxsmjc6",TB,72.0,230.0,2000-03-09,
00-0039050,0,0,0,0,0,0,0,0,0,0.0,0.0,0,0,0,0,0,0.0,1,3,11,0,0,-0.7306693415157497,0,2,0,0,0.0,0,0,0,0,0,0,0,0,0,0,0,Payne Durham,TE,TE,"https://static.www.nfl.com/image/upload/f_auto,q_auto/league/ijjyd8bvvkjttepqv82u",TB,77.0,255.0,2000-06-15,
00-0039051,0,0,0,0,0,0,0,0,0,0.0,0.0,0,0,0,0,0,0.0,0,0,0,0,0,0.0,0,7,0,1,0.0,0,0,0,0,0,0,0,0,0,0,0,Josh Hayes,CB,DB,"https://static.www.nfl.com/image/upload/f_auto,q_auto/league/yikjuckgb86cwgym5tf4",TB,72.0,190.0,1999-04-24,
00-0039054,0,0,0,0,0,1,0,1,0,-2.4826914377044886,0.0,0,0,0,0,0,0.0,0,0,0,0,0,0.0,0,17,0,1,0.0,1,0,0,0,0,0,0,0,0,0,0,Marte Mapu,LB,LB,"https://static.www.nfl.com/image/upload/f_auto,q_auto/league/yowcsdwn6r2bh5q2fpa0",NE,75.0,230.0,1999-11-08,
00-0039058,0,0,0,0,0,0,0,0,0,0.0,0.0,0,0,0,0,0,0.0,0,0,0,0,0,0.0,0,1,0,0,0.0,0,0,0,0,0,0,0,0,0,0,0,Steve Avila,G,OL,"https://static.www.nfl.com/image/upload/f_auto,q_auto/league/k8py6unecntq8dio0wrz",LA,75.0,338.0,1999-10-16,
00-0039059,0,0,0,0,0,0,0,0,0,0.0,0.0,0,0,0,0,0,0.0,0,0,0,0,0,0.0,0,1,0,0,0.0,0,0,0,0,0,0,0,0,0,0,0,Ethan Evans,P,SPEC,"https://static.www.nfl.com/image/upload/f_auto,q_auto/league/xqev6nqi3dzbwf6q5xkg",LA,75.0,250.0,2001-07-19,
00-0039061,0,0,0,0,0,0,0,0,0,0.0,0.0,0,0,0,0,0,0.0,0,0,0,0,0,0.0,0,1,0,0,0.0,0,0,0,0,0,0,0,0,0,0,0,Desjuan Johnson,DE,DL,"https://static.www.nfl.com/image/upload/f_auto,q_auto/league/daqugeefmqpj99qzpjmh",LA,75.0,280.0,1999-09-02,
00-0039062,0,0,0,0,0,0,0,0,0,0.0,0.0,0,0,0,0,0,0.0,1,4,25,0,0,-2.9569109607837163,0,0,0,0,0.0,0,0,0,0,0,0,0,0,0,0,0,Jonathan Mingo,WR,WR,"https://static.www.nfl.com/image/upload/f_auto,q_auto/league/adaubthdtcqe2ez7dw9w",DAL,74.0,225.0,2001-04-20,
00-0039063,0,0,0,0,0,0,0,0,0,0.0,0.0,0,0,0,0,0,0.0,0,0,0,0,0,0.0,0,1,1,0,0.0,0,0,0,0,0,0,0,0,0,0,0,Calijah Kancey,DT,DL,"https://static.www.nfl.com/image/upload/f_auto,q_auto/league/idizvzmzmmdkc4dprb0g",TB,72.0,280.0,2001-03-01,
00-0039064,0,0,0,0,0,0,0,0,0,0.0,0.0,0,10,62,1,0,2.4996555442921817,82,112,1073,3,3,35.81847109892958,0,2,0,0,0.0,0,0,0,0,0,0,0,0,0,0,0,Zay Flowers,WR,WR,"https://static.www.nfl.com/image/upload/f_auto,q_auto/league/sqqh8gmxdpo55qwpsszj",BAL,69.0,183.0,2000-09-11,
00-0039065,0,0,0,0,0,0,0,0,0,0.0,0.0,0,0,0,0,0,0.0,40,49,489,3,0,36.4278423127509,0,1,0,0,0.0,0,0,0,0,0,0,0,0,0,0,0,Sam LaPorta,TE,TE,"https://static.www.nfl.com/image/upload/f_auto,q_auto/league/qfcy3taaoage00rrl0cc",DET,75.0,245.0,2001-01-12,
00-0039066,0,0,0,0,0,0,0,0,0,0.0,0.0,0,0,0,0,0,0.0,32,45,281,1,1,-9.622332182376976,0,8,0,0,0.0,0,0,0,0,0,0,0,0,0,0,0,Michael Mayer,TE,TE,"https://static.www.nfl.com/image/upload/f_auto,q_auto/league/crb4nzumiww6ftxcyiqm",LV,76.0,256.0,2001-07-06,
00-0039067,0,0,0,0,0,0,0,0,0,0.0,0.0,0,5,20,1,1,1.8625007853843272,53,78,571,5,1,16.019448061033202,0,0,0,0,0.0,0,0,0,0,0,0,0,0,0,0,0,Rashee Rice,WR,WR,"https://static.www.nfl.com/image/upload/f_auto,q_auto/league/iy0uidp9wokc6a7u8lwq",KC,73.0,203.0,2000-04-22,
00-0039068,0,0,0,0,0,0,0,0,0,0.0,0.0,0,0,0,0,0,0.0,0,0,0,0,0,0.0,0,25,12,1,7.0,0,0,0,0,0,0,0,0,0,0,0,Yaya Diaby,LB,LB,"https://static.www.nfl.com/image/upload/f_auto,q_auto/league/wccyapm2qdoidjmfveos",TB,75.0,270.0,1999-05-30,
00-0039070,0,0,0,0,0,0,0,0,0,0.0,0.0,0,0,0,0,0,0.0,0,0,0,0,0,0.0,0,18,5,0,5.0,0,0,0,0,0,0,0,0,0,0,0,Gervon Dexter Sr.,DT,DL,"https://static.www.nfl.com/image/private/f_auto,q_auto/league/vj6m4qixxhqmufrr5ilo",CHI,78.0,326.0,2000-10-05,
00-0039071,0,0,0,0,0,0,0,0,0,0.0,0.0,0,0,0,0,0,0.0,0,0,0,0,0,0.0,0,35,1,2,0.0,1,0,0,0,0,0,0,0,0,0,0,Tyrique Stevenson,CB,DB,"https://static.www.nfl.com/image/upload/f_auto,q_auto/league/whzeosd28apu5wrlaixk",CHI,72.0,212.0,2000-05-26,
00-0039072,0,0,0,0,0,0,0,0,0,0.0,0.0,0,0,0,0,0,0.0,0,0,0,0,0,0.0,0,5,0,0,0.0,0,0,0,0,0,0,0,0,0,0,0,Jakorian Bennett,CB,DB,"https://static.www.nfl.com/image/upload/f_auto,q_auto/league/faleietqfsmpnhibdhad",PHI,70.0,200.0,2000-08-23,
00-0039074,0,0,0,0,0,0,0,0,0,0.0,0.0,0,0,0,0,0,0.0,24,32,208,3,0,5.84502336406149,0,0,0,0,0.0,0,0,0,0,0,0,0,0,0,0,0,Davis Allen,TE,TE,"https://static.www.nfl.com/image/upload/f_auto,q_auto/league/knzujvs0ge3lozkyilsf",LA,78.0,251.0,2001-02-03,
00-0039075,0,0,0,0,0,0,0,0,0,0.0,0.0,0,8,81,1,0,7.274399129615631,119,155,1639,9,1,106.09847733084086,0,0,0,0,0.0,0,0,0,0,0,0,0,0,0,0,0,Puka Nacua,WR,WR,"https://static.www.nfl.com/image/upload/f_auto,q_auto/league/zvi4hdm6fywcekfe7ceb",LA,74.0,212.0,2001-05-29,
00-0039076,0,0,0,0,0,0,0,0,0,0.0,0.0,0,0,0,0,0,0.0,0,0,0,0,0,0.0,0,4,0,0,0.0,0,0,0,0,0,0,0,0,0,0,0,Nick Hampton,LB,LB,"https://static.www.nfl.com/image/upload/f_auto,q_auto/league/pyouk6br5ca950zlofia",LA,75.0,250.0,2000-04-05,
00-0039108,0,0,0,0,0,0,0,0,0,0.0,0.0,0,0,0,0,0,0.0,0,0,0,0,0,0.0,0,27,19,3,12.0,0,0,0,0,0,0,0,0,0,0,0,Will Anderson Jr.,DE,DL,"https://static.www.nfl.com/image/upload/f_auto,q_auto/league/ar9k2r2btzzb10zc0xja",HOU,76.0,243.0,2001-09-02,
00-0039109,0,0,0,0,0,0,0,0,0,0.0,0.0,0,0,0,0,0,0.0,0,0,0,0,0,0.0,0,0,0,0,0.0,0,0,0,0,0,0,0,0,0,0,0,Broderick Jones,OT,OL,"https://static.www.nfl.com/image/upload/f_auto,q_auto/league/vaquwulcfwqcn8vaumac",PIT,77.0,311.0,2001-05-16,
00-0039110,0,0,0,0,0,0,0,0,0,0.0,0.0,0,0,0,0,0,0.0,0,0,0,0,0,0.0,0,21,6,1,5.5,0,0,0,0,0,0,0,0,0,0,0,Keeanu Benton,DT,DL,"https://static.www.nfl.com/image/upload/f_auto,q_auto/league/xhauoqvtf8w00rv8wtwv",PIT,76.0,309.0,2001-07-17,
00-0039111,0,0,0,0,0,0,0,0,0,0.0,0.0,0,0,0,0,0,0.0,0,0,0,0,0,0.0,0,32,20,2,13.0,0,0,0,0,0,0,0,0,0,0,0,Tuli Tuipulotu,LB,LB,"https://static.www.nfl.com/image/upload/f_auto,q_auto/league/dxdvukwnw4gk0j5ttihc",LAC,75.0,266.0,2002-09-03,
00-0039112,0,0,0,0,0,0,0,0,0,0.0,0.0,0,0,0,0,0,0.0,0,0,0,0,0,0.0,0,12,3,0,1.5,0,0,0,0,0,0,0,0,0,0,0,Lukas Van Ness,DE,DL,"https://static.www.nfl.com/image/upload/f_auto,q_auto/league/qxrs2r7nvy9k6hlkqvyb",GB,77.0,272.0,2001-07-06,
00-0039137,0,0,0,0,0,0,0,0,0,0.0,0.0,0,0,0,0,0,0.0,0,0,0,0,0,0.0,0,43,11,1,11.0,0,0,0,0,0,0,0,0,0,0,0,Byron Young,LB,LB,"https://static.www.nfl.com/image/upload/f_auto,q_auto/league/q68ctteciw57fgxh8c4u",LA,74.0,258.0,1998-03-13,
00-0039138,0,0,0,0,0,0,0,0,0,0.0,0.0,0,0,0,0,0,0.0,0,0,0,0,0,0.0,0,22,8,0,7.0,1,0,0,0,0,0,0,0,0,0,0,Kobie Turner,DE,DL,"https://static.www.nfl.com/image/upload/f_auto,q_auto/league/tmifh6zibjgxpesgp7bf",LA,74.0,297.0,1999-04-26,
00-0039139,0,0,0,0,0,0,0,0,0,0.0,0.0,0,224,1143,13,2,-2.2706383691260834,74,89,583,4,0,15.000217372249779,0,0,0,0,0.0,0,0,0,0,0,0,0,0,0,0,0,Jahmyr Gibbs,RB,RB,"https://static.www.nfl.com/image/upload/f_auto,q_auto/league/hjxk3judytgsxkqiilre",DET,69.0,202.0,2002-03-20,
00-0039140,0,0,0,0,0,0,0,0,0,0.0,0.0,0,0,0,0,0,0.0,0,0,0,0,0,0.0,0,25,0,0,0.0,0,0,0,0,0,0,0,0,0,0,0,Kelee Ringo,CB,DB,"https://static.www.nfl.com/image/upload/f_auto,q_auto/league/ly44wusmozddh3mx9jqv",PHI,74.0,207.0,2002-06-27,
00-0039141,0,0,0,0,0,0,0,0,0,0.0,0.0,0,0,0,0,0,0.0,0,0,0,0,0,0.0,0,46,5,1,2.5,0,0,0,0,0,0,0,0,0,0,0,Brian Branch,SAF,DB,"https://static.www.nfl.com/image/upload/f_auto,q_auto/league/zcri8hzscyasi2nhjdlk",DET,72.0,203.0,2001-10-22,
00-0039142,0,0,0,0,0,0,0,0,0,0.0,0.0,0,0,0,0,0,0.0,0,0,0,0,0,0.0,1,17,10,0,8.0,0,0,0,0,0,0,0,0,0,0,0,Will McDonald IV,DE,DL,"https://static.www.nfl.com/image/private/f_auto,q_auto/league/nw8aiicw9bjhxaqwbeo9",NYJ,76.0,245.0,1999-06-04,
00-0039143,0,0,0,0,0,0,0,0,0,0.0,0.0,0,0,0,0,0,0.0,0,0,0,0,0,0.0,0,2,0,0,0.0,0,0,0,0,0,0,0,0,0,0,0,Isaiah Foskey,DE,DL,"https://static.www.nfl.com/image/upload/f_auto,q_auto/league/tp8wa1rbwxtoaabgjm4r",CIN,77.0,270.0,2000-10-30,
00-0039144,0,0,0,0,0,0,0,0,0,0.0,0.0,0,0,0,0,0,0.0,24,31,252,0,1,10.139169549453072,0,0,0,0,0.0,0,0,0,0,0,0,0,0,0,0,0,Luke Musgrave,TE,TE,"https://static.www.nfl.com/image/upload/f_auto,q_auto/league/erqld7keza48co6umuaa",GB,78.0,253.0,2000-09-02,
00-0039145,0,0,0,0,0,0,0,0,0,0.0,0.0,0,0,0,0,0,0.0,0,0,0,0,0,0.0,0,0,0,0,0.0,0,0,0,0,0,0,0,0,0,0,0,Joe Tippmann,G,OL,"https://static.www.nfl.com/image/upload/f_auto,q_auto/league/q8sbzzwjkyb42gn9shb3",NYJ,78.0,313.0,2001-03-24,
00-0039146,0,0,0,0,0,0,0,0,0,0.0,0.0,0,3,28,0,0,1.411399862729013,19,22,207,1,0,11.54951262965493,0,0,0,0,0.0,0,0,0,0,2,21,0,0,0,0,0,Jayden Reed,WR,WR,"https://static.www.nfl.com/image/upload/f_auto,q_auto/league/blh2tfg9qjthqo2g6ot4",GB,71.0,187.0,2000-04-28,
00-0039147,0,0,0,0,0,0,0,0,0,0.0,0.0,0,0,0,0,0,0.0,0,0,0,0,0,0.0,0,51,1,0,0.0,0,0,0,0,0,0,0,0,0,0,0,Christian Gonzalez,CB,DB,"https://static.www.nfl.com/image/upload/f_auto,q_auto/league/iua1eh08ixdlgp2qisst",NE,73.0,205.0,2002-06-28,
00-0039148,0,0,0,0,0,0,0,0,0,0.0,0.0,0,0,0,0,0,0.0,0,0,0,0,0,0.0,0,5,1,0,1.5,0,0,0,0,0,0,0,0,0,0,0,Keion White,DE,DL,"https://static.www.nfl.com/image/upload/f_auto,q_auto/league/wkq3kmgtrqxsndffclam",NE,77.0,285.0,1999-01-20,
00-0039149,0,0,0,0,0,0,0,0,0,0.0,0.0,0,0,0,0,0,0.0,0,0,0,0,0,0.0,0,52,1,1,0.0,0,0,0,0,0,0,0,0,0,0,0,Quan Martin,SAF,DB,"https://static.www.nfl.com/image/upload/f_auto,q_auto/league/mqvepjtbymevlwn2c7qj",WAS,72.0,195.0,2000-04-17,
00-0039150,280,443,2745,21,10,27,-202,3,2,-28.396766550950986,9.0936216646126,1,52,217,2,2,5.672538468396906,0,0,0,0,0,0.0,0,0,0,0,0.0,0,0,0,0,0,0,0,0,0,0,0,Bryce Young,QB,QB,"https://static.www.nfl.com/image/upload/f_auto,q_auto/league/qy1lfhlzhiacsyzzm1j7",CAR,70.0,204.0,2001-07-25,
00-0039151,0,0,0,0,0,0,0,0,0,0.0,0.0,0,0,0,0,0,0.0,0,0,0,0,0,0.0,0,30,0,1,0.0,3,0,0,0,0,0,0,0,0,0,0,Emmanuel Forbes,CB,DB,"https://static.www.nfl.com/image/upload/f_auto,q_auto/league/zuqfigu7eadzoeo0uymt",LA,72.0,180.0,2001-01-13,
00-0039155,0,0,0,0,0,0,0,0,0,0.0,0.0,0,0,0,0,0,0.0,0,0,0,0,0,0.0,0,6,1,0,1.0,0,0,0,0,0,0,0,0,0,0,0,BJ Ojulari,LB,LB,"https://static.www.nfl.com/image/upload/f_auto,q_auto/league/yiulza2bhdta4aegzpnm",ARI,74.0,248.0,2002-04-05,
00-0039156,0,0,0,0,0,0,0,0,0,0.0,0.0,0,0,0,0,0,0.0,0,0,0,0,0,0.0,0,10,0,0,0.0,0,0,0,0,0,0,0,0,0,0,0,Julius Brents,CB,DB,"https://static.www.nfl.com/image/upload/f_auto,q_auto/league/chqdioyasofpjnu25iqi",MIA,75.0,198.0,2000-01-18,
00-0039157,0,0,0,0,0,0,0,0,0,0.0,0.0,0,0,0,0,0,0.0,0,0,0,0,0,0.0,0,0,0,0,0.0,0,0,0,0,0,0,0,0,0,0,0,Cody Mauch,G,OL,"https://static.www.nfl.com/image/upload/f_auto,q_auto/league/m0851jmhecw29hxwlygs",TB,78.0,303.0,1999-01-15,
00-0039163,259,400,2872,18,8,23,-189,0,0,43.54513844522054,7.484145247383049,0,46,204,0,2,14.245101194341808,0,0,0,0,0,0.0,0,0,0,0,0.0,0,0,0,0,0,0,0,0,0,0,0,C.J. Stroud,QB,QB,"https://static.www.nfl.com/image/upload/f_auto,q_auto/league/tt4zrtxlhifaljhj0rn7",HOU,75.0,218.0,2001-10-03,
00-0039164,1,2,9,0,0,0,0,0,0,-1.2116199531592429,-8.090043067932129,0,4,-1,0,0,-2.4298220174387097,1,1,9,0,0,0.4575410215184092,0,0,0,0,0.0,0,0,0,0,0,0,0,0,0,0,0,Anthony Richardson,QB,QB,"https://static.www.nfl.com/image/upload/f_auto,q_auto/league/wrddeyklfcgk9qybgofq",IND,76.0,244.0,2002-05-22,
00-0039165,0,0,0,0,0,0,0,0,0,0.0,0.0,0,167,656,11,0,2.1046922903710836,17,20,121,0,0,-0.03471596684888409,0,0,0,0,0.0,0,0,0,0,0,0,0,0,0,0,0,Zach Charbonnet,RB,RB,"https://static.www.nfl.com/image/upload/f_auto,q_auto/league/jqbzg5e8pdltbnb7hc8p",SEA,73.0,214.0,2001-01-08,
00-0039167,0,0,0,0,0,0,0,0,0,0.0,0.0,0,0,0,0,0,0.0,0,0,0,0,0,0.0,0,34,0,0,1.0,1,0,0,0,0,0,0,0,0,0,0,Joey Porter Jr.,CB,DB,"https://static.www.nfl.com/image/upload/f_auto,q_auto/league/pcan3dqynqusx1ltmecf",PIT,74.0,194.0,2000-07-26,
00-0039169,0,0,0,0,0,0,0,0,0,0.0,0.0,0,0,0,0,0,0.0,0,0,0,0,0,0.0,0,45,2,0,0.5,1,0,0,0,0,0,0,0,0,0,0,Devon Witherspoon,CB,DB,"https://static.www.nfl.com/image/upload/f_auto,q_auto/league/zlp8cnwllrdonrcmoxpl",SEA,72.0,185.0,2000-12-11,
00-0039172,0,0,0,0,0,0,0,0,0,0.0,0.0,0,0,0,0,0,0.0,0,0,0,0,0,0.0,0,3,0,0,0.0,0,0,0,0,0,0,0,0,23,29,2,Jake Bates,K,SPEC,"https://static.www.nfl.com/image/upload/f_auto,q_auto/league/heh3zqyv3tqapnpnzgoj",DET,70.0,202.0,1999-03-03,1.0
00-0039174,0,0,0,0,0,0,0,0,0,0.0,0.0,0,0,0,0,0,0.0,0,0,0,0,0,0.0,0,0,0,0,0.0,0,0,0,0,0,0,0,0,0,0,0,Chukwuebuka Godrick,OT,OL,"https://static.www.nfl.com/image/upload/f_auto,q_auto/league/h9r0cgidfchteckppndm",KC,77.0,293.0,2000-10-11,
00-0039176,0,0,0,0,0,0,0,0,0,0.0,0.0,0,0,0,0,0,0.0,0,0,0,0,0,0.0,0,7,1,0,0.0,0,0,0,0,0,0,0,0,0,0,0,Basil Okoye,DT,DL,"https://static.www.nfl.com/image/upload/f_auto,q_auto/league/g0bc8uf6fx9g6myyswi5",BAL,78.0,370.0,2001-10-20,
00-0039178,0,0,0,0,0,0,0,0,0,0.0,0.0,0,0,0,0,0,0.0,0,0,0,0,0,0.0,0,13,0,0,0.5,0,0,0,0,0,0,0,0,0,0,0,Austin Ajiake,LB,LB,"https://static.www.nfl.com/image/upload/f_auto,q_auto/league/oac43hjcupsdhh4ssp6m",IND,73.0,223.0,2000-06-30,
00-0039207,0,0,0,0,0,0,0,0,0,0.0,0.0,0,0,0,0,0,0.0,0,0,0,0,0,0.0,0,1,0,0,0.0,0,0,0,0,0,0,0,0,0,0,0,Durell Nchami,DE,DL,"https://static.www.nfl.com/image/upload/f_auto,q_auto/league/arq8u512zcrrr9nyqjln",IND,76.0,258.0,2000-02-11,
00-0039229,0,0,0,0,0,0,0,0,0,0.0,0.0,0,0,0,0,0,0.0,0,0,0,0,0,0.0,0,0,0,0,0.0,0,0,0,0,0,0,0,0,11,14,0,Charlie Smyth,K,SPEC,"https://static.www.nfl.com/image/upload/f_auto,q_auto/league/fpnhcibi3incbg80uc5z",NO,76.0,210.0,2001-06-26,1.0
00-0039232,0,0,0,0,0,0,0,0,0,0.0,0.0,0,0,0,0,0,0.0,0,0,0,0,0,0.0,0,56,2,0,0.0,3,0,0,0,0,0,0,0,0,0,0,Nate Wiggins,CB,DB,"https://static.www.nfl.com/image/upload/f_auto,q_auto/league/ggnkwrepoggazbn1s2ld",BAL,73.0,182.0,2003-08-28,
00-0039233,0,0,0,0,0,0,0,0,0,0.0,0.0,0,0,0,0,0,0.0,0,0,0,0,0,0.0,0,0,0,0,0.0,0,0,0,0,0,0,0,0,0,0,0,Roger Rosengarten,OT,OL,"https://static.www.nfl.com/image/upload/f_auto,q_auto/league/yl4hhbcxdtcxqgiezmss",BAL,77.0,316.0,2002-06-03,
00-0039234,0,0,0,0,0,0,0,0,0,0.0,0.0,0,0,0,0,0,0.0,0,0,0,0,0,0.0,0,21,0,0,0.0,1,0,0,0,0,0,0,0,0,0,0,T.J. Tampa,CB,DB,"https://static.www.nfl.com/image/upload/f_auto,q_auto/league/poanrufasprugy1q1ulq",BAL,73.0,199.0,2002-03-13,
00-0039235,0,0,0,0,0,0,0,0,0,0.0,0.0,0,0,0,0,0,0.0,0,0,0,0,0,0.0,0,0,0,0,0.0,0,0,0,0,0,0,0,0,0,0,0,Sanoussi Kane,SAF,DB,"https://static.www.nfl.com/image/upload/f_auto,q_auto/league/uj78zgtqjemh0ftylsjd",BAL,71.0,210.0,2001-10-06,
00-0039241,0,0,0,0,0,0,0,0,0,0.0,0.0,0,0,0,0,0,0.0,0,0,0,0,0,0.0,0,1,0,0,0.0,0,0,0,0,0,0,0,0,0,0,0,Beau Brade,SAF,DB,"https://static.www.nfl.com/image/upload/f_auto,q_auto/league/ojsyg4qghwqlpwswlhu9",NYG,72.0,209.0,2002-01-29,
00-0039266,0,0,0,0,0,0,0,0,0,0.0,0.0,0,2,2,0,0,0.8584410675102845,0,0,0,0,0,0.0,0,0,0,0,0.0,0,0,0,0,0,0,0,0,0,0,0,Kendall Milton,RB,RB,"https://static.www.nfl.com/image/upload/f_auto,q_auto/league/loxc2ylhbuvifty85fqv",CIN,73.0,230.0,2002-02-10,
00-0039267,0,0,0,0,0,0,0,0,0,0.0,0.0,0,0,0,0,0,0.0,0,0,0,0,0,0.0,0,1,0,0,0.0,0,0,0,0,0,0,0,0,0,0,0,Andre' Sam,SAF,DB,"https://static.www.nfl.com/image/upload/f_auto,q_auto/league/ktamly004v1muokcnmc7",PHI,70.0,194.0,1999-02-09,
00-0039284,0,0,0,0,0,0,0,0,0,0.0,0.0,0,0,0,0,0,0.0,0,0,0,0,0,0.0,0,6,1,0,1.0,0,0,0,0,0,0,0,0,0,0,0,Braiden McGregor,DE,DL,"https://static.www.nfl.com/image/upload/f_auto,q_auto/league/kk8h8mlhxzthxil6nvrt",NYJ,78.0,267.0,2001-07-12,
00-0039285,0,0,0,0,0,0,0,0,0,0.0,0.0,0,0,0,0,0,0.0,0,0,0,0,0,0.0,0,1,0,0,0.0,0,0,0,0,0,0,0,0,0,0,0,Jarius Monroe,DB,DB,"https://static.www.nfl.com/image/upload/f_auto,q_auto/league/tea6ronjzs4ulorylah1",NYJ,74.0,205.0,2000-10-06,
00-0039288,0,0,0,0,0,0,0,0,0,0.0,0.0,0,0,0,0,0,0.0,0,0,0,0,0,0.0,0,1,0,0,0.0,0,0,0,0,0,0,0,0,0,0,0,Jackson Sirmon,LB,LB,"https://static.www.nfl.com/image/upload/f_auto,q_auto/league/idufv4y0etchs4cvgkad",NYJ,74.0,240.0,2000-04-15,
00-0039289,0,0,0,0,0,0,0,0,0,0.0,0.0,0,0,0,0,0,0.0,0,0,0,0,0,0.0,0,4,1,0,0.0,0,0,0,0,0,0,0,0,0,0,0,Leonard Taylor III,DT,DL,"https://static.www.nfl.com/image/upload/f_auto,q_auto/league/qfnjnvom3evftnkgwcqg",NYJ,75.0,305.0,2002-05-29,
00-0039291,0,0,0,0,0,0,0,0,0,0.0,0.0,0,0,0,0,0,0.0,0,0,0,0,0,0.0,0,4,0,0,0.0,0,0,0,0,0,0,0,0,0,0,0,Eric Watts,DE,DL,"https://static.www.nfl.com/image/upload/f_auto,q_auto/league/ebgjkljqc8rvtev1iw3r",NYJ,77.0,277.0,2000-10-01,
00-0039299,0,0,0,0,0,0,0,0,0,0.0,0.0,0,22,73,1,1,-9.349929695804176,2,2,15,0,0,-0.1405418971553445,1,1,0,0,0.0,0,0,0,0,0,0,16,387,0,0,0,George Holani,RB,RB,"https://static.www.nfl.com/image/upload/f_auto,q_auto/league/nadkmkb2sqgjhbkpirkg",SEA,70.0,210.0,1999-12-16,
00-0039305,0,0,0,0,0,0,0,0,0,0.0,0.0,0,0,0,0,0,0.0,0,1,0,0,0,-0.5347519975621253,0,1,0,0,0.0,0,0,0,0,0,0,0,0,0,0,0,Jack Westover,TE,TE,"https://static.www.nfl.com/image/upload/f_auto,q_auto/league/jdqum14r2ihtymt8h1na",NE,74.0,245.0,1999-06-09,
00-0039309,0,0,0,0,0,0,0,0,0,0.0,0.0,0,0,0,0,0,0.0,0,0,0,0,0,0.0,0,20,7,0,7.0,0,0,0,0,0,0,0,0,0,0,0,Byron Murphy II,DT,DL,"https://static.www.nfl.com/image/upload/f_auto,q_auto/league/xeq70yetr8qznbkjjiye",SEA,72.0,306.0,2002-09-08,
00-0039312,0,0,0,0,0,0,0,0,0,0.0,0.0,0,0,0,0,0,0.0,0,0,0,0,0,0.0,0,3,0,0,0.0,0,0,0,0,0,0,0,0,0,0,0,Miles Battle,CB,DB,"https://static.www.nfl.com/image/upload/f_auto,q_auto/league/fkxenwqrq9evl5r7iuch",NE,75.0,197.0,2000-01-04,
00-0039313,0,0,0,0,0,0,0,0,0,0.0,0.0,0,0,0,0,0,0.0,0,0,0,0,0,0.0,0,1,0,0,0.0,0,0,0,0,0,0,0,0,0,0,0,Swayze Bozeman,LB,LB,"https://static.www.nfl.com/image/upload/f_auto,q_auto/league/x5fvun7baplarpt8deoq",NYG,73.0,224.0,1998-11-02,
00-0039323,0,0,0,0,0,0,0,0,0,0.0,0.0,0,0,0,0,0,0.0,0,0,0,0,0,0.0,0,0,0,0,0.0,0,0,0,0,0,0,0,0,0,0,0,Ryan Rehkow,P,SPEC,"https://static.www.nfl.com/image/upload/f_auto,q_auto/league/kahposyaa7l0zpdvzyoa",CIN,77.0,235.0,1998-09-11,
00-0039324,0,0,0,0,0,0,0,0,0,0.0,0.0,0,0,0,0,0,0.0,0,0,0,0,0,0.0,0,19,0,0,0.0,1,0,0,0,0,0,0,0,0,0,0,Christian Roland-Wallace,CB,DB,"https://static.www.nfl.com/image/upload/f_auto,q_auto/league/foy9ykwmm3vcqgfviowz",KC,71.0,202.0,2001-11-23,
00-0039332,0,0,0,0,0,0,0,0,0,0.0,0.0,0,0,0,0,0,0.0,0,0,0,0,0,0.0,0,1,0,1,0.0,0,0,0,0,0,0,0,0,0,0,0,C.J. Ravenell,DE,DL,"https://static.www.nfl.com/image/upload/f_auto,q_auto/league/rqjhomavdixcd1tqcge5",TEN,77.0,300.0,2000-07-07,
00-0039333,0,0,0,0,0,0,0,0,0,0.0,0.0,0,0,0,0,0,0.0,0,0,0,0,0,0.0,0,0,0,0,0.0,0,0,1,0,10,58,14,375,0,0,0,Brandon Codrington,CB,DB,"https://static.www.nfl.com/image/upload/f_auto,q_auto/league/zcfwdsirygqnl15jnd0m",BUF,69.0,185.0,2000-11-17,
00-0039337,0,0,0,0,0,0,0,0,0,0.0,0.0,0,0,0,0,0,0.0,18,35,271,2,0,2.308888526029296,0,2,0,0,0.0,0,0,0,0,0,0,0,0,0,0,0,Malik Nabers,WR,WR,"https://static.www.nfl.com/image/upload/f_auto,q_auto/league/w3edoyyuomqlovvp9ixc",NYG,72.0,200.0,2003-07-28,
00-0039338,0,0,0,0,0,0,0,0,0,0.0,0.0,0,2,2,0,0,-1.1543679854366928,64,86,680,7,0,23.34749065319067,0,2,0,0,0.0,0,0,0,0,0,0,0,0,0,0,0,Brock Bowers,TE,TE,"https://static.www.nfl.com/image/upload/f_auto,q_auto/league/uzp2ffi0lomamxofsrhy",LV,75.0,235.0,2002-12-13,
00-0039339,0,0,0,0,0,0,0,0,0,0.0,0.0,0,0,0,0,0,0.0,0,0,0,0,0,0.0,0,1,0,0,0.0,0,0,0,0,0,0,0,0,0,0,0,Taliese Fuaga,OT,OL,"https://static.www.nfl.com/image/upload/f_auto,q_auto/league/b67s32fuqrcohbu78ur5",NO,78.0,324.0,2002-04-05,
00-0039340,0,0,0,0,0,0,0,0,0,0.0,0.0,0,0,0,0,0,0.0,0,0,0,0,0,0.0,0,25,12,1,8.5,3,0,0,0,0,0,0,0,0,0,0,Laiatu Latu,DE,DL,"https://static.www.nfl.com/image/upload/f_auto,q_auto/league/upfo1ikqlsmwvbduxqsw",IND,77.0,265.0,2000-12-31,
00-0039341,0,0,0,0,0,0,0,0,0,0.0,0.0,0,0,0,0,0,0.0,0,0,0,0,0,0.0,0,0,0,0,0.0,0,0,0,0,0,0,0,0,0,0,0,Tyler Guyton,OT,OL,"https://static.www.nfl.com/image/upload/f_auto,q_auto/league/vkthsqd2smgoymkspfth",DAL,79.0,322.0,2002-06-11,
00-0039342,0,0,0,0,0,0,0,0,0,0.0,0.0,0,1,0,0,0,-0.5305159189738333,32,60,341,3,1,-4.356419995572487,0,0,0,0,0.0,0,0,0,0,0,0,0,0,0,0,0,Xavier Legette,WR,WR,"https://static.www.nfl.com/image/upload/f_auto,q_auto/league/j4jj8rvgzji7zut86ux7",CAR,75.0,227.0,2001-01-29,
00-0039343,0,0,0,0,0,0,0,0,0,0.0,0.0,0,0,0,0,0,0.0,0,0,0,0,0,0.0,0,57,7,0,0.0,4,0,0,0,0,0,0,0,0,0,0,Kamari Lassiter,CB,DB,"https://static.www.nfl.com/image/upload/f_auto,q_auto/league/ats8cbxfzajzvwyzwsjb",HOU,72.0,180.0,2003-01-23,
00-0039345,0,0,0,0,0,0,0,0,0,0.0,0.0,0,0,0,0,0,0.0,0,0,0,0,0,0.0,0,30,0,0,0.0,0,0,0,0,0,0,0,0,0,0,0,Renardo Green,CB,DB,"https://static.www.nfl.com/image/upload/f_auto,q_auto/league/reoqk5hmsjugiaed55fk",SF,72.0,186.0,2000-11-09,
00-0039347,0,0,0,0,0,0,0,0,0,0.0,0.0,0,0,0,0,0,0.0,0,0,0,0,0,0.0,0,36,5,0,2.0,0,0,0,0,0,0,0,0,0,0,0,Trevin Wallace,LB,LB,"https://static.www.nfl.com/image/upload/f_auto,q_auto/league/m4dt3rza3lvzhhxsag4u",CAR,73.0,244.0,2003-02-22,
00-0039348,0,0,0,0,0,0,0,0,0,0.0,0.0,0,0,0,0,0,0.0,0,0,0,0,0,0.0,0,0,0,0,0.0,0,0,0,0,0,0,0,0,0,0,0,Cooper Beebe,C,OL,"https://static.www.nfl.com/image/upload/f_auto,q_auto/league/yiwgl1ijhwrkaz881r9r",DAL,76.0,330.0,2001-05-19,
00-0039349,0,0,0,0,0,0,0,0,0,0.0,0.0,0,0,0,0,0,0.0,0,0,0,0,0,0.0,0,0,0,0,0.0,0,0,0,0,0,0,0,0,0,0,0,DJ Glaze,OT,OL,"https://static.www.nfl.com/image/upload/f_auto,q_auto/league/yj1mdamgenemfg28e4b9",LV,76.0,331.0,2002-08-04,
00-0039351,0,0,0,0,0,0,0,0,0,0.0,0.0,0,0,0,0,0,0.0,0,0,0,0,0,0.0,0,1,0,0,0.0,0,0,0,0,0,0,0,0,0,0,0,Dominick Puni,OT,OL,"https://static.www.nfl.com/image/upload/f_auto,q_auto/league/ig3zuxuiem0nqnrytcls",SF,77.0,313.0,2000-02-24,
00-0039352,0,0,0,0,0,0,0,0,0,0.0,0.0,0,0,0,0,0,0.0,0,0,0,0,0,0.0,0,17,1,1,1.0,0,0,0,0,0,0,0,0,0,0,0,Marist Liufau,LB,LB,"https://static.www.nfl.com/image/upload/f_auto,q_auto/league/voinp0fsdncarxwbgrii",DAL,74.0,239.0,2001-02-09,
00-0039353,0,0,0,0,0,0,0,0,0,0.0,0.0,0,0,0,0,0,0.0,0,0,0,0,0,0.0,0,31,5,0,0.0,3,0,0,0,0,0,0,0,0,0,0,Jarrian Jones,CB,DB,"https://static.www.nfl.com/image/upload/f_auto,q_auto/league/h7p71pyzltv3nco6ktkj",JAX,71.0,190.0,2001-05-08,
00-0039354,0,0,0,0,0,0,0,0,0,0.0,0.0,0,0,0,0,0,0.0,0,0,0,0,0,0.0,0,0,0,0,0.0,0,0,0,0,0,0,0,0,0,0,0,McKinnley Jackson,DT,DL,"https://static.www.nfl.com/image/upload/f_auto,q_auto/league/qqi681wzmujua627n1db",CIN,74.0,330.0,2001-12-26,
00-0039355,0,0,0,0,0,0,0,0,0,0.0,0.0,0,0,0,0,0,0.0,11,15,203,3,0,9.45131037094779,0,2,0,0,0.0,0,0,0,0,0,0,26,769,0,0,0,Luke McCaffrey,WR,WR,"https://static.www.nfl.com/image/upload/f_auto,q_auto/league/iqzscuxu9lxjfhoyxsjg",WAS,74.0,195.0,2001-04-02,
00-0039356,0,0,0,0,0,0,0,0,0,0.0,0.0,0,0,0,0,0,0.0,29,34,190,1,0,4.4169948063615685,0,4,0,0,0.0,0,0,0,0,0,0,0,0,0,0,0,Ja'Tavion Sanders,TE,TE,"https://static.www.nfl.com/image/upload/f_auto,q_auto/league/le2akm1cbou170ioctxl",CAR,76.0,252.0,2003-03-27,
00-0039357,0,0,0,0,0,0,0,0,0,0.0,0.0,0,0,0,0,0,0.0,0,0,0,0,0,0.0,0,8,0,0,0.0,0,0,0,0,0,0,0,0,0,0,0,Decamerion Richardson,CB,DB,"https://static.www.nfl.com/image/upload/f_auto,q_auto/league/l2jarpo9v1hfsmcoqoeb",LV,74.0,192.0,2001-03-16,
00-0039358,0,0,0,0,0,0,0,0,0,0.0,0.0,0,0,0,0,0,0.0,0,0,0,0,0,0.0,0,0,0,0,0.0,0,0,0,0,0,0,0,0,0,0,0,Mason McCormick,G,OL,"https://static.www.nfl.com/image/upload/f_auto,q_auto/league/yp0vhffpxs7w9efy8nvh",PIT,77.0,315.0,2000-05-25,
00-0039359,0,0,0,0,0,0,0,0,0,0.0,0.0,0,4,3,0,0,-4.278519378392957,11,14,67,0,0,1.7556719401618468,0,1,0,0,0.0,0,0,0,0,0,0,0,0,0,0,0,Cade Stover,TE,TE,"https://static.www.nfl.com/image/upload/f_auto,q_auto/league/ltjwprbwuy9dtyz1dg7y",HOU,76.0,251.0,2000-06-12,
00-0039360,0,0,0,0,0,0,0,0,0,0.0,0.0,0,0,0,0,0,0.0,0,0,0,0,0,0.0,0,39,3,0,0.0,1,0,0,0,0,0,0,0,0,0,0,Malik Mustapha,SAF,DB,"https://static.www.nfl.com/image/upload/f_auto,q_auto/league/de6mruukp9ydyppi9ah6",SF,70.0,206.0,2002-06-25,
00-0039361,0,0,0,0,0,0,0,0,0,0.0,0.0,0,147,503,1,1,-32.14341969540692,29,33,264,3,0,8.210776427353267,0,0,0,0,0.0,0,0,0,0,0,0,0,0,0,0,0,Bucky Irving,RB,RB,"https://static.www.nfl.com/image/upload/f_auto,q_auto/league/hmgpumoxwhvrrkcjuuuw",TB,70.0,194.0,2002-08-19,
00-0039363,0,0,0,0,0,0,0,0,0,0.0,0.0,0,0,0,0,0,0.0,0,0,0,0,0,0.0,0,2,0,1,0.0,0,0,0,0,0,0,5,100,0,0,0,Isaac Guerendo,RB,RB,"https://static.www.nfl.com/image/upload/f_auto,q_auto/league/lr1qp5tsa5xshzt02urm",SF,72.0,221.0,2000-06-28,
00-0039364,0,0,0,0,0,0,0,0,0,0.0,0.0,0,1,4,0,0,-0.8815627752337605,0,0,0,0,0,0.0,0,6,0,0,0.0,0,0,0,0,0,0,2,39,0,0,0,Sione Vaki,RB,RB,"https://static.www.nfl.com/image/upload/f_auto,q_auto/league/jfy4vewdyadb6n1xj2ao",DET,71.0,216.0,2001-07-30,
00-0039366,0,0,0,0,0,0,0,0,0,0.0,0.0,0,0,0,0,0,0.0,0,0,0,0,0,0.0,0,33,4,0,0.0,0,0,0,0,5,36,0,0,0,0,0,Tarheeb Still,CB,DB,"https://static.www.nfl.com/image/upload/f_auto,q_auto/league/omjsmxcvxrgmkboiauhi",LAC,73.0,196.0,2002-06-09,
00-0039368,0,0,0,0,0,0,0,0,0,0.0,0.0,0,0,0,0,0,0.0,0,0,0,0,0,0.0,0,28,3,0,0.0,0,0,0,0,0,0,0,0,0,0,0,Jordan Magee,LB,LB,"https://static.www.nfl.com/image/upload/f_auto,q_auto/league/ixr3jyd3kfvwqa5qrawh",WAS,75.0,226.0,2001-03-24,
00-0039369,0,0,0,0,0,0,0,0,0,0.0,0.0,0,0,0,0,0,0.0,0,0,0,0,0,0.0,0,34,0,0,0.0,1,0,0,0,1,0,0,0,0,0,0,Cam Hart,CB,DB,"https://static.www.nfl.com/image/upload/f_auto,q_auto/league/noczkerfdcdkwl2copl0",LAC,74.0,207.0,2000-12-05,
00-0039370,0,0,0,0,0,0,0,0,0,0.0,0.0,0,0,0,0,0,0.0,0,0,0,0,0,0.0,0,12,1,0,0.0,0,0,0,0,0,0,0,0,0,0,0,JD Bertrand,LB,LB,"https://static.www.nfl.com/image/upload/f_auto,q_auto/league/aiooxohsxjemnkgprgqi",ATL,73.0,230.0,2000-05-05,
00-0039371,0,0,0,0,0,0,0,0,0,0.0,0.0,0,0,0,0,0,0.0,0,0,0,0,0,0.0,0,18,1,0,0.0,0,0,0,0,0,0,0,0,0,0,0,Kris Abrams-Draine,CB,DB,"https://static.www.nfl.com/image/upload/f_auto,q_auto/league/q96h765zxponbrs6cnon",DEN,71.0,178.0,2001-10-04,
00-0039372,0,0,0,0,0,0,0,0,0,0.0,0.0,0,0,0,0,0,0.0,0,0,0,0,0,0.0,0,33,3,1,0.0,0,0,0,0,0,0,0,0,0,0,0,Jarvis Brownlee Jr.,CB,DB,"https://static.www.nfl.com/image/upload/f_auto,q_auto/league/u9vm18mpoxmzhukikjy2",TEN,70.0,194.0,2001-07-13,
00-0039373,0,0,0,0,0,0,0,0,0,0.0,0.0,0,25,135,1,0,6.687566360516939,7,8,60,0,0,0.7815541296731681,0,0,0,0,0.0,0,0,0,0,0,0,0,0,0,0,0,Audric Estimé,RB,RB,"https://static.www.nfl.com/image/upload/f_auto,q_auto/league/lcoend1mysjfhl8f4rrt",NO,71.0,227.0,2003-09-06,
00-0039374,0,0,0,0,0,0,0,0,0,0.0,0.0,0,0,0,0,0,0.0,0,0,0,0,0,0.0,0,17,1,0,0.0,0,0,0,0,0,0,0,0,0,0,0,Tommy Eichenberg,LB,LB,"https://static.www.nfl.com/image/upload/f_auto,q_auto/league/nzujkx5ycu6leuz2ctie",LV,74.0,233.0,2001-01-11,
00-0039375,0,0,0,0,0,0,0,0,0,0.0,0.0,0,0,0,0,0,0.0,0,0,0,0,0,0.0,0,12,0,0,0.0,0,0,0,0,0,0,0,0,0,0,0,Josh Newton,CB,DB,"https://static.www.nfl.com/image/upload/f_auto,q_auto/league/imssw1izljtqvd1j1nbp",CIN,71.0,190.0,2000-09-14,
00-0039376,174,257,1586,8,5,18,-104,3,1,-21.49794801793607,22.532780363132634,0,31,167,0,1,8.639880268587266,1,2,0,0,0,-5.092498946818523,0,1,0,0,0.0,0,0,0,0,0,0,0,0,0,0,0,Spencer Rattler,QB,QB,"https://static.www.nfl.com/image/upload/f_auto,q_auto/league/uridusydmg6brwrmpmq6",NO,72.0,211.0,2000-09-28,
00-0039377,0,0,0,0,0,0,0,0,0,0.0,0.0,0,0,0,0,0,0.0,0,0,0,0,0,0.0,0,0,0,0,0.0,0,0,0,0,0,0,0,0,0,0,0,Jaylon Carlies,LB,LB,"https://static.www.nfl.com/image/upload/f_auto,q_auto/league/evxurqzj007jgszo4zxz",IND,75.0,227.0,2001-09-13,
00-0039379,0,0,0,0,0,0,0,0,0,0.0,0.0,0,0,0,0,0,0.0,10,15,107,0,0,2.350799160922179,0,0,0,0,0.0,0,0,0,0,0,0,0,0,0,0,0,Jamari Thrash,WR,WR,"https://static.www.nfl.com/image/upload/f_auto,q_auto/league/byihyhwwpltzyetas85a",CLE,72.0,190.0,2000-12-19,
00-0039380,0,0,0,0,0,0,0,0,0,0.0,0.0,0,0,0,0,0,0.0,0,0,0,0,0,0.0,0,40,1,0,0.0,1,1,0,0,0,0,0,0,0,0,0,Chau Smith-Wade,CB,DB,"https://static.www.nfl.com/image/upload/f_auto,q_auto/league/zaw1uynft16o6ltvxjpf",CAR,71.0,176.0,2002-09-17,
00-0039384,0,0,0,0,0,0,0,0,0,0.0,0.0,0,158,637,2,0,-10.837000448339971,28,39,232,1,0,0.40853960586039584,0,0,0,0,0.0,0,0,0,0,0,0,5,132,0,0,0,Tyrone Tracy Jr.,RB,RB,"https://static.www.nfl.com/image/upload/f_auto,q_auto/league/b9nje50lohbprf06xoom",NYG,71.0,210.0,1999-11-23,
00-0039387,0,0,0,0,0,0,0,0,0,0.0,0.0,0,0,0,0,0,0.0,0,0,0,0,0,0.0,0,8,0,0,0.0,0,0,0,0,0,0,0,0,0,0,0,Caelen Carson,CB,DB,"https://static.www.nfl.com/image/upload/f_auto,q_auto/league/fh2ndkpodlxgqtvlnrz4",DAL,72.0,198.0,2002-03-03,
00-0039388,0,0,0,0,0,0,0,0,0,0.0,0.0,0,0,0,0,0,0.0,0,0,0,0,0,0.0,0,4,0,0,0.0,0,0,0,0,0,0,0,0,0,0,0,Jaylan Ford,LB,LB,"https://static.www.nfl.com/image/upload/f_auto,q_auto/league/qns0y4mrxe7icohn5ewg",NO,74.0,240.0,2001-11-28,
00-0039389,0,0,0,0,0,0,0,0,0,0.0,0.0,0,0,0,0,0,0.0,0,0,0,0,0,0.0,0,2,0,0,0.0,0,0,0,0,0,0,0,0,0,0,0,Logan Lee,DT,DL,"https://static.www.nfl.com/image/upload/f_auto,q_auto/league/uqzerr2nojwkwimbldeq",PIT,77.0,286.0,2000-06-12,
00-0039391,0,0,0,0,0,0,0,0,0,0.0,0.0,0,152,631,3,1,-14.224502037945088,15,21,138,1,0,3.0186747030697187,0,2,0,0,0.0,0,0,0,0,0,0,8,177,0,0,0,Kimani Vidal,RB,RB,"https://static.www.nfl.com/image/upload/f_auto,q_auto/league/huwihtava8gkxzb4cxb8",LAC,68.0,215.0,2001-08-28,
00-0039394,0,0,0,0,0,0,0,0,0,0.0,0.0,0,0,0,0,0,0.0,6,14,94,0,0,3.7288784982520156,0,0,0,0,0.0,0,0,0,0,0,0,0,0,0,0,0,Casey Washington,WR,WR,"https://static.www.nfl.com/image/upload/f_auto,q_auto/league/wkoysykj4htld4yajljn",ATL,72.0,205.0,2001-03-06,
00-0039395,0,0,0,0,0,0,0,0,0,0.0,0.0,0,0,0,0,0,0.0,0,0,0,0,0,0.0,0,4,0,1,0.0,0,0,0,0,0,0,0,0,0,0,0,Jamal Hill,LB,LB,"https://static.www.nfl.com/image/upload/f_auto,q_auto/league/bgdos2dbar8m6nvgsnjd",HOU,72.0,226.0,2001-04-01,
00-0039396,0,0,0,0,0,0,0,0,0,0.0,0.0,0,0,0,0,0,0.0,0,0,0,0,0,0.0,0,1,0,0,0.0,0,0,0,0,0,0,0,0,0,0,0,Mekhi Wingo,DT,DL,"https://static.www.nfl.com/image/upload/f_auto,q_auto/league/ckvl3i75w2bockcqkaxs",DET,72.0,288.0,2003-04-17,
00-0039398,8,11,110,1,1,0,0,0,0,5.8422967145452285,37.185885310173035,0,1,7,0,1,-5.423354918370023,0,0,0,0,0,0.0,0,0,0,0,0.0,0,0,0,0,0,0,0,0,0,0,0,Joe Milton III,QB,QB,"https://static.www.nfl.com/image/upload/f_auto,q_auto/league/tsj9lobse1gxzanf39dt",DAL,77.0,246.0,2000-03-06,
00-0039400,0,0,0,0,0,0,0,0,0,0.0,0.0,0,0,0,0,0,0.0,0,0,0,0,0,0.0,0,1,0,0,0.5,0,0,0,0,0,0,0,0,0,0,0,Zion Logue,DT,DL,"https://static.www.nfl.com/image/upload/f_auto,q_auto/league/hjvgh6qokifb6ebk8y96",BUF,78.0,325.0,2001-07-13,
00-0039401,0,0,0,0,0,0,0,0,0,0.0,0.0,0,0,0,0,0,0.0,0,0,0,0,0,0.0,0,0,0,0,0.0,0,0,0,0,0,0,0,0,0,0,0,Khristian Boyd,DT,DL,"https://static.www.nfl.com/image/upload/f_auto,q_auto/league/fkztmzly7yp8zquuz1yc",NO,74.0,320.0,2000-02-23,
00-0039402,0,0,0,0,0,0,0,0,0,0.0,0.0,0,0,0,0,0,0.0,0,0,0,0,0,0.0,0,0,0,0,0.0,0,0,0,0,0,0,0,0,0,0,0,Jaden Crumedy,DT,DL,"https://static.www.nfl.com/image/upload/f_auto,q_auto/league/xmbnm0swk4oqrrnslrn5",CAR,76.0,309.0,2000-07-30,
00-0039404,0,0,0,0,0,0,0,0,0,0.0,0.0,0,0,0,0,0,0.0,0,0,0,0,0,0.0,0,2,0,0,0.0,0,0,0,0,0,0,0,0,30,32,0,Will Reichard,K,SPEC,"https://static.www.nfl.com/image/upload/f_auto,q_auto/league/r1g0mqxqc23tmqmgdbwm",MIN,73.0,190.0,2001-01-09,1.0
00-0039405,0,0,0,0,0,0,0,0,0,0.0,0.0,0,38,190,0,0,-5.256310445307111,7,7,34,0,0,0.3334045857191086,0,0,0,0,0.0,0,0,0,0,0,0,0,0,0,0,0,Jawhar Jordan,RB,RB,"https://static.www.nfl.com/image/upload/f_auto,q_auto/league/kyopmcyi4hzko3cxiaxy",HOU,70.0,186.0,1999-08-18,
00-0039407,0,0,0,0,0,0,0,0,0,0.0,0.0,0,7,9,0,0,-5.367791512806434,3,4,18,0,0,-0.7898677830817177,0,3,0,0,0.0,0,0,0,0,0,0,32,835,0,0,0,Dylan Laube,RB,RB,"https://static.www.nfl.com/image/upload/f_auto,q_auto/league/lpizdza73bgksstymv5t",LV,69.0,204.0,1999-12-14,
00-0039408,0,0,0,0,0,0,0,0,0,0.0,0.0,0,0,0,0,0,0.0,0,0,0,0,0,0.0,0,0,0,0,0.0,0,0,0,0,0,0,0,0,0,0,0,Christian Mahogany,G,OL,"https://static.www.nfl.com/image/upload/f_auto,q_auto/league/lsxh6dh5fkomkwvfjlwi",DET,75.0,327.0,2000-10-11,
00-0039409,0,0,0,0,0,0,0,0,0,0.0,0.0,0,0,0,0,0,0.0,0,0,0,0,0,0.0,0,0,0,0,0.0,0,0,0,0,0,0,0,0,28,32,0,Cam Little,K,SPEC,"https://static.www.nfl.com/image/upload/f_auto,q_auto/league/pfdod5cds77uznkotipk",JAX,73.0,172.0,2003-08-17,1.0
00-0039410,0,0,0,0,0,0,0,0,0,0.0,0.0,0,4,25,0,0,0.4728445687796921,35,49,407,4,0,24.710269639858133,0,3,0,0,0.0,0,0,0,0,0,0,0,0,0,0,0,Ryan Flournoy,WR,WR,"https://static.www.nfl.com/image/upload/f_auto,q_auto/league/tqwq3cgpqu7j9hzoyicx",DAL,73.0,205.0,1999-10-27,
00-0039411,0,0,0,0,0,0,0,0,0,0.0,0.0,0,0,0,0,0,0.0,0,0,0,0,0,0.0,0,0,0,0,0.0,0,0,0,0,0,0,0,0,0,0,0,Elijah Klein,G,OL,"https://static.www.nfl.com/image/upload/f_auto,q_auto/league/icvvhledvoxc3b4exs0f",TB,76.0,319.0,2000-04-08,
00-0039412,0,0,0,0,0,0,0,0,0,0.0,0.0,0,0,0,0,0,0.0,0,0,0,0,0,0.0,0,2,1,0,1.0,0,0,0,0,0,0,0,0,0,0,0,Javontae Jean-Baptiste,DE,DL,"https://static.www.nfl.com/image/upload/f_auto,q_auto/league/cgw1mirojztblwmhsz45",WAS,76.0,260.0,2000-05-16,
00-0039414,0,0,0,0,0,0,0,0,0,0.0,0.0,0,0,0,0,0,0.0,0,0,0,0,0,0.0,0,2,0,0,0.0,0,0,0,0,0,0,0,0,0,0,0,Daijahn Anthony,SAF,DB,"https://static.www.nfl.com/image/upload/f_auto,q_auto/league/wjjlh3vbqicqopz3qda7",CIN,72.0,200.0,2000-09-09,
00-0039416,0,0,0,0,0,0,0,0,0,0.0,0.0,0,0,0,0,0,0.0,0,0,0,0,0,0.0,0,1,0,0,0.0,0,0,0,0,0,0,0,0,0,0,0,Jaden Davis,DB,DB,"https://static.www.nfl.com/image/upload/f_auto,q_auto/league/i69ylzegiwwf1qarla1d",ARI,70.0,182.0,2001-07-18,
00-0039417,0,0,0,0,0,0,0,0,0,0.0,0.0,0,0,0,0,0,0.0,0,0,0,0,0,0.0,0,25,2,0,0.0,0,0,0,0,0,0,0,0,0,0,0,Myles Harden,CB,DB,"https://static.www.nfl.com/image/upload/f_auto,q_auto/league/r8uhacjplbkmlg2uoeou",CLE,71.0,195.0,2001-12-13,
00-0039419,0,0,0,0,0,0,0,0,0,0.0,0.0,0,0,0,0,0,0.0,0,0,0,0,0,0.0,0,0,0,0,0.0,0,0,0,0,0,0,0,0,0,0,0,Michael Jurgens,G,OL,"https://static.www.nfl.com/image/upload/f_auto,q_auto/league/f30ska1lnevapmv8vait",MIN,76.0,311.0,2000-01-01,
00-0039421,0,0,0,0,0,0,0,0,0,0.0,0.0,0,0,0,0,0,0.0,0,0,0,0,0,0.0,0,18,8,0,2.0,0,0,0,0,0,0,0,0,0,0,0,Levi Drake Rodriguez,DL,DL,"https://static.www.nfl.com/image/upload/f_auto,q_auto/league/omsedg4telmr0fvhhegj",MIN,74.0,307.0,2000-08-04,
00-0039422,0,0,0,0,0,0,0,0,0,0.0,0.0,0,0,0,0,0,0.0,0,0,0,0,0,0.0,0,0,0,0,0.0,0,0,0,0,0,0,0,0,0,0,0,Nathan Thomas,OT,OL,"https://static.www.nfl.com/image/upload/f_auto,q_auto/league/eqezy9smygtojjoshtgt",DAL,77.0,330.0,2001-08-22,
00-0039423,0,0,0,0,0,0,0,0,0,0.0,0.0,0,0,0,0,0,0.0,0,0,0,0,0,0.0,0,19,8,0,4.0,0,0,0,0,0,0,0,0,0,0,0,Jonah Laulu,DT,DL,"https://static.www.nfl.com/image/upload/f_auto,q_auto/league/zqjhfs8ufqncqsiuobgh",LV,77.0,289.0,2000-06-30,
00-0039424,0,0,0,0,0,0,0,0,0,0.0,0.0,0,0,0,0,0,0.0,25,39,293,2,0,16.811545222313843,0,1,0,0,0.0,0,0,0,0,0,0,0,0,0,0,0,Devaughn Vele,WR,WR,"https://static.www.nfl.com/image/upload/f_auto,q_auto/league/sxlrltvxbb2utwgjgdbt",NO,77.0,210.0,1997-12-12,
00-0039430,0,0,0,0,0,0,0,0,0,0.0,0.0,0,0,0,0,0,0.0,0,0,0,0,0,0.0,0,19,2,0,1.0,0,0,0,0,0,0,0,0,0,0,0,James Williams,LB,LB,"https://static.www.nfl.com/image/upload/f_auto,q_auto/league/r31rpfa1ju3bqddeuhom",TEN,76.0,232.0,2003-02-15,
00-0039431,0,0,0,0,0,0,0,0,0,0.0,0.0,0,0,0,0,0,0.0,0,0,0,0,0,0.0,0,17,7,1,4.0,0,0,0,0,0,0,0,0,0,0,0,Jowon Briggs,DE,DL,"https://static.www.nfl.com/image/upload/f_auto,q_auto/league/emqn6acxlbepnozv0cll",NYJ,73.0,313.0,2001-09-01,
00-0039435,0,0,0,0,0,0,0,0,0,0.0,0.0,0,0,0,0,0,0.0,0,0,0,0,0,0.0,0,35,3,0,0.0,0,0,0,0,0,0,0,0,0,0,0,Tatum Bethune,LB,LB,"https://static.www.nfl.com/image/upload/f_auto,q_auto/league/hbmwbevay9amntpkvfbt",SF,72.0,230.0,2001-02-19,
00-0039436,0,0,0,0,0,0,0,0,0,0.0,0.0,0,0,0,0,0,0.0,0,0,0,0,0,0.0,0,12,4,1,3.5,0,0,0,0,0,0,0,0,0,0,0,Jaylen Harrell,LB,LB,"https://static.www.nfl.com/image/upload/f_auto,q_auto/league/bchqpne0r2pz0plq34pv",TEN,76.0,247.0,2002-05-01,
00-0039442,0,0,0,0,0,0,0,0,0,0.0,0.0,0,0,0,0,0,0.0,0,0,0,0,0,0.0,0,0,0,0,0.0,0,0,0,0,0,0,0,0,0,0,0,Kingsley Eguakun,C,OL,"https://static.www.nfl.com/image/upload/f_auto,q_auto/league/tybhcfzdfccvnxz4labx",DET,75.0,305.0,2001-03-23,
00-0039445,0,0,0,0,0,0,0,0,0,0.0,0.0,0,0,0,0,0,0.0,0,0,0,0,0,0.0,0,0,0,0,0.0,0,0,0,0,0,0,0,0,0,0,0,Hogan Hatten,LS,SPEC,"https://static.www.nfl.com/image/upload/f_auto,q_auto/league/kgeurwp926ca1jb9ohyg",DET,74.0,239.0,2000-08-06,
00-0039448,0,0,0,0,0,0,0,0,0,0.0,0.0,0,0,0,0,0,0.0,0,0,0,0,0,0.0,0,1,0,0,0.0,0,0,0,0,0,0,0,0,0,0,0,Loren Strickland,SAF,DB,"https://static.www.nfl.com/image/upload/f_auto,q_auto/league/mdjbxwe641g71egv02ru",DET,70.0,202.0,2000-05-31,
00-0039451,0,1,0,0,0,0,0,0,0,-0.8187713430379517,-61.947101354599,0,3,34,0,0,1.584227955318056,21,29,169,0,0,2.4470037993495626,2,0,0,0,0.0,0,0,0,0,28,396,23,695,0,0,0,Isaiah Williams,WR,WR,"https://static.www.nfl.com/image/upload/f_auto,q_auto/league/oh3pm7dzgswlgxn371tx",NYJ,70.0,185.0,2001-01-29,
00-0039458,0,0,0,0,0,0,0,0,0,0.0,0.0,0,0,0,0,0,0.0,3,4,42,0,0,2.8747437677229755,0,1,0,0,0.0,0,0,0,0,0,0,0,0,0,0,0,Brenden Bates,TE,TE,"https://static.www.nfl.com/image/upload/f_auto,q_auto/league/th1klervgxrienmlierf",HOU,77.0,255.0,1999-10-16,
00-0039459,0,0,0,0,0,0,0,0,0,0.0,0.0,0,0,0,0,0,0.0,0,0,0,0,0,0.0,0,0,0,0,0.0,0,0,0,0,0,0,0,0,0,0,0,Theo Benedet,OT,OL,"https://static.www.nfl.com/image/upload/f_auto,q_auto/league/b1obftpy4k1rwqtp9gec",CHI,79.0,305.0,2001-12-10,
00-0039460,0,0,0,0,0,0,0,0,0,0.0,0.0,0,0,0,0,0,0.0,0,0,0,0,0,0.0,0,3,0,0,0.0,0,0,0,0,0,0,0,0,0,0,0,Carl Jones,LB,LB,"https://static.www.nfl.com/image/upload/f_auto,q_auto/league/a4lmh1641vpgogdu5hfy",CHI,72.0,223.0,2001-08-08,
00-0039465,0,0,0,0,0,0,0,0,0,0.0,0.0,0,0,0,0,0,0.0,0,0,0,0,0,0.0,0,35,5,1,1.5,0,0,0,0,0,0,0,0,0,0,0,Reddy Steward,DB,DB,"https://static.www.nfl.com/image/upload/f_auto,q_auto/league/augbl90tb3qkkev6e0kq",DAL,71.0,178.0,2001-05-04,
00-0039480,0,0,0,0,0,0,0,0,0,0.0,0.0,0,0,0,0,0,0.0,0,0,0,0,0,0.0,0,4,0,0,0.0,0,0,0,0,0,0,0,0,0,0,0,Jordan Colbert,SAF,DB,"https://static.www.nfl.com/image/upload/f_auto,q_auto/league/vzwrdqknqaz09r8s2wcu",MIA,74.0,218.0,2000-03-18,
00-0039481,0,0,0,0,0,0,0,0,0,0.0,0.0,0,0,0,0,0,0.0,0,0,0,0,0,0.0,0,0,0,0,0.0,0,0,0,0,0,0,0,0,0,0,0,Storm Duck,CB,DB,"https://static.www.nfl.com/image/upload/f_auto,q_auto/league/pas8heqf372ppqigvcoi",MIA,72.0,195.0,2000-12-15,
00-0039483,0,0,0,0,0,0,0,0,0,0.0,0.0,0,0,0,0,0,0.0,0,0,0,0,0,0.0,0,3,0,0,0.0,0,0,0,0,0,0,0,0,0,0,0,Isaiah Johnson,CB,DB,"https://static.www.nfl.com/image/upload/f_auto,q_auto/league/z8wqepet6gpcqnhehgyj",MIA,75.0,205.0,2000-03-29,
00-0039485,0,0,0,0,0,0,0,0,0,0.0,0.0,0,0,0,0,0,0.0,0,0,0,0,0,0.0,0,0,0,0,0.0,0,0,0,0,0,0,0,0,0,0,0,Andrew Meyer,C,OL,"https://static.www.nfl.com/image/upload/f_auto,q_auto/league/vhq8muro7sjixsgpmlux",MIA,75.0,295.0,2000-01-14,
00-0039489,0,0,0,0,0,0,0,0,0,0.0,0.0,0,0,0,0,0,0.0,0,0,0,0,0,0.0,0,0,0,0,0.0,0,0,0,0,0,0,0,0,0,0,0,Hayden Rucci,TE,TE,"https://static.www.nfl.com/image/upload/f_auto,q_auto/league/ditkdfxzbjpe6cqcv2ou",MIA,77.0,247.0,2001-01-27,
00-0039491,0,0,0,0,0,0,0,0,0,0.0,0.0,0,0,0,0,0,0.0,27,36,347,2,1,21.86081476157438,0,0,0,0,0.0,0,0,0,0,0,0,0,0,0,0,0,Jalen Coker,WR,WR,"https://static.www.nfl.com/image/upload/f_auto,q_auto/league/tbo339znpzrfki8hri95",CAR,75.0,213.0,2001-10-30,
00-0039498,0,0,0,0,0,0,0,0,0,0.0,0.0,0,0,0,0,0,0.0,0,0,0,0,0,0.0,0,0,0,0,0.0,0,0,0,0,0,0,0,0,9,10,0,Harrison Mevis,K,SPEC,"https://static.www.nfl.com/image/upload/f_auto,q_auto/league/llxz144jnuzivgcvbxrl",LA,72.0,245.0,2002-03-27,1.0
00-0039513,0,0,0,0,0,0,0,0,0,0.0,0.0,0,0,0,0,0,0.0,0,0,0,0,0,0.0,0,1,0,0,0.0,0,0,0,0,0,0,0,0,0,0,0,Chris Edmonds,SAF,DB,"https://static.www.nfl.com/image/upload/f_auto,q_auto/league/fvujgol1xqagsysqgveu",CLE,74.0,210.0,2001-07-16,
00-0039521,0,0,0,0,0,0,0,0,0,0.0,0.0,0,0,0,0,0,0.0,7,13,67,0,0,1.14794683235327,0,0,0,0,0.0,0,0,0,0,0,0,2,51,0,0,0,Xavier Weaver,WR,WR,"https://static.www.nfl.com/image/upload/f_auto,q_auto/league/bevrgazhjzigxagrb0qo",ARI,73.0,185.0,2000-10-12,
00-0039530,0,0,0,0,0,0,0,0,0,0.0,0.0,0,0,0,0,0,0.0,7,10,60,1,0,1.9539701825124212,0,9,0,0,0.0,0,0,0,0,0,0,0,0,0,0,0,Brevyn Spann-Ford,TE,TE,"https://static.www.nfl.com/image/upload/f_auto,q_auto/league/tsblwzvfsxuvohhfagls",DAL,79.0,270.0,1999-12-27,
00-0039544,0,0,0,0,0,0,0,0,0,0.0,0.0,0,0,0,0,0,0.0,0,0,0,0,0,0.0,0,0,0,0,0.0,0,0,0,0,0,0,0,0,0,0,0,Will Putnam,C,OL,"https://static.www.nfl.com/image/upload/f_auto,q_auto/league/clwvsywtoyawl9dhn7gv",LV,76.0,301.0,2000-08-13,
00-0039568,0,0,0,0,0,0,0,0,0,0.0,0.0,0,0,0,0,0,0.0,0,0,0,0,0,0.0,0,0,0,0,0.0,0,0,0,0,0,0,0,0,0,0,0,Frank Crum,OT,OL,"https://static.www.nfl.com/image/upload/f_auto,q_auto/league/nqmf9kmlsjtxbahxjzd7",DEN,79.0,315.0,2000-05-14,
00-0039576,0,0,0,0,0,0,0,0,0,0.0,0.0,0,0,0,0,0,0.0,0,0,0,0,0,0.0,0,0,0,0,0.0,0,0,0,0,0,0,0,0,13,14,0,Spencer Shrader,K,SPEC,"https://static.www.nfl.com/image/upload/f_auto,q_auto/league/i63zrj1idnss37cpe1yo",IND,74.0,201.0,1999-05-19,1.0
00-0039577,1,2,-2,0,0,0,0,0,0,-2.1466314259450883,-63.62362504005432,0,0,0,0,0,0.0,0,0,0,0,0,0.0,0,0,0,0,0.0,0,0,0,0,0,0,0,0,0,0,0,Kedon Slovis,QB,QB,"https://static.www.nfl.com/image/upload/f_auto,q_auto/league/nyfoex8q88tq9fatpleo",ARI,74.0,223.0,2001-04-11,
00-0039578,0,0,0,0,0,0,0,0,0,0.0,0.0,0,0,0,0,0,0.0,0,0,0,0,0,0.0,0,0,0,0,0.0,0,0,0,0,0,0,0,0,0,0,0,Dalton Tucker,G,OL,"https://static.www.nfl.com/image/upload/f_auto,q_auto/league/ikcln549vz9d3uekqa1k",IND,78.0,307.0,2000-03-18,
00-0039589,0,0,0,0,0,0,0,0,0,0.0,0.0,0,2,13,0,0,0.060002280923072304,4,7,64,1,0,0.5218187012884643,0,3,0,0,0.0,0,0,2,0,26,291,27,685,0,0,0,Kameron Johnson,WR,WR,"https://static.www.nfl.com/image/upload/f_auto,q_auto/league/ms7auybbkq1nwbd2ev0d",TB,70.0,170.0,2002-03-17,
00-0039596,0,0,0,0,0,0,0,0,0,0.0,0.0,0,0,0,0,0,0.0,0,0,0,0,0,0.0,0,1,0,0,0.0,0,0,0,0,0,0,0,0,0,0,0,Rashad Wisdom,SAF,DB,"https://static.www.nfl.com/image/upload/f_auto,q_auto/league/b1tsjkgvh7sb3yaxpexg",TB,69.0,210.0,2001-06-06,
00-0039601,0,0,0,0,0,0,0,0,0,0.0,0.0,0,0,0,0,0,0.0,0,0,0,0,0,0.0,0,3,0,0,0.0,0,0,0,0,0,0,0,0,0,0,0,Demani Richardson,SAF,DB,"https://static.www.nfl.com/image/upload/f_auto,q_auto/league/tpjhwnupzg65sx5zyzbx",CAR,73.0,215.0,2000-10-07,
00-0039603,0,0,0,0,0,0,0,0,0,0.0,0.0,0,4,15,0,0,2.235912221018225,0,0,0,0,0,0.0,0,6,0,0,0.0,0,0,0,0,0,0,0,0,0,0,0,British Brooks,RB,RB,"https://static.www.nfl.com/image/upload/f_auto,q_auto/league/wpjous6xnyvfbuoupdqd",HOU,71.0,225.0,1999-11-18,
00-0039620,0,0,0,0,0,0,0,0,0,0.0,0.0,0,0,0,0,0,0.0,0,0,0,0,0,0.0,0,2,0,0,0.0,0,0,0,0,0,0,0,0,0,0,0,Rico Payton,CB,DB,"https://static.www.nfl.com/image/upload/f_auto,q_auto/league/heykcojxfu8pgciqrlqp",NYG,72.0,182.0,1999-11-28,
00-0039622,0,0,0,0,0,0,0,0,0,0.0,0.0,0,0,0,0,0,0.0,0,0,0,0,0,0.0,0,12,2,0,2.0,0,0,0,0,0,0,0,0,0,0,0,Isaiah Stalbird,LB,LB,"https://static.www.nfl.com/image/upload/f_auto,q_auto/league/seronol9msa4ijg9saj8",NO,73.0,215.0,2000-07-18,
00-0039623,0,0,0,0,0,0,0,0,0,0.0,0.0,0,4,18,0,1,-1.3791871984722093,11,17,76,0,0,-7.460746831760796,0,0,0,0,0.0,0,0,0,0,0,0,12,378,0,0,0,Mason Tipton,WR,WR,"https://static.www.nfl.com/image/upload/f_auto,q_auto/league/ec09iyl2olrttgosoo8i",NO,71.0,187.0,2000-09-27,
00-0039631,0,0,0,0,0,0,0,0,0,0.0,0.0,0,0,0,0,0,0.0,2,2,7,0,1,-0.35162100242450833,0,0,0,0,0.0,0,0,0,0,0,0,0,0,0,0,0,Cam Grandy,TE,TE,"https://static.www.nfl.com/image/upload/f_auto,q_auto/league/uay5dmniqx1baal3q3uu",CIN,77.0,253.0,1999-11-19,
00-0039632,0,0,0,0,0,0,0,0,0,0.0,0.0,0,0,0,0,0,0.0,0,0,0,0,0,0.0,0,8,1,0,0.0,0,0,0,0,0,0,0,0,0,0,0,PJ Jules,SAF,DB,"https://static.www.nfl.com/image/upload/f_auto,q_auto/league/mdsohdnjax1gfb2nq0sv",CIN,72.0,203.0,2001-05-14,
00-0039634,1,1,3,0,0,0,0,0,0,2.856503788847476,25.87047815322876,0,0,0,0,0,0.0,0,0,0,0,0,0.0,0,0,0,0,0.0,0,0,0,0,0,0,0,0,0,0,0,Austin McNamara,P,SPEC,"https://static.www.nfl.com/image/upload/f_auto,q_auto/league/d1jzdrpscex7eoxlha6o",NYJ,76.0,204.0,2001-02-24,
00-0039637,0,0,0,0,0,0,0,0,0,0.0,0.0,0,0,0,0,0,0.0,0,0,0,0,0,0.0,0,3,0,0,0.0,0,0,0,0,0,0,0,0,0,0,0,Maema Njongmeta,LB,LB,"https://static.www.nfl.com/image/upload/f_auto,q_auto/league/aik3wm5jyjce87g81saz",CAR,72.0,232.0,2001-03-09,
00-0039648,0,0,0,0,0,0,0,0,0,0.0,0.0,0,0,0,0,0,0.0,3,3,16,1,0,1.6591232922510244,0,5,0,0,0.0,0,0,0,0,0,0,0,0,0,0,0,David Martin-Robinson,TE,TE,"https://static.www.nfl.com/image/upload/f_auto,q_auto/league/yaqmqzscsglgylchv7ez",TEN,75.0,247.0,1999-12-26,
00-0039650,0,0,0,0,0,0,0,0,0,0.0,0.0,0,0,0,0,0,0.0,1,1,8,0,0,0.5178800749126822,0,1,0,0,0.0,0,0,0,0,0,0,0,0,0,0,0,Bryce Oliver,WR,WR,"https://static.www.nfl.com/image/upload/f_auto,q_auto/league/w8z5zvas0nli3yekxw7w",TEN,73.0,214.0,2000-05-19,
00-0039660,0,0,0,0,0,0,0,0,0,0.0,0.0,0,0,0,0,0,0.0,0,0,0,0,0,0.0,0,26,1,1,0.0,1,0,0,0,0,0,0,0,0,0,0,Thomas Harper,SAF,DB,"https://static.www.nfl.com/image/upload/f_auto,q_auto/league/bdyujpkrppbqewigjqz5",DET,70.0,195.0,2000-11-05,
00-0039676,0,0,0,0,0,0,0,0,0,0.0,0.0,0,0,0,0,0,0.0,0,0,0,0,0,0.0,0,0,0,0,0.0,0,0,0,0,0,0,0,0,0,0,0,Chigozie Anusiem,DB,DB,"https://static.www.nfl.com/image/upload/f_auto,q_auto/league/pp6vsmzyplbm98g2srpp",LV,73.0,200.0,2000-11-05,
00-0039681,0,0,0,0,0,0,0,0,0,0.0,0.0,0,0,0,0,0,0.0,0,0,0,0,0,0.0,0,9,0,0,0.0,0,0,0,0,0,0,0,0,0,0,0,Tyler Owens,SAF,DB,"https://static.www.nfl.com/image/upload/f_auto,q_auto/league/gu2idezjli59r53v2wcf",WAS,74.0,213.0,2001-05-12,
00-0039686,0,0,0,0,0,0,0,0,0,0.0,0.0,0,0,0,0,0,0.0,2,3,18,0,0,2.841570207849145,0,4,0,0,0.0,0,0,0,0,0,0,0,0,0,0,0,Colson Yankoff,TE,TE,"https://static.www.nfl.com/image/upload/f_auto,q_auto/league/h26w7a1eousqky5ncxlc",WAS,76.0,225.0,2000-03-01,
00-0039692,0,0,0,0,0,0,0,0,0,0.0,0.0,0,0,0,0,0,0.0,0,0,0,0,0,0.0,0,10,1,1,1.0,0,0,0,0,0,0,0,0,0,0,0,Dell Pettus,SAF,DB,"https://static.www.nfl.com/image/upload/f_auto,q_auto/league/omllcau4s0bifkgcxom1",NE,71.0,200.0,2001-06-02,
00-0039714,0,0,0,0,0,0,0,0,0,0.0,0.0,0,0,0,0,0,0.0,0,0,0,0,0,0.0,0,0,0,0,0.0,0,0,0,0,0,0,0,0,0,0,0,Dwight McGlothern,CB,DB,"https://static.www.nfl.com/image/upload/f_auto,q_auto/league/x8pdiatwc5de3xsv2sis",MIN,74.0,185.0,2002-02-06,
00-0039715,0,0,0,0,0,0,0,0,0,0.0,0.0,0,0,0,0,0,0.0,0,0,0,0,0,0.0,0,0,0,0,0.0,0,0,0,0,0,0,0,0,0,0,0,Gabriel Murphy,LB,LB,"https://static.www.nfl.com/image/upload/f_auto,q_auto/league/ns5f5xol9gjdj22uz3dl",MIN,74.0,247.0,2000-10-13,
00-0039718,0,0,0,0,0,0,0,0,0,0.0,0.0,0,0,0,0,0,0.0,0,0,0,0,0,0.0,0,5,0,0,0.0,0,0,0,0,0,0,0,0,0,0,0,Bo Richter,LB,LB,"https://static.www.nfl.com/image/upload/f_auto,q_auto/league/ojvyvjqz4svgyxo8oxbm",MIN,73.0,248.0,2000-08-13,
00-0039731,0,0,0,0,0,0,0,0,0,0.0,0.0,0,0,0,0,0,0.0,0,0,0,0,0,0.0,0,0,0,0,0.0,0,0,0,0,0,0,0,0,0,0,0,JC Latham,OT,OL,"https://static.www.nfl.com/image/upload/f_auto,q_auto/league/w7zgtcktgcxgkbc7zdti",TEN,78.0,342.0,2003-02-08,
00-0039732,374,589,3790,25,11,18,-102,2,1,69.07366329499801,-6.19862303398759,4,75,307,5,2,4.9524551633200335,0,1,0,0,0,-0.4586076693958603,0,0,0,0,0.0,0,0,0,0,0,0,0,0,0,0,0,Bo Nix,QB,QB,"https://static.www.nfl.com/image/upload/f_auto,q_auto/league/igirshmrr6lqtxcpxsea",DEN,74.0,217.0,2000-02-25,
00-0039733,0,0,0,0,0,0,0,0,0,0.0,0.0,0,0,0,0,0,0.0,0,0,0,0,0,0.0,0,11,4,0,3.5,0,0,0,0,0,0,0,0,0,0,0,Ruke Orhorhoro,DT,DL,"https://static.www.nfl.com/image/upload/f_auto,q_auto/league/erx6ismqu4gmu2dy6hq2",ATL,76.0,294.0,2001-10-13,
00-0039734,0,0,0,0,0,0,0,0,0,0.0,0.0,0,0,0,0,0,0.0,0,0,0,0,0,0.0,0,9,3,0,2.0,0,0,0,0,0,0,0,0,0,0,0,Braden Fiske,DE,DL,"https://static.www.nfl.com/image/upload/f_auto,q_auto/league/eviqsptyuqhpsxjcann2",LA,77.0,291.0,2000-01-18,
00-0039735,0,0,0,0,0,0,0,0,0,0.0,0.0,0,0,0,0,0,0.0,0,0,0,0,0,0.0,0,2,0,0,0.0,0,0,0,0,0,0,0,0,0,0,0,Jackson Powers-Johnson,G,OL,"https://static.www.nfl.com/image/upload/f_auto,q_auto/league/o2lpxcphdigzwbjr12jh",LV,75.0,325.0,2003-01-23,
00-0039736,0,0,0,0,0,0,0,0,0,0.0,0.0,0,0,0,0,0,0.0,0,0,0,0,0,0.0,0,0,0,0,0.0,0,0,0,0,0,0,0,0,0,0,0,Matt Goncalves,OT,OL,"https://static.www.nfl.com/image/upload/f_auto,q_auto/league/n432zjyizpchrcgyg0if",IND,78.0,317.0,2001-01-26,
00-0039737,0,0,0,0,0,0,0,0,0,0.0,0.0,0,0,0,0,0,0.0,3,5,18,0,0,0.006676648568827659,0,0,0,0,0.0,0,0,0,0,0,0,0,0,0,0,0,Tip Reiman,TE,TE,"https://static.www.nfl.com/image/upload/f_auto,q_auto/league/ep1rsbi0visivscxnezd",ARI,77.0,271.0,2001-09-17,
00-0039738,0,0,0,0,0,0,0,0,0,0.0,0.0,0,132,687,6,0,15.229910562833538,7,13,26,0,0,-6.296763779886533,0,2,0,0,0.0,0,0,0,0,0,0,13,326,0,0,0,Blake Corum,RB,RB,"https://static.www.nfl.com/image/upload/f_auto,q_auto/league/gytdgnrjj3jk8rlfxz85",LA,68.0,210.0,2000-11-25,
00-0039739,0,0,0,0,0,0,0,0,0,0.0,0.0,0,0,0,0,0,0.0,12,21,166,2,1,4.069125154677603,0,1,0,0,0.0,0,0,0,0,0,0,0,0,0,0,0,Roman Wilson,WR,WR,"https://static.www.nfl.com/image/upload/f_auto,q_auto/league/kcwymznjg9q8n8i7f4rc",PIT,70.0,186.0,2001-06-19,
00-0039740,0,0,0,0,0,0,0,0,0,0.0,0.0,0,0,0,0,0,0.0,0,0,0,0,0,0.0,0,25,9,2,6.5,2,1,0,0,0,0,0,0,0,0,0,Jalyx Hunt,LB,LB,"https://static.www.nfl.com/image/upload/f_auto,q_auto/league/cg8yroxxd3znnkt894rm",PHI,75.0,252.0,2001-03-13,
00-0039741,0,0,0,0,0,0,0,0,0,0.0,0.0,0,0,0,0,0,0.0,0,0,0,0,0,0.0,0,73,6,0,2.0,1,0,0,0,0,0,0,0,0,0,0,Payton Wilson,LB,LB,"https://static.www.nfl.com/image/upload/f_auto,q_auto/league/n9it3axjeciqsxirtize",PIT,76.0,242.0,2000-04-21,
00-0039743,0,0,0,0,0,0,0,0,0,0.0,0.0,0,0,0,0,0,0.0,0,0,0,0,0,0.0,0,0,0,0,0.0,0,0,0,0,0,0,0,0,0,0,0,Jordan Jefferson,DT,DL,"https://static.www.nfl.com/image/upload/f_auto,q_auto/league/lky3oayjpet8c7dpniwb",CIN,74.0,316.0,2001-09-24,
00-0039744,0,0,0,0,0,0,0,0,0,0.0,0.0,0,0,0,0,0,0.0,0,0,0,0,0,0.0,0,1,0,0,0.0,0,0,0,0,0,0,0,0,0,0,0,Tanor Bortolini,C,OL,"https://static.www.nfl.com/image/upload/f_auto,q_auto/league/l2a99kq58evu0ykaabaj",IND,76.0,303.0,2002-06-17,
00-0039745,0,0,0,0,0,0,0,0,0,0.0,0.0,0,0,0,0,0,0.0,0,0,0,0,0,0.0,0,1,0,0,0.0,0,0,0,0,0,0,0,0,0,0,0,Tory Taylor,P,SPEC,"https://static.www.nfl.com/image/upload/f_auto,q_auto/league/hzzvpzjiab6znxvkp6la",CHI,76.0,223.0,1997-07-10,
00-0039746,0,0,0,0,0,0,0,0,0,0.0,0.0,0,13,47,0,0,-2.911168223216122,7,9,45,0,0,-4.07637746387627,0,7,0,1,0.0,0,0,0,0,0,0,27,722,0,0,0,Will Shipley,RB,RB,"https://static.www.nfl.com/image/upload/f_auto,q_auto/league/rdps3spkhbztc2mbd6ty",PHI,71.0,210.0,2002-08-29,
00-0039749,0,0,0,0,0,0,0,0,0,0.0,0.0,0,0,0,0,0,0.0,0,0,0,0,0,0.0,0,14,1,0,1.0,0,0,0,0,0,0,0,0,0,0,0,Tyler Davis,DE,DL,"https://static.www.nfl.com/image/upload/f_auto,q_auto/league/jbwaqwv5imuhydw4vkzc",LA,74.0,300.0,2000-11-01,
00-0039750,0,1,0,0,0,0,0,0,0,0.0,0.0,0,0,0,0,0,0.0,0,0,0,0,0,0.0,0,1,0,0,0.0,0,0,0,0,0,0,0,0,10,15,2,Joshua Karty,K,SPEC,"https://static.www.nfl.com/image/upload/f_auto,q_auto/league/j51z79en8vs3qdgkvnn5",LA,74.0,208.0,2002-03-07,1.0
00-0039751,0,0,0,0,0,0,0,0,0,0.0,0.0,0,3,12,0,0,0.2360134066548198,18,25,171,0,0,2.5636294847566576,0,1,0,0,0.0,0,0,0,0,0,0,17,434,0,0,0,Jordan Whittington,WR,WR,"https://static.www.nfl.com/image/upload/f_auto,q_auto/league/w5h5q9jwyaimdjlnracx",LA,73.0,202.0,2000-10-01,
00-0039752,0,0,0,0,0,0,0,0,0,0.0,0.0,0,0,0,0,0,0.0,0,0,0,0,0,0.0,0,9,1,0,1.0,0,0,0,0,0,0,0,0,0,0,0,Cedric Johnson,DE,DL,"https://static.www.nfl.com/image/upload/f_auto,q_auto/league/y8vnhfnnacug6nhwgg91",CIN,75.0,264.0,2002-09-06,
00-0039753,0,0,0,0,0,0,0,0,0,0.0,0.0,0,0,0,0,0,0.0,0,0,0,0,0,0.0,0,0,0,0,0.0,0,0,0,0,0,0,0,0,0,0,0,Beaux Limmer,G,OL,"https://static.www.nfl.com/image/upload/f_auto,q_auto/league/bopewz77rbml5wtk6k9g",LA,77.0,312.0,2001-06-10,
00-0039754,0,0,0,0,0,0,0,0,0,0.0,0.0,0,0,0,0,0,0.0,1,1,6,1,0,1.7139679592801258,0,1,0,0,0.0,0,0,0,0,0,0,0,0,0,0,0,Devin Culp,TE,TE,"https://static.www.nfl.com/image/upload/f_auto,q_auto/league/p5mk3qxwrbwdr3y3kt6u",TB,76.0,237.0,2000-02-02,
00-0039755,0,0,0,0,0,0,0,0,0,0.0,0.0,0,0,0,0,0,0.0,0,0,0,0,0,0.0,0,1,0,0,0.0,0,0,0,0,0,0,0,0,0,0,0,KT Leveston,OT,OL,"https://static.www.nfl.com/image/upload/f_auto,q_auto/league/rxb4bdtphlyualqund7c",CLE,76.0,335.0,1999-10-28,
00-0039757,0,0,0,0,0,0,0,0,0,0.0,0.0,0,23,73,1,0,2.392007042071782,1,1,9,0,0,0.6562925265170634,0,1,0,0,0.0,0,0,0,0,0,0,2,59,0,0,0,Terrell Jennings,RB,RB,"https://static.www.nfl.com/image/upload/f_auto,q_auto/league/iddgabjbju6ye5s9mmjg",NE,72.0,217.0,2001-01-03,
00-0039763,0,0,0,0,0,0,0,0,0,0.0,0.0,0,0,0,0,0,0.0,0,0,0,0,0,0.0,0,11,0,0,0.0,0,0,0,0,0,0,0,0,0,0,0,Joe Andreessen,LB,LB,"https://static.www.nfl.com/image/upload/f_auto,q_auto/league/dxjiepgx7txqoyftigxy",BUF,72.0,232.0,2000-02-07,
00-0039764,0,0,0,0,0,0,0,0,0,0.0,0.0,0,0,0,0,0,0.0,0,0,0,0,0,0.0,0,0,0,0,0.0,0,0,0,0,0,0,0,0,0,0,0,Elijah Chatman,DT,DL,"https://static.www.nfl.com/image/upload/f_auto,q_auto/league/cal1mv8sgmirpeamwt40",NYG,72.0,278.0,2000-12-05,
00-0039770,0,0,0,0,0,0,0,0,0,0.0,0.0,0,0,0,0,0,0.0,0,0,0,0,0,0.0,0,9,0,0,0.0,0,0,0,0,0,0,0,0,0,0,0,Charles Woods,CB,DB,"https://static.www.nfl.com/image/upload/f_auto,q_auto/league/ykruciq8bomy0ez2t7gc",NE,71.0,185.0,2000-06-17,
00-0039772,0,0,0,0,0,0,0,0,0,0.0,0.0,0,0,0,0,0,0.0,0,0,0,0,0,0.0,0,18,0,0,0.0,1,0,0,0,0,0,0,0,0,0,0,Josh Wallace,CB,DB,"https://static.www.nfl.com/image/upload/f_auto,q_auto/league/budszyjdjn52puloxjc7",LA,72.0,190.0,2000-07-05,
00-0039774,0,0,0,0,0,0,0,0,0,0.0,0.0,0,0,0,0,0,0.0,0,0,0,0,0,0.0,0,39,0,0,0.0,0,0,0,0,0,0,0,0,0,0,0,Omar Speights,LB,LB,"https://static.www.nfl.com/image/upload/f_auto,q_auto/league/amlicxegqeiqvmg9gko0",LA,73.0,228.0,2001-03-02,
00-0039776,0,0,0,0,0,0,0,0,0,0.0,0.0,0,0,0,0,0,0.0,0,0,0,0,0,0.0,0,30,2,0,2.0,0,0,0,0,0,0,0,0,0,0,0,Jaylen McCollough,SAF,DB,"https://static.www.nfl.com/image/upload/f_auto,q_auto/league/ofhqho42cem1dxzez96u",LA,72.0,202.0,2000-10-12,
00-0039783,0,0,0,0,0,0,0,0,0,0.0,0.0,0,0,0,0,0,0.0,0,0,0,0,0,0.0,0,1,1,0,0.0,0,0,0,0,0,0,0,0,0,0,0,Anthony Goodlow,DE,DL,"https://static.www.nfl.com/image/upload/f_auto,q_auto/league/t0hwhg8j0fqbmwi2i5sd",ARI,77.0,283.0,2000-07-25,
00-0039784,0,0,0,0,0,0,0,0,0,0.0,0.0,0,0,0,0,0,0.0,0,0,0,0,0,0.0,0,0,0,0,0.0,0,0,0,0,0,0,0,0,0,0,0,Justin Dedich,OL,OL,"https://static.www.nfl.com/image/upload/f_auto,q_auto/league/sr4uaptfcy3lcmzawhck",LA,74.0,300.0,2000-04-21,
00-0039789,0,0,0,0,0,0,0,0,0,0.0,0.0,0,0,0,0,0,0.0,0,0,0,0,0,0.0,0,17,1,0,0.0,0,0,0,0,0,0,0,0,0,0,0,Qwan'tez Stiggers,CB,DB,"https://static.www.nfl.com/image/upload/f_auto,q_auto/league/yiiqa5sbaclz4bvnpvul",NYJ,72.0,197.0,2002-01-08,
00-0039790,0,0,0,0,0,0,0,0,0,0.0,0.0,0,0,0,0,0,0.0,0,0,0,0,0,0.0,0,0,0,0,0.0,0,0,0,0,0,0,0,0,0,0,0,Olumuyiwa Fashanu,OT,OL,"https://static.www.nfl.com/image/upload/f_auto,q_auto/league/clf1wkkpzzsrnffv8wew",NYJ,78.0,312.0,2002-12-09,
00-0039792,0,0,0,0,0,0,0,0,0,0.0,0.0,0,0,0,0,0,0.0,4,6,90,2,0,10.9174667611951,0,1,0,1,1.0,0,0,0,0,0,0,0,0,0,0,0,Devontez Walker,WR,WR,"https://static.www.nfl.com/image/upload/f_auto,q_auto/league/d8qrpenynncwink7dqs2",BAL,73.0,198.0,2001-06-19,
00-0039793,0,0,0,0,0,0,0,0,0,0.0,0.0,0,10,14,1,0,7.232803527265787,50,65,505,6,2,28.662402966824427,0,1,0,0,0.0,0,0,0,0,0,0,0,0,0,0,0,AJ Barner,TE,TE,"https://static.www.nfl.com/image/upload/f_auto,q_auto/league/ul77k5rqbqzd5zzqsaea",SEA,78.0,251.0,2002-05-03,
00-0039794,0,0,0,0,0,0,0,0,0,0.0,0.0,0,18,76,1,1,-8.699593214565422,2,3,17,0,0,-0.21452642627991736,0,0,0,0,0.0,0,0,0,0,0,0,4,100,0,0,0,Braelon Allen,RB,RB,"https://static.www.nfl.com/image/upload/f_auto,q_auto/league/pdaa8u0x2qepyklabdr3",NYJ,73.0,235.0,2004-01-20,
00-0039795,0,0,0,0,0,0,0,0,0,0.0,0.0,0,0,0,0,0,0.0,0,0,0,0,0,0.0,0,10,0,0,0.0,0,0,0,0,0,0,0,0,0,0,0,Nehemiah Pritchett,CB,DB,"https://static.www.nfl.com/image/upload/f_auto,q_auto/league/ao9rpvbwn2ckx5ejcodx",SEA,72.0,188.0,2001-02-11,
00-0039796,0,0,0,0,0,0,0,0,0,0.0,0.0,0,6,24,0,0,-1.6476730021531694,9,11,68,1,0,-0.7799945393311436,0,7,0,0,0.0,0,0,0,0,0,0,28,712,0,0,0,Rasheen Ali,RB,RB,"https://static.www.nfl.com/image/upload/f_auto,q_auto/league/zwjrkzu3ia3cfrwgotqt",BAL,71.0,210.0,2001-02-16,
00-0039798,0,0,0,0,0,0,0,0,0,0.0,0.0,0,43,236,1,0,-3.2345587406765706,21,28,186,0,0,4.614958250060472,0,2,0,0,0.0,0,0,0,0,0,0,11,323,0,0,0,Isaiah Davis,RB,RB,"https://static.www.nfl.com/image/upload/f_auto,q_auto/league/hsozhwgsuffsfrc4qdp2",NYJ,73.0,220.0,2002-02-21,
00-0039800,0,0,0,0,0,0,0,0,0,0.0,0.0,0,0,0,0,0,0.0,0,0,0,0,0,0.0,0,1,0,0,0.0,0,0,0,0,0,0,0,0,0,0,0,DJ James,CB,DB,"https://static.www.nfl.com/image/upload/f_auto,q_auto/league/rqkampxsl0ukgtcf0zoi",NE,72.0,184.0,2001-03-05,
00-0039807,0,0,0,0,0,0,0,0,0,0.0,0.0,0,0,0,0,0,0.0,0,0,0,0,0,0.0,0,20,1,0,0.0,0,0,0,0,0,0,0,0,0,0,0,Max Melton,CB,DB,"https://static.www.nfl.com/image/upload/f_auto,q_auto/league/inf9atuivxldaqlq8xdi",ARI,71.0,187.0,2002-04-15,
00-0039808,0,0,0,0,0,0,0,0,0,0.0,0.0,0,0,0,0,0,0.0,0,0,0,0,0,0.0,0,1,0,0,0.0,0,0,0,0,0,0,0,0,0,0,0,Isaiah Adams,G,OL,"https://static.www.nfl.com/image/upload/f_auto,q_auto/league/vhbpzmpvgkkun2onlp9s",ARI,76.0,316.0,2000-07-21,
00-0039809,0,0,0,0,0,0,0,0,0,0.0,0.0,0,0,0,0,0,0.0,0,0,0,0,0,0.0,0,14,5,1,2.5,0,0,0,0,0,0,0,0,0,0,0,Jonah Elliss,LB,LB,"https://static.www.nfl.com/image/upload/f_auto,q_auto/league/f3dukr2ntse8qnsyhu3b",DEN,74.0,246.0,2003-04-03,
00-0039812,0,0,0,0,0,0,0,0,0,0.0,0.0,0,0,0,0,0,0.0,0,0,0,0,0,0.0,0,8,1,1,0.0,0,0,0,0,0,0,0,0,0,0,0,Ty'Ron Hopper,LB,LB,"https://static.www.nfl.com/image/upload/f_auto,q_auto/league/taqdlsfufqh99ucbl5zm",GB,74.0,228.0,2001-04-26,
00-0039813,0,0,0,0,0,0,0,0,0,0.0,0.0,0,0,0,0,0,0.0,0,0,0,0,0,0.0,0,46,4,0,0.0,3,0,0,0,0,0,0,0,0,0,0,Evan Williams,SAF,DB,"https://static.www.nfl.com/image/upload/f_auto,q_auto/league/phwdofvsdjhqecxyx1kb",GB,71.0,200.0,2001-07-28,
00-0039815,0,0,0,0,0,0,0,0,0,0.0,0.0,0,0,0,0,0,0.0,0,0,0,0,0,0.0,0,34,6,2,2.0,0,0,0,0,0,0,0,0,0,0,0,Tyrice Knight,LB,LB,"https://static.www.nfl.com/image/upload/f_auto,q_auto/league/eqhzoc3hrxk94vxolfws",SEA,72.0,233.0,1999-12-20,
00-0039816,0,0,0,0,0,0,0,0,0,0.0,0.0,0,0,0,0,0,0.0,2,2,6,0,0,-0.9898295255261473,0,0,0,0,0.0,0,0,0,0,13,131,25,647,0,0,0,Anthony Gould,WR,WR,"https://static.www.nfl.com/image/upload/f_auto,q_auto/league/kplzuye1iocg1vyec3ru",IND,68.0,174.0,2001-04-06,
00-0039818,0,0,0,0,0,0,0,0,0,0.0,0.0,0,0,0,0,0,0.0,0,0,0,0,0,0.0,0,3,0,0,0.0,0,0,0,0,0,0,0,0,0,0,0,Kitan Oladapo,SAF,DB,"https://static.www.nfl.com/image/upload/f_auto,q_auto/league/vxt0byaznbu2o42n2ft7",GB,74.0,216.0,2000-10-10,
00-0039821,0,0,0,0,0,0,0,0,0,0.0,0.0,0,0,0,0,0,0.0,0,0,0,0,0,0.0,0,45,7,0,0.0,2,0,0,0,0,0,0,0,0,0,0,Andru Phillips,CB,DB,"https://static.www.nfl.com/image/upload/f_auto,q_auto/league/kh3iigah1t49ywg0scb9",NYG,71.0,180.0,2001-11-30,
00-0039824,0,0,0,0,0,0,0,0,0,0.0,0.0,0,0,0,0,0,0.0,1,1,4,0,0,2.565645834896713,0,0,0,0,0.0,0,0,0,0,0,0,0,0,0,0,0,Jared Wiley,TE,TE,"https://static.www.nfl.com/image/upload/f_auto,q_auto/league/dd7n41tzytkvgbrqvtda",KC,78.0,249.0,2000-11-02,
00-0039825,0,0,0,0,0,0,0,0,0,0.0,0.0,0,0,0,0,0,0.0,0,0,0,0,0,0.0,0,28,0,0,0.5,0,0,0,0,0,0,0,0,0,0,0,Jaden Hicks,SAF,DB,"https://static.www.nfl.com/image/upload/f_auto,q_auto/league/lvcirt1ekbyj97v6mdzx",KC,73.0,215.0,2002-08-16,
00-0039826,0,0,0,0,0,0,0,0,0,0.0,0.0,0,0,0,0,0,0.0,0,0,0,0,0,0.0,0,10,0,0,0.0,0,0,0,0,0,0,0,0,0,0,0,Jeremiah Trotter Jr.,LB,LB,"https://static.www.nfl.com/image/upload/f_auto,q_auto/league/fbgpf6iqljasd4h1miw2",PHI,72.0,225.0,2002-12-24,
00-0039828,0,0,0,0,0,0,0,0,0,0.0,0.0,0,0,0,0,0,0.0,0,0,0,0,0,0.0,0,0,0,0,0.0,0,0,0,0,0,0,0,0,0,0,0,Walter Rouse,OT,OL,"https://static.www.nfl.com/image/upload/f_auto,q_auto/league/orggdqqfg9dnr0sjfo2y",MIN,78.0,330.0,2001-03-09,
00-0039829,0,0,0,0,0,0,0,0,0,0.0,0.0,0,0,0,0,0,0.0,0,0,0,0,0,0.0,0,23,2,0,1.0,0,0,0,0,0,0,0,0,0,0,0,Darius Muasau,LB,LB,"https://static.www.nfl.com/image/upload/f_auto,q_auto/league/jp2tinbi0erohx4jdtta",NYG,72.0,234.0,2001-02-10,
00-0039831,0,0,0,0,0,0,0,0,0,0.0,0.0,0,0,0,0,0,0.0,0,0,0,0,0,0.0,0,1,0,0,0.0,0,0,0,0,0,0,0,0,0,0,0,Kamal Hadden,CB,DB,"https://static.www.nfl.com/image/upload/f_auto,q_auto/league/j3ty1m9rac4bqcysjwqp",GB,73.0,192.0,2001-01-17,
00-0039834,0,0,0,0,0,0,0,0,0,0.0,0.0,0,0,0,0,0,0.0,0,0,0,0,0,0.0,0,50,0,0,0.0,2,0,0,0,0,0,0,0,0,0,0,Kamren Kinchens,SAF,DB,"https://static.www.nfl.com/image/upload/f_auto,q_auto/league/ixanabxmodk5m1xp8u8s",LA,71.0,207.0,2002-09-29,
00-0039835,0,0,0,0,0,0,0,0,0,0.0,0.0,0,0,0,0,0,0.0,0,0,0,0,0,0.0,0,25,5,0,4.0,0,0,0,0,0,0,0,0,0,0,0,Justin Eboigbe,DT,DL,"https://static.www.nfl.com/image/upload/f_auto,q_auto/league/gb5maqjfoxpesige0io1",LAC,77.0,292.0,2001-04-09,
00-0039836,0,0,0,0,0,0,0,0,0,0.0,0.0,0,0,0,0,0,0.0,0,0,0,0,0,0.0,0,2,0,0,0.0,0,0,0,0,0,0,0,0,0,0,0,Brennan Jackson,LB,LB,"https://static.www.nfl.com/image/upload/f_auto,q_auto/league/aacqz576jq1ykkanftmc",LV,76.0,263.0,2000-10-14,
00-0039838,0,0,0,0,0,0,0,0,0,0.0,0.0,0,0,0,0,0,0.0,0,0,0,0,0,0.0,0,41,0,1,0.0,4,0,0,0,0,0,0,0,0,0,0,Calen Bullock,SAF,DB,"https://static.www.nfl.com/image/upload/f_auto,q_auto/league/vmntsl9qah1vffuguarz",HOU,75.0,190.0,2003-04-30,
00-0039840,0,0,0,0,0,0,0,0,0,0.0,0.0,0,0,0,0,0,0.0,0,0,0,0,0,0.0,0,19,5,1,4.5,0,0,0,0,0,0,0,0,0,0,0,Austin Booker,DE,DL,"https://static.www.nfl.com/image/upload/f_auto,q_auto/league/gxs1vf40thpixmxwdvmc",CHI,78.0,245.0,2002-12-14,
00-0039841,0,0,0,0,0,0,0,0,0,0.0,0.0,0,0,0,0,0,0.0,0,0,0,0,0,0.0,0,63,4,1,0.0,2,0,0,0,0,0,0,0,0,0,0,Cooper DeJean,CB,DB,"https://static.www.nfl.com/image/upload/f_auto,q_auto/league/meqy50bhzwvghrwbtjg5",PHI,72.0,198.0,2003-02-09,
00-0039844,0,0,0,0,0,0,0,0,0,0.0,0.0,0,0,0,0,0,0.0,0,0,0,0,0,0.0,0,0,0,0,0.0,0,0,0,0,0,0,0,0,0,0,0,Kingsley Suamataia,OT,OL,"https://static.www.nfl.com/image/upload/f_auto,q_auto/league/xhqrjshk8fbkaxz9dvbm",KC,76.0,326.0,2003-01-18,
00-0039846,0,0,0,0,0,0,0,0,0,0.0,0.0,0,0,0,0,0,0.0,0,0,0,0,0,0.0,0,56,6,0,2.0,1,0,0,0,0,0,0,0,0,0,0,Tykee Smith,SAF,DB,"https://static.www.nfl.com/image/upload/f_auto,q_auto/league/mjjhxgflmtw3byqbidfw",TB,70.0,202.0,2001-02-18,
00-0039847,0,0,0,0,0,0,0,0,0,0.0,0.0,0,0,0,0,0,0.0,45,74,528,5,0,8.832371162803263,0,0,0,0,0.0,0,0,0,0,0,0,0,0,0,0,0,Theo Johnson,TE,TE,"https://static.www.nfl.com/image/upload/f_auto,q_auto/league/naoiheinxogchairenzf",NYG,78.0,264.0,2001-02-26,
00-0039849,0,0,0,0,0,0,0,0,0,0.0,0.0,0,0,0,0,0,0.0,41,73,608,4,0,31.114757475455512,0,0,0,0,0.0,0,0,0,0,0,0,0,0,0,0,0,Marvin Harrison Jr.,WR,WR,"https://static.www.nfl.com/image/upload/f_auto,q_auto/league/hwpoo1icpnh8emjvqaii",ARI,75.0,220.0,2002-08-11,
00-0039850,0,0,0,0,0,0,0,0,0,0.0,0.0,0,0,0,0,0,0.0,0,0,0,0,0,0.0,0,61,4,2,0.5,0,0,0,0,0,0,0,0,0,0,0,Edgerrin Cooper,LB,LB,"https://static.www.nfl.com/image/upload/f_auto,q_auto/league/huidssokjxzmjjeyb80d",GB,74.0,229.0,2001-11-17,
00-0039851,340,474,4203,30,8,47,-201,6,3,156.45747508537346,182.353010053344,1,98,409,4,2,6.494864468499322,1,1,2,0,0,-1.329332201043144,0,0,0,0,0.0,0,0,0,0,0,0,0,0,0,0,0,Drake Maye,QB,QB,"https://static.www.nfl.com/image/upload/f_auto,q_auto/league/oyap81gtzcvnfmripis1",NE,76.0,225.0,2002-08-30,
00-0039852,0,0,0,0,0,0,0,0,0,0.0,0.0,0,0,0,0,0,0.0,0,0,0,0,0,0.0,1,28,10,3,6.5,0,0,0,0,0,0,0,0,0,0,0,Jared Verse,LB,LB,"https://static.www.nfl.com/image/upload/f_auto,q_auto/league/rapkhulnj8vsblkkgcca",LA,76.0,260.0,2000-11-04,
00-0039854,0,0,0,0,0,0,0,0,0,0.0,0.0,0,0,0,0,0,0.0,0,0,0,0,0,0.0,0,11,3,0,1.0,0,0,0,0,0,0,0,0,0,0,0,Darius Robinson,DL,DL,"https://static.www.nfl.com/image/upload/f_auto,q_auto/league/lfmoncmd0jh5hj67eola",ARI,77.0,285.0,2001-09-13,
00-0039855,0,0,0,0,0,0,0,0,0,0.0,0.0,0,1,1,0,0,-0.4622813652385957,11,14,167,0,0,10.71393315523833,0,0,0,0,0.0,0,0,0,0,0,0,0,0,0,0,0,Jalen McMillan,WR,WR,"https://static.www.nfl.com/image/upload/f_auto,q_auto/league/x2jipyhqclsgx4cmsqct",TB,73.0,192.0,2001-12-07,
00-0039857,0,0,0,0,0,0,0,0,0,0.0,0.0,0,0,0,0,0,0.0,0,0,0,0,0,0.0,0,0,0,0,0.0,0,0,0,0,0,0,0,0,0,0,0,Blake Fisher,OT,OL,"https://static.www.nfl.com/image/upload/f_auto,q_auto/league/eco81lxhu3wgpkkqjsyw",HOU,78.0,310.0,2003-03-25,
00-0039858,0,0,0,0,0,0,0,0,0,0.0,0.0,0,0,0,0,0,0.0,0,0,0,0,0,0.0,0,91,7,0,1.0,0,0,0,0,0,0,0,0,0,0,0,Cedric Gray,LB,LB,"https://static.www.nfl.com/image/upload/f_auto,q_auto/league/v3hwfmdmrsjinn4f8o2y",TEN,74.0,235.0,2002-10-30,
00-0039859,0,0,0,0,0,0,0,0,0,0.0,0.0,0,0,0,0,0,0.0,0,0,0,0,0,0.0,0,12,11,0,8.5,0,0,0,0,0,0,0,0,0,0,0,Brandon Dorlus,DE,DL,"https://static.www.nfl.com/image/upload/f_auto,q_auto/league/dl97qpbtsjpwrpuhfa9g",ATL,75.0,295.0,2001-03-22,
00-0039860,0,0,0,0,0,0,0,0,0,0.0,0.0,0,0,0,0,0,0.0,0,0,0,0,0,0.0,0,55,3,0,0.0,3,0,0,0,0,0,0,0,0,0,0,Kool-Aid McKinstry,CB,DB,"https://static.www.nfl.com/image/upload/f_auto,q_auto/league/grkovrh00bnekyi46niz",NO,71.0,199.0,2002-09-30,
00-0039861,0,0,0,0,0,0,0,0,0,0.0,0.0,0,0,0,0,0,0.0,0,0,0,0,0,0.0,0,47,7,0,0.0,0,0,0,0,0,0,0,0,0,0,0,Tyler Nubin,SAF,DB,"https://static.www.nfl.com/image/upload/f_auto,q_auto/league/qsakq172gdexg9js8gs1",NYG,74.0,210.0,2001-06-14,
00-0039864,0,0,0,0,0,0,0,0,0,0.0,0.0,0,0,0,0,0,0.0,0,0,0,0,0,0.0,0,30,0,0,0.0,2,0,1,0,0,0,0,0,0,0,0,Dadrion Taylor-Demerson,SAF,DB,"https://static.www.nfl.com/image/upload/f_auto,q_auto/league/sowjjszg6dsa2welwenx",ARI,70.0,197.0,2001-01-20,
00-0039867,0,0,0,0,0,0,0,0,0,0.0,0.0,0,0,0,0,0,0.0,0,0,0,0,0,0.0,0,46,2,0,0.0,0,0,0,0,0,0,0,0,0,0,0,Javon Bullard,SAF,DB,"https://static.www.nfl.com/image/upload/f_auto,q_auto/league/vag7xsajiqpambybsapn",GB,70.0,198.0,2002-09-05,
00-0039868,0,0,0,0,0,0,0,0,0,0.0,0.0,0,5,12,0,0,-1.7212982622440904,65,103,709,6,1,10.629730129833069,0,2,0,0,0.0,0,0,0,0,0,0,0,0,0,0,0,Troy Franklin,WR,WR,"https://static.www.nfl.com/image/upload/f_auto,q_auto/league/belpdlyoda8cmzbvjkqh",DEN,75.0,180.0,2003-02-06,
00-0039871,0,0,0,0,0,0,0,0,0,0.0,0.0,0,0,0,0,0,0.0,0,0,0,0,0,0.0,0,0,0,0,0.0,0,0,0,0,0,0,0,0,0,0,0,Troy Fautanu,OT,OL,"https://static.www.nfl.com/image/upload/f_auto,q_auto/league/a9cndfqf5alglid0muel",PIT,76.0,317.0,2000-10-11,
00-0039872,0,0,0,0,0,0,0,0,0,0.0,0.0,0,0,0,0,0,0.0,0,0,0,0,0,0.0,0,52,4,0,2.0,3,0,0,0,0,0,0,0,0,0,0,Cole Bishop,SAF,DB,"https://static.www.nfl.com/image/upload/f_auto,q_auto/league/xvpwenwn8smwotkdso3a",BUF,74.0,207.0,2002-10-24,
00-0039874,0,0,0,0,0,0,0,0,0,0.0,0.0,0,57,265,2,0,2.6243692303179227,3,7,27,0,0,-2.86715829235618,0,0,0,0,0.0,0,0,0,0,0,0,0,0,0,0,0,Jaylen Wright,RB,RB,"https://static.www.nfl.com/image/upload/f_auto,q_auto/league/i3wlfgqsynl7qaa4tsqw",MIA,70.0,208.0,2003-04-01,
00-0039875,0,0,0,0,0,0,0,0,0,0.0,0.0,0,37,124,0,0,-4.390458761365153,8,11,63,1,0,2.379310167510994,1,0,0,0,0.0,0,0,0,0,0,0,30,921,0,0,0,Ray Davis,RB,RB,"https://static.www.nfl.com/image/upload/f_auto,q_auto/league/pm9llppbueodtjjj9u8l",BUF,68.0,220.0,1999-11-20,
00-0039879,0,0,0,0,0,0,0,0,0,0.0,0.0,0,0,0,0,0,0.0,0,0,0,0,0,0.0,0,9,1,0,1.0,0,0,0,0,0,0,0,0,0,0,0,Javon Solomon,DE,DL,"https://static.www.nfl.com/image/upload/f_auto,q_auto/league/a4ytbrhlefwr3ri8ruwu",BUF,73.0,246.0,2001-01-17,
00-0039880,0,0,0,0,0,0,0,0,0,0.0,0.0,0,15,88,1,1,-1.4768529460998252,43,61,311,2,0,-8.353811970966104,1,2,0,0,0.0,0,0,0,0,19,258,34,911,0,0,0,Malik Washington,WR,WR,"https://static.www.nfl.com/image/upload/f_auto,q_auto/league/kwcgtsbpd0rpwsgq2npe",MIA,68.0,195.0,2000-10-20,
00-0039884,0,0,0,0,0,0,0,0,0,0.0,0.0,0,0,0,0,0,0.0,1,2,11,0,1,-6.173302519717254,0,0,0,0,0.0,0,0,0,0,0,0,0,0,0,0,0,Tahj Washington,WR,WR,"https://static.www.nfl.com/image/upload/f_auto,q_auto/league/homslu3sftjfqqnrcmt5",MIA,70.0,175.0,2001-05-16,
00-0039886,0,0,0,0,0,0,0,0,0,0.0,0.0,0,0,0,0,0,0.0,0,0,0,0,0,0.0,0,14,4,0,2.0,0,0,0,0,0,0,0,0,0,0,0,T'Vondre Sweat,DT,DL,"https://static.www.nfl.com/image/upload/f_auto,q_auto/league/kltw5qbkonldsneuvjrz",TEN,76.0,366.0,2001-07-11,
00-0039888,0,0,0,0,0,0,0,0,0,0.0,0.0,0,0,0,0,0,0.0,0,0,0,0,0,0.0,0,35,0,0,0.0,0,0,0,0,0,0,0,0,0,0,0,Quinyon Mitchell,CB,DB,"https://static.www.nfl.com/image/upload/f_auto,q_auto/league/kkniksj5urk8jm7pzd1f",PHI,72.0,193.0,2001-07-18,
00-0039889,0,0,0,0,0,0,0,0,0,0.0,0.0,0,0,0,0,0,0.0,0,0,0,0,0,0.0,0,4,0,0,0.0,0,0,0,0,0,0,0,0,0,0,0,Maason Smith,DT,DL,"https://static.www.nfl.com/image/upload/f_auto,q_auto/league/zornbxwkgz44oi2jwts8",JAX,77.0,306.0,2002-10-13,
00-0039890,0,0,0,0,0,0,0,0,0,0.0,0.0,0,1,-4,0,0,-1.1126403328380547,33,71,453,2,1,-13.708813721124272,0,3,0,0,0.0,0,0,0,0,0,0,0,0,0,0,0,Adonai Mitchell,WR,WR,"https://static.www.nfl.com/image/upload/f_auto,q_auto/league/hwwacoa3pqapd7pgahfx",IND,74.0,205.0,2002-10-08,
00-0039893,0,0,0,0,0,0,0,0,0,0.0,0.0,0,3,21,1,0,2.8626816660398617,45,86,658,2,0,14.416438802267335,0,1,0,0,0.0,0,0,0,0,0,0,0,0,0,0,0,Brian Thomas Jr.,WR,WR,"https://static.www.nfl.com/image/upload/f_auto,q_auto/league/plnekkriys4cm11rnxwl",JAX,74.0,209.0,2002-10-08,
00-0039894,0,0,0,0,0,0,0,0,0,0.0,0.0,0,11,87,0,0,3.584790744644124,42,73,532,1,0,14.828012368603758,0,1,0,0,0.0,0,0,0,0,1,0,0,0,0,0,0,Xavier Worthy,WR,WR,"https://static.www.nfl.com/image/upload/f_auto,q_auto/league/ue6fp8xwnyo7ftvabbb8",KC,71.0,165.0,2003-04-27,
00-0039895,0,0,0,0,0,0,0,0,0,0.0,0.0,0,0,0,0,0,0.0,0,0,0,0,0,0.0,0,4,2,0,1.5,0,0,0,0,0,0,0,0,0,0,0,Mike Hall Jr.,DT,DL,"https://static.www.nfl.com/image/upload/f_auto,q_auto/league/ykpxjvmielzqpguubka1",CLE,75.0,300.0,2003-06-13,
00-0039896,0,0,0,0,0,0,0,0,0,0.0,0.0,0,0,0,0,0,0.0,0,0,0,0,0,0.0,0,1,0,0,0.0,0,0,0,0,0,0,0,0,0,0,0,Zach Frazier,C,OL,"https://static.www.nfl.com/image/upload/f_auto,q_auto/league/oxuh5tbhz1n1f1mjysql",PIT,75.0,310.0,2001-08-29,
00-0039897,0,0,0,0,0,0,0,0,0,0.0,0.0,0,0,0,0,0,0.0,0,0,0,0,0,0.0,0,0,0,0,0.0,0,0,0,0,0,0,0,0,0,0,0,Joe Alt,OT,OL,"https://static.www.nfl.com/image/upload/f_auto,q_auto/league/q9fywrpehvxy7sdpgacs",LAC,80.0,322.0,2003-02-28,
00-0039898,0,0,0,0,0,0,0,0,0,0.0,0.0,0,0,0,0,0,0.0,0,0,0,0,0,0.0,0,47,1,1,0.0,4,0,1,0,1,0,0,0,0,0,0,Mike Sainristil,CB,DB,"https://static.www.nfl.com/image/upload/f_auto,q_auto/league/udlw8qhbduz4z49jv3jm",WAS,70.0,182.0,2000-10-03,
00-0039899,0,0,0,0,0,0,0,0,0,0.0,0.0,0,0,0,0,0,0.0,0,0,0,0,0,0.0,0,0,0,0,0.0,0,0,0,0,0,0,0,0,0,0,0,Patrick Paul,OT,OL,"https://static.www.nfl.com/image/upload/f_auto,q_auto/league/obt8tnqeeoks0ubhcxgn",MIA,79.0,326.0,2001-11-01,
00-0039900,0,0,0,0,0,0,0,0,0,0.0,0.0,0,0,0,0,0,0.0,0,0,0,0,0,0.0,1,6,3,0,1.0,0,0,0,0,0,0,0,0,0,0,0,Marshawn Kneeland,DE,DL,"https://static.www.nfl.com/image/upload/f_auto,q_auto/league/ghcwtmz5knxwpnddbymm",DAL,75.0,268.0,2001-07-08,
00-0039901,0,0,0,0,0,0,0,0,0,0.0,0.0,0,0,0,0,0,0.0,36,55,355,4,1,10.502683584258426,0,1,0,0,0.0,0,0,0,0,1,6,0,0,0,0,0,Keon Coleman,WR,WR,"https://static.www.nfl.com/image/upload/f_auto,q_auto/league/f3cx4kmpdmqftr79ueiv",BUF,76.0,215.0,2003-05-17,
00-0039902,0,0,0,0,0,0,0,0,0,0.0,0.0,0,0,0,0,0,0.0,0,0,0,0,0,0.0,0,20,4,0,1.0,0,0,0,0,0,0,0,0,0,0,0,Chris Braswell,LB,LB,"https://static.www.nfl.com/image/upload/f_auto,q_auto/league/u5abg52apl8dtgthu80k",TB,75.0,255.0,2001-10-25,
00-0039903,0,0,0,0,0,0,0,0,0,0.0,0.0,0,0,0,0,0,0.0,0,0,0,0,0,0.0,0,23,0,0,0.0,1,0,0,0,0,0,0,0,0,0,0,Terrion Arnold,CB,DB,"https://static.www.nfl.com/image/upload/f_auto,q_auto/league/h3rbtalyoblh2szat9qc",DET,72.0,195.0,2003-03-22,
00-0039904,0,0,0,0,0,0,0,0,0,0.0,0.0,0,0,0,0,0,0.0,0,0,0,0,0,0.0,0,0,0,0,0.0,0,0,0,0,0,0,0,0,0,0,0,Jordan Morgan,OT,OL,"https://static.www.nfl.com/image/upload/f_auto,q_auto/league/g4afet48rjhc2wdcbu7l",GB,77.0,311.0,2001-08-04,
00-0039905,0,0,0,0,0,0,0,0,0,0.0,0.0,0,0,0,0,0,0.0,0,0,0,0,0,0.0,0,2,0,0,0.0,0,0,0,0,0,0,0,0,0,0,0,Graham Barton,C,OL,"https://static.www.nfl.com/image/upload/f_auto,q_auto/league/n5msbiirsuzkgu63vfrf",TB,77.0,314.0,2002-06-01,
00-0039906,0,0,0,0,0,0,0,0,0,0.0,0.0,0,0,0,0,0,0.0,0,0,0,0,0,0.0,0,20,4,1,5.0,0,0,0,0,0,0,0,0,0,0,0,Jer'Zhan Newton,DT,DL,"https://static.www.nfl.com/image/upload/f_auto,q_auto/league/hgrxkwfkaiozsegi9sbp",WAS,74.0,295.0,2002-08-31,
00-0039908,0,0,0,0,0,0,0,0,0,0.0,0.0,0,0,0,0,0,0.0,0,0,0,0,0,0.0,0,18,2,0,1.5,0,0,0,0,0,0,0,0,0,0,0,Kris Jenkins,DT,DL,"https://static.www.nfl.com/image/upload/f_auto,q_auto/league/nuyy0laahr8mf5dojflu",CIN,75.0,310.0,2001-10-10,
00-0039910,114,188,1262,8,3,18,-79,2,1,-5.829996021824436,-21.335178063597954,1,58,278,2,1,1.7482305980375967,0,0,0,0,0,0.0,0,1,0,0,0.0,0,0,0,0,0,0,0,0,0,0,0,Jayden Daniels,QB,QB,"https://static.www.nfl.com/image/upload/f_auto,q_auto/league/vrdweg39v1ay4zoc0lgp",WAS,76.0,210.0,2000-12-18,
00-0039911,0,0,0,0,0,0,0,0,0,0.0,0.0,0,0,0,0,0,0.0,0,0,0,0,0,0.0,0,10,4,1,4.0,0,0,0,0,0,0,0,0,0,0,0,Chop Robinson,LB,LB,"https://static.www.nfl.com/image/upload/f_auto,q_auto/league/ewtuqjaehnnkdo1qcwfl",MIA,75.0,254.0,2003-01-02,
00-0039912,0,0,0,0,0,0,0,0,0,0.0,0.0,0,0,0,0,0,0.0,9,11,111,1,0,4.18963533436181,0,0,0,0,0.0,0,0,0,0,0,0,0,0,0,0,0,Ben Sinnott,TE,TE,"https://static.www.nfl.com/image/upload/f_auto,q_auto/league/zwjmu9wyutlpkace9ukf",WAS,76.0,245.0,2002-06-14,
00-0039913,0,0,0,0,0,0,0,0,0,0.0,0.0,0,0,0,0,0,0.0,0,0,0,0,0,0.0,0,0,0,0,0.0,0,0,0,0,0,0,0,0,0,0,0,Brandon Coleman,OT,OL,"https://static.www.nfl.com/image/upload/f_auto,q_auto/league/u80ymxkfqhyx08gofhbj",WAS,78.0,320.0,2000-10-12,
00-0039915,0,0,0,0,0,0,0,0,0,0.0,0.0,0,0,0,0,0,0.0,66,106,789,6,0,7.235227504492887,0,1,0,0,0.0,0,0,0,0,3,23,0,0,0,0,0,Ladd McConkey,WR,WR,"https://static.www.nfl.com/image/upload/f_auto,q_auto/league/qsvdiebsa34jtkcrjpju",LAC,72.0,185.0,2001-11-11,
00-0039916,0,0,0,0,0,0,0,0,0,0.0,0.0,0,2,-2,0,0,-1.672144478478003,36,53,528,0,0,26.707000381800015,0,1,0,0,0.0,0,0,0,0,0,0,0,0,0,0,0,Ricky Pearsall,WR,WR,"https://static.www.nfl.com/image/upload/f_auto,q_auto/league/ko3lwlcfkxaykcspt4nw",SF,73.0,189.0,2000-09-09,
00-0039917,166,276,1982,9,3,13,-101,3,2,5.139894674856963,-22.70028807618344,1,21,70,1,1,7.111840018449584,0,0,0,0,0,0.0,0,0,0,0,0.0,0,0,0,0,0,0,0,0,0,0,0,Michael Penix Jr.,QB,QB,"https://static.www.nfl.com/image/upload/f_auto,q_auto/league/azvyjzp2sa8cnljbp3i7",ATL,75.0,220.0,2000-05-08,
00-0039918,310,535,3730,25,6,23,-158,1,1,43.66054719256809,-57.28892771120381,0,76,382,3,6,5.897496890724613,2,2,22,1,0,5.277009675628506,0,1,0,0,0.0,0,0,0,0,0,0,0,0,0,0,0,Caleb Williams,QB,QB,"https://static.www.nfl.com/image/upload/f_auto,q_auto/league/h4qs11kutwiw7whekmyt",CHI,73.0,226.0,2001-11-18,
00-0039919,0,0,0,0,0,0,0,0,0,0.0,0.0,0,0,0,0,0,0.0,44,90,661,6,0,20.89272108281043,0,0,0,0,0.0,0,0,0,0,0,0,0,0,0,0,0,Rome Odunze,WR,WR,"https://static.www.nfl.com/image/upload/f_auto,q_auto/league/yqjdhpsno75du0n72u4w",CHI,75.0,215.0,2002-06-03,
00-0039920,0,0,0,0,0,0,0,0,0,0.0,0.0,0,10,109,0,0,6.681992650555912,9,12,59,0,0,-4.925951953744516,0,1,0,0,0.0,0,0,0,0,0,0,21,492,0,0,0,Malachi Corley,WR,WR,"https://static.www.nfl.com/image/upload/f_auto,q_auto/league/lay1p8pvwrglmqorc6ev",CLE,71.0,215.0,2002-03-21,
00-0039921,0,0,0,0,0,0,0,0,0,0.0,0.0,0,29,160,0,0,-0.20821796857320085,13,16,64,0,0,-8.073343051290212,0,0,0,0,0.0,0,0,0,0,0,0,0,0,0,0,0,Trey Benson,RB,RB,"https://static.www.nfl.com/image/upload/f_auto,q_auto/league/x2bxb0fd54ffwwdu5scz",ARI,72.0,220.0,2002-07-23,
00-0039923,126,220,1450,11,12,27,-149,2,2,-61.681268126752656,-47.30561800824574,1,35,174,4,3,7.339022247469984,0,0,0,0,0,0.0,0,0,0,0,0.0,0,0,0,0,0,0,0,0,0,0,0,J.J. McCarthy,QB,QB,"https://static.www.nfl.com/image/upload/f_auto,q_auto/league/omybnfokapjw6jwb5dd3",MIN,75.0,219.0,2003-01-20,
00-0039924,0,0,0,0,0,0,0,0,0,0.0,0.0,0,0,0,0,0,0.0,0,0,0,0,0,0.0,0,25,9,3,6.0,0,0,0,0,0,0,0,0,0,0,0,Dallas Turner,LB,LB,"https://static.www.nfl.com/image/upload/f_auto,q_auto/league/ytexkn6nluavjbwmknrv",MIN,75.0,247.0,2003-02-02,
00-0039925,0,0,0,0,0,0,0,0,0,0.0,0.0,0,0,0,0,0,0.0,0,0,0,0,0,0.0,0,1,0,0,0.0,0,0,0,0,0,0,0,0,0,0,0,Amarius Mims,OT,OL,"https://static.www.nfl.com/image/upload/f_auto,q_auto/league/ac9cfdykktbm8xs4dwy6",CIN,80.0,350.0,2002-10-14,
00-0039926,0,0,0,0,0,0,0,0,0,0.0,0.0,0,0,0,0,0,0.0,0,0,0,0,0,0.0,0,0,0,0,0.0,0,0,0,0,0,0,0,0,0,0,0,Jalen Sundell,C,OL,"https://static.www.nfl.com/image/upload/f_auto,q_auto/league/ymw1mlr8v9aihxcb7ltm",SEA,77.0,300.0,1999-10-18,
00-0039934,0,0,0,0,0,0,0,0,0,0.0,0.0,0,0,0,0,0,0.0,0,0,0,0,0,0.0,0,0,0,0,0.0,0,0,0,0,0,0,0,0,2,2,0,Jude McAtamney,K,SPEC,"https://static.www.nfl.com/image/upload/f_auto,q_auto/league/k4klhpsp9mlcrpd8kcst",NYG,74.0,205.0,2000-05-09,1.0
00-0039944,0,0,0,0,0,0,0,0,0,0.0,0.0,0,0,0,0,0,0.0,0,0,0,0,0,0.0,0,1,0,0,0.0,0,0,0,0,0,0,0,0,0,0,0,Jamie Sheriff,LB,LB,"https://static.www.nfl.com/image/upload/f_auto,q_auto/league/e28cwk7tjf3r8uakkj1a",SEA,73.0,254.0,2000-08-18,
00-0040004,0,0,0,0,0,0,0,0,0,0.0,0.0,0,0,0,0,0,0.0,0,0,0,0,0,0.0,0,0,0,0,0.0,0,0,0,0,0,0,0,0,0,0,0,T.J. Maguranyanga,DE,DL,"https://static.www.nfl.com/image/upload/f_auto,q_auto/league/gzwkqtfyk6wukjkpil64",WAS,76.0,222.0,2002-12-22,
00-0040007,0,0,0,0,0,0,0,0,0,0.0,0.0,0,0,0,0,0,0.0,0,0,0,0,0,0.0,0,0,0,0,0.0,0,0,0,0,0,0,0,0,0,0,0,Tyler Booker,G,OL,"https://static.www.nfl.com/image/upload/f_auto,q_auto/league/azivrh3fiumeisv0deyi",DAL,76.0,321.0,2004-04-12,
00-0040008,0,0,0,0,0,0,0,0,0,0.0,0.0,0,0,0,0,0,0.0,0,0,0,0,0,0.0,0,22,1,0,0.0,0,0,0,0,0,0,0,0,0,0,0,Shavon Revel Jr.,CB,DB,"https://static.www.nfl.com/image/upload/f_auto,q_auto/league/af84hncoicg65gvvainl",DAL,74.0,198.0,2002-04-12,
00-0040009,0,0,0,0,0,0,0,0,0,0.0,0.0,0,11,37,0,1,-6.993220125208609,10,10,78,1,0,4.625004964240361,0,0,0,0,0.0,0,0,0,0,0,0,28,717,0,0,0,Savion Williams,WR,WR,"https://static.www.nfl.com/image/upload/f_auto,q_auto/league/fkhkv59ojmqixfxkzmno",GB,76.0,222.0,2001-11-22,
00-0040010,0,0,0,0,0,0,0,0,0,0.0,0.0,0,0,0,0,0,0.0,0,0,0,0,0,0.0,0,2,0,0,0.5,0,0,0,0,0,0,0,0,0,0,0,Barryn Sorrell,DE,DL,"https://static.www.nfl.com/image/upload/f_auto,q_auto/league/pum0i8kdur90wpfqkypv",GB,75.0,256.0,2002-12-22,
00-0040011,0,0,0,0,0,0,0,0,0,0.0,0.0,0,0,0,0,0,0.0,0,0,0,0,0,0.0,0,37,2,1,1.0,0,0,0,0,0,0,0,0,0,0,0,Shemar James,LB,LB,"https://static.www.nfl.com/image/upload/f_auto,q_auto/league/uskv4glg2yn5ye0fz3yl",DAL,73.0,222.0,2004-06-24,
00-0040013,0,0,0,0,0,0,0,0,0,0.0,0.0,0,0,0,0,0,0.0,0,0,0,0,0,0.0,0,4,0,0,0.0,0,0,0,0,0,0,0,0,0,0,0,Smael Mondon Jr.,LB,LB,"https://static.www.nfl.com/image/upload/f_auto,q_auto/league/tbyyduioarpumchzmfdj",PHI,74.0,225.0,2003-02-13,
00-0040016,0,0,0,0,0,0,0,0,0,0.0,0.0,0,0,0,0,0,0.0,0,0,0,0,0,0.0,0,6,0,0,0.5,0,0,0,0,0,0,0,0,0,0,0,Warren Brinson,DT,DL,"https://static.www.nfl.com/image/upload/f_auto,q_auto/league/wbsv4uzbd2wytxysgznq",GB,77.0,315.0,2002-02-04,
00-0040019,0,0,0,0,0,0,0,0,0,0.0,0.0,0,0,0,0,0,0.0,0,0,0,0,0,0.0,0,1,0,0,0.0,0,0,0,0,0,0,0,0,0,0,0,Jay Toia,DT,DL,"https://static.www.nfl.com/image/upload/f_auto,q_auto/league/qletoidqmfaooqky1ra6",DAL,74.0,342.0,2003-07-16,
00-0040020,0,0,0,0,0,0,0,0,0,0.0,0.0,0,0,0,0,0,0.0,0,0,0,0,0,0.0,0,5,0,0,0.0,0,0,0,0,0,0,0,0,0,0,0,Micah Robinson,CB,DB,"https://static.www.nfl.com/image/upload/f_auto,q_auto/league/km9fm82gypzf94hhrajh",TEN,71.0,183.0,2002-02-05,
00-0040024,0,0,0,0,0,0,0,0,0,0.0,0.0,0,0,0,0,0,0.0,6,6,59,0,0,2.610006160044577,0,0,0,0,0.0,0,0,0,0,0,0,0,0,0,0,0,Darius Cooper,WR,WR,"https://static.www.nfl.com/image/upload/f_auto,q_auto/league/gafypo1xvg1cbkt7hj6b",PHI,71.0,210.0,2001-11-22,
00-0040027,0,0,0,0,0,0,0,0,0,0.0,0.0,0,0,0,0,0,0.0,0,0,0,0,0,0.0,0,0,0,0,0.0,0,0,0,0,0,0,0,0,0,0,0,Brandon Johnson,CB,DB,,PHI,70.0,185.0,2003-03-25,
00-0040039,0,0,0,0,0,0,0,0,0,0.0,0.0,0,2,8,0,0,-0.053274804027751,0,1,0,0,0,-0.741847567493096,0,0,0,0,0.0,0,0,0,0,0,0,0,0,0,0,0,Amar Johnson,RB,RB,"https://static.www.nfl.com/image/upload/f_auto,q_auto/league/wnjb3pmx77q3mxvlyjh7",LAC,70.0,205.0,2003-01-31,
00-0040041,0,0,0,0,0,0,0,0,0,0.0,0.0,0,0,0,0,0,0.0,0,0,0,0,0,0.0,0,2,0,0,0.0,0,0,0,0,0,0,0,0,0,0,0,Nazir Stackhouse,DT,DL,"https://static.www.nfl.com/image/upload/f_auto,q_auto/league/wytykm0xlylytd0mjuhv",GB,76.0,327.0,2002-04-18,
00-0040044,0,0,0,0,0,0,0,0,0,0.0,0.0,0,0,0,0,0,0.0,0,0,0,0,0,0.0,0,0,0,0,0.0,0,0,0,0,0,0,0,0,0,0,0,Zion Childress,CB,DB,"https://static.www.nfl.com/image/upload/f_auto,q_auto/league/ztip0cqmsacdfxfbzp0o",DAL,71.0,203.0,2002-01-21,
00-0040045,0,0,0,0,0,0,0,0,0,0.0,0.0,0,0,0,0,0,0.0,0,0,0,0,0,0.0,0,9,0,1,0.0,0,0,0,0,0,0,0,0,0,0,0,Alijah Clark,SAF,DB,"https://static.www.nfl.com/image/upload/f_auto,q_auto/league/hgngltkqac56xxyijzev",DAL,73.0,200.0,2003-07-11,
00-0040058,0,0,0,0,0,0,0,0,0,0.0,0.0,0,0,0,0,0,0.0,0,1,0,0,0,-0.5554333369946107,0,2,0,0,0.0,0,0,0,0,0,0,0,0,0,0,0,Nick Kallerup,TE,TE,"https://static.www.nfl.com/image/upload/f_auto,q_auto/league/ct2o0g6obg4yfb6opzlq",SEA,77.0,266.0,2001-03-27,
00-0040061,0,0,0,0,0,0,0,0,0,0.0,0.0,0,0,0,0,0,0.0,0,0,0,0,0,0.0,0,3,0,0,0.0,0,0,0,0,0,0,0,0,0,0,0,Connor O'Toole,LB,LB,"https://static.www.nfl.com/image/upload/f_auto,q_auto/league/fvrgej9ifncdq5ywexos",SEA,75.0,248.0,2002-08-27,
00-0040067,0,0,0,0,0,0,0,0,0,0.0,0.0,0,5,20,0,0,0.0445862924098037,0,0,0,0,0,0.0,0,0,0,0,0.0,0,0,0,0,0,0,0,0,0,0,0,Jacardia Wright,RB,RB,"https://static.www.nfl.com/image/upload/f_auto,q_auto/league/tvfxv5q8uxf9k2wosp0q",SEA,72.0,218.0,2000-09-26,
00-0040068,0,0,0,0,0,0,0,0,0,0.0,0.0,0,0,0,0,0,0.0,0,0,0,0,0,0.0,0,1,0,0,0.0,0,0,0,0,0,0,0,0,0,0,0,Emery Jones Jr.,OT,OL,"https://static.www.nfl.com/image/upload/f_auto,q_auto/league/bteu559usxxvvs2duvvv",BAL,77.0,315.0,2004-03-05,
00-0040069,0,0,0,0,0,0,0,0,0,0.0,0.0,0,0,0,0,0,0.0,0,0,0,0,0,0.0,0,44,5,1,0.5,0,0,0,0,0,0,0,0,0,0,0,Teddye Buchanan,LB,LB,"https://static.www.nfl.com/image/upload/f_auto,q_auto/league/gdrupqieujvpskzimnbb",BAL,74.0,240.0,2002-10-03,
00-0040071,0,0,0,0,0,0,0,0,0,0.0,0.0,0,0,0,0,0,0.0,0,0,0,0,0,0.0,0,1,0,0,0.0,0,0,0,0,0,0,0,0,0,0,0,Mac McWilliams,CB,DB,"https://static.www.nfl.com/image/upload/f_auto,q_auto/league/qu2ctz43halajxgtxfwt",PHI,70.0,191.0,2001-11-29,
00-0040072,0,0,0,0,0,0,0,0,0,0.0,0.0,0,0,0,0,0,0.0,0,0,0,0,0,0.0,0,6,0,1,0.0,0,0,0,0,0,0,0,0,0,0,0,Jeffrey Bassa,LB,LB,"https://static.www.nfl.com/image/upload/f_auto,q_auto/league/bzt58zbyfoxwxe1nhczt",KC,74.0,235.0,2002-09-20,
00-0040074,0,0,0,0,0,0,0,0,0,0.0,0.0,0,0,0,0,0,0.0,0,0,0,0,0,0.0,0,2,0,0,0.0,0,0,0,0,0,0,0,0,29,32,0,Tyler Loop,K,SPEC,"https://static.www.nfl.com/image/upload/f_auto,q_auto/league/vp3vows5aq3sgnadgtjf",BAL,71.0,191.0,2001-08-04,1.0
00-0040075,0,0,0,0,0,0,0,0,0,0.0,0.0,0,0,0,0,0,0.0,0,0,0,0,0,0.0,0,0,0,0,0.0,0,0,1,0,16,198,9,227,0,0,0,LaJohntay Wester,WR,WR,"https://static.www.nfl.com/image/upload/f_auto,q_auto/league/grf2sg34y8tvysnqiamd",BAL,69.0,170.0,2002-03-29,
00-0040076,0,0,0,0,0,0,0,0,0,0.0,0.0,0,0,0,0,0,0.0,0,0,0,0,0,0.0,0,2,0,0,0.0,0,0,0,0,0,0,0,0,0,0,0,Aeneas Peebles,DT,DL,"https://static.www.nfl.com/image/upload/f_auto,q_auto/league/fi3wuv7cm3hx5xotrbaq",BAL,72.0,289.0,2001-09-03,
00-0040078,0,0,0,0,0,0,0,0,0,0.0,0.0,0,32,95,0,1,-10.07990725536365,23,31,170,1,0,1.3244573759250367,0,0,0,0,0.0,0,0,0,0,2,55,18,481,0,0,0,Brashard Smith,RB,RB,"https://static.www.nfl.com/image/upload/f_auto,q_auto/league/u3t4csj7hhcgymvb8ldf",KC,70.0,196.0,2003-04-11,
00-0040089,0,0,0,0,0,0,0,0,0,0.0,0.0,0,0,0,0,0,0.0,0,0,0,0,0,0.0,0,10,0,0,0.0,0,0,0,0,0,0,0,0,0,0,0,Kevin Knowles,DB,DB,"https://static.www.nfl.com/image/upload/f_auto,q_auto/league/xgenulob3njuvpzrruvl",KC,71.0,190.0,2003-04-09,
00-0040092,0,0,0,0,0,0,0,0,0,0.0,0.0,0,0,0,0,0,0.0,0,0,0,0,0,0.0,0,0,0,0,0.0,0,0,0,0,0,0,0,0,0,0,0,Esa Pole,OT,OL,"https://static.www.nfl.com/image/upload/f_auto,q_auto/league/sycm0risgka3nsidelxs",KC,79.0,319.0,2001-07-04,
00-0040100,0,0,0,0,0,0,0,0,0,0.0,0.0,0,0,0,0,0,0.0,0,0,0,0,0,0.0,0,3,0,1,0.0,0,0,0,0,0,0,0,0,0,0,0,Jay Higgins,LB,LB,"https://static.www.nfl.com/image/upload/f_auto,q_auto/league/zsbevehh3h4bsqiyga5q",BAL,72.0,230.0,2002-02-14,
00-0040104,0,0,0,0,0,0,0,0,0,0.0,0.0,0,0,0,0,0,0.0,0,0,0,0,0,0.0,0,9,0,1,0.0,0,0,0,0,0,0,0,0,0,0,0,Keondre Jackson,SAF,DB,"https://static.www.nfl.com/image/upload/f_auto,q_auto/league/qfivqhbkjnmtqgzmjuxh",BAL,74.0,215.0,2002-05-02,
00-0040106,0,0,0,0,0,0,0,0,0,0.0,0.0,0,0,0,0,0,0.0,0,0,0,0,0,0.0,0,1,0,0,0.0,0,0,0,0,0,0,0,0,0,0,0,Reuben Lowery,SAF,DB,"https://static.www.nfl.com/image/upload/f_auto,q_auto/league/izccmtei81rlnzdahwgb",BAL,69.0,204.0,2002-07-30,
00-0040108,0,0,0,0,0,0,0,0,0,0.0,0.0,0,0,0,0,0,0.0,0,0,0,0,0,0.0,0,1,0,0,0.0,0,0,0,0,0,0,0,0,0,0,0,Chandler Martin,LB,LB,"https://static.www.nfl.com/image/upload/f_auto,q_auto/league/po0lpcvyloyque4kmnjy",BAL,72.0,230.0,2002-12-11,
00-0040116,0,0,0,0,0,0,0,0,0,0.0,0.0,0,0,0,0,0,0.0,0,0,0,0,0,0.0,0,1,0,0,0.0,0,0,0,0,0,0,0,0,0,0,0,Josh Simmons,OT,OL,"https://static.www.nfl.com/image/upload/f_auto,q_auto/league/q6zopiqcmhy8fpsxvrdf",KC,77.0,310.0,2002-12-26,
00-0040118,0,0,0,0,0,0,0,0,0,0.0,0.0,0,0,0,0,0,0.0,0,0,0,0,0,0.0,0,7,0,0,0.0,0,0,0,0,0,0,0,0,0,0,0,Cooper McDonald,LB,LB,"https://static.www.nfl.com/image/upload/f_auto,q_auto/league/v0oin5wbqdnsmsf5uckx",KC,75.0,240.0,2001-08-07,
00-0040122,0,0,0,0,0,0,0,0,0,0.0,0.0,0,240,888,5,1,-53.265687538797046,52,68,339,5,1,-9.337458507000386,0,1,0,0,0.0,0,0,0,0,0,0,0,0,0,0,0,Ashton Jeanty,RB,RB,"https://static.www.nfl.com/image/upload/f_auto,q_auto/league/syspis1mntov9kgspb7r",LV,68.0,208.0,2003-12-02,
00-0040123,0,0,0,0,0,0,0,0,0,0.0,0.0,0,0,0,0,0,0.0,0,0,0,0,0,0.0,0,2,0,0,0.0,0,0,0,0,0,0,0,0,0,0,0,Armand Membou,OT,OL,"https://static.www.nfl.com/image/upload/f_auto,q_auto/league/wyewrjhhe9ykxpgffvrm",NYJ,76.0,332.0,2004-03-27,
00-0040124,0,0,0,0,0,0,0,0,0,0.0,0.0,0,0,0,0,0,0.0,66,116,929,7,0,20.825994034348227,0,3,0,0,0.0,0,0,0,0,0,0,0,0,0,0,0,Tetairoa McMillan,WR,WR,"https://static.www.nfl.com/image/upload/f_auto,q_auto/league/hokqp6gl5xujtlqwecg8",CAR,77.0,212.0,2003-04-05,
00-0040125,0,0,0,0,0,0,0,0,0,0.0,0.0,0,0,0,0,0,0.0,0,0,0,0,0,0.0,0,0,0,0,0.0,0,0,0,0,0,0,0,0,0,0,0,Kelvin Banks Jr.,OT,OL,"https://static.www.nfl.com/image/upload/f_auto,q_auto/league/pwjfoqwm1af7cjkw7pnr",NO,77.0,315.0,2004-03-10,
00-0040126,0,0,0,0,0,0,0,0,0,0.0,0.0,0,1,-2,0,0,-0.8725153338164091,48,69,622,5,0,45.01306899998985,0,1,0,0,0.0,0,0,0,0,0,0,0,0,0,0,0,Colston Loveland,TE,TE,"https://static.www.nfl.com/image/upload/f_auto,q_auto/league/tyjb6vfug7gaunvcune3",CHI,78.0,241.0,2004-04-09,
00-0040127,0,0,0,0,0,0,0,0,0,0.0,0.0,0,0,0,0,0,0.0,0,0,0,0,0,0.0,0,15,2,0,2.0,0,0,0,0,0,0,0,0,0,0,0,Kenneth Grant,DT,DL,"https://static.www.nfl.com/image/upload/f_auto,q_auto/league/yzexkikgp5p8gt0pvsex",MIA,75.0,335.0,2003-10-27,
00-0040128,0,1,0,0,0,0,0,0,0,-0.4653273890144191,0.0,0,6,8,1,1,-4.337354746094206,71,104,791,4,0,20.846147290109133,0,0,0,0,0.0,0,0,0,0,0,0,0,0,0,0,0,Tyler Warren,TE,TE,"https://static.www.nfl.com/image/upload/f_auto,q_auto/league/jt2almbzdk0kbha39otb",IND,78.0,256.0,2002-05-24,
00-0040129,0,0,0,0,0,0,0,0,0,0.0,0.0,0,2,9,0,0,-1.6816435545478012,62,124,930,6,0,11.945771704741835,0,0,0,0,0.0,0,0,0,0,0,0,0,0,0,0,0,Emeka Egbuka,WR,WR,"https://static.www.nfl.com/image/upload/f_auto,q_auto/league/qolqqtwamffi0pi4np7h",TB,73.0,205.0,2002-10-14,
00-0040130,0,0,0,0,0,0,0,0,0,0.0,0.0,0,0,0,0,0,0.0,39,63,502,5,0,17.00525383277284,0,1,0,0,0.0,0,0,0,0,0,0,0,0,0,0,0,Jayden Higgins,WR,WR,"https://static.www.nfl.com/image/upload/f_auto,q_auto/league/wrdw1u4onrmfuuluuipk",HOU,76.0,215.0,2002-12-15,
00-0040131,0,0,0,0,0,0,0,0,0,0.0,0.0,0,1,-2,0,0,-0.6436925549060106,10,21,209,3,0,9.837597537944696,0,0,0,0,0.0,0,0,0,0,0,0,11,290,0,0,0,Kyle Williams,WR,WR,"https://static.www.nfl.com/image/upload/f_auto,q_auto/league/bu31c2ino065kazsn541",NE,71.0,190.0,2002-11-13,
00-0040133,0,0,0,0,0,0,0,0,0,0.0,0.0,0,0,0,0,0,0.0,0,0,0,0,0,0.0,0,13,2,0,0.0,0,0,0,0,0,0,0,0,0,0,0,Azareye'h Thomas,CB,DB,"https://static.www.nfl.com/image/upload/f_auto,q_auto/league/yects9qe1kkzkmiunvok",NYJ,73.0,197.0,2004-07-06,
00-0040134,0,0,0,0,0,0,0,0,0,0.0,0.0,0,0,0,0,0,0.0,27,44,347,1,0,12.641700368603832,0,3,0,0,0.0,0,0,0,0,0,0,0,0,0,0,0,Pat Bryant,WR,WR,"https://static.www.nfl.com/image/upload/f_auto,q_auto/league/ljo1rgbaewlzsf7tvavm",DEN,75.0,200.0,2002-12-10,
00-0040135,0,0,0,0,0,0,0,0,0,0.0,0.0,0,0,0,0,0,0.0,0,0,0,0,0,0.0,0,8,0,1,0.0,0,0,0,0,0,0,0,0,0,0,0,Nick Martin,LB,LB,"https://static.www.nfl.com/image/upload/f_auto,q_auto/league/cbeyemtjdosfcdhpy1fx",SF,71.0,221.0,2002-10-13,
00-0040136,0,0,0,0,0,0,0,0,0,0.0,0.0,0,0,0,0,0,0.0,0,0,0,0,0,0.0,0,12,1,1,1.5,0,0,0,0,0,0,0,0,0,0,0,Princely Umanmielen,LB,LB,"https://static.www.nfl.com/image/upload/f_auto,q_auto/league/tujabrenppanxhgla1ed",CAR,76.0,244.0,2002-04-18,
00-0040137,0,0,0,0,0,0,0,0,0,0.0,0.0,0,0,0,0,0,0.0,0,0,0,0,0,0.0,0,5,1,0,1.0,0,0,0,0,0,0,0,0,0,0,0,Jordan Burch,LB,LB,"https://static.www.nfl.com/image/upload/f_auto,q_auto/league/rli6n2wa6jzapeiffwqj",ARI,76.0,279.0,2001-10-10,
00-0040138,0,0,0,0,0,0,0,0,0,0.0,0.0,0,6,12,0,0,-3.0501134131336585,25,34,279,2,0,13.576800842838225,0,0,0,0,0.0,0,0,0,0,30,329,23,624,0,0,0,Jaylin Noel,WR,WR,"https://static.www.nfl.com/image/upload/f_auto,q_auto/league/dajbyvtsggwqinlijxnf",HOU,71.0,200.0,2002-09-04,
00-0040140,0,0,0,0,0,0,0,0,0,0.0,0.0,0,0,0,0,0,0.0,0,0,0,0,0,0.0,0,0,0,0,0.0,0,0,0,0,0,0,0,0,0,0,0,Dylan Fairchild,G,OL,"https://static.www.nfl.com/image/upload/f_auto,q_auto/league/ujw65oq2betcbfqrw4qz",CIN,77.0,318.0,2003-05-08,
00-0040141,0,0,0,0,0,0,0,0,0,0.0,0.0,0,0,0,0,0,0.0,0,0,0,0,0,0.0,0,19,4,0,1.0,0,0,0,0,0,0,0,0,0,0,0,Kevin Winston Jr.,SAF,DB,"https://static.www.nfl.com/image/upload/f_auto,q_auto/league/zeai9xuvlquhwkzztbua",TEN,74.0,213.0,2003-12-02,
00-0040142,0,0,0,0,0,0,0,0,0,0.0,0.0,0,28,69,0,0,-7.71743768820417,1,2,9,0,0,0.24488592892885208,0,0,0,0,0.0,0,0,0,0,0,0,8,190,0,0,0,Kaleb Johnson,RB,RB,"https://static.www.nfl.com/image/upload/f_auto,q_auto/league/sblojderaku4qta1lj2b",PIT,72.0,225.0,2003-08-14,
00-0040143,0,0,0,0,0,0,0,0,0,0.0,0.0,0,0,0,0,0,0.0,0,0,0,0,0,0.0,0,47,7,0,2.0,1,0,0,0,0,0,0,0,0,0,0,Jacob Parrish,CB,DB,"https://static.www.nfl.com/image/upload/f_auto,q_auto/league/xspc6ojezhpflx0jorx4",TB,70.0,198.0,2004-02-29,
00-0040144,0,0,0,0,0,0,0,0,0,0.0,0.0,0,0,0,0,0,0.0,0,0,0,0,0,0.0,0,13,5,1,1.0,0,0,0,0,0,0,0,0,0,0,0,Jamaree Caldwell,DT,DL,"https://static.www.nfl.com/image/upload/f_auto,q_auto/league/odlxf3hv35v963nnbhyw",LAC,73.0,340.0,2000-08-30,
00-0040147,0,0,0,0,0,0,0,0,0,0.0,0.0,0,0,0,0,0,0.0,0,0,0,0,0,0.0,0,0,0,0,0.0,0,0,0,0,0,0,0,0,0,0,0,Jared Wilson,G,OL,"https://static.www.nfl.com/image/upload/f_auto,q_auto/league/tzhrcjgsytozunwl3ovt",NE,75.0,310.0,2003-06-05,
00-0040148,0,0,0,0,0,0,0,0,0,0.0,0.0,0,0,0,0,0,0.0,0,0,0,0,0,0.0,0,53,0,0,0.0,5,0,0,0,0,0,0,0,0,0,0,Xavier Watts,SAF,DB,"https://static.www.nfl.com/image/upload/f_auto,q_auto/league/e0eyuvs0sknx8xytwbcm",ATL,72.0,203.0,2001-11-22,
00-0040149,0,0,0,0,0,0,0,0,0,0.0,0.0,0,0,0,0,0,0.0,0,0,0,0,0,0.0,0,3,0,0,0.0,0,0,0,0,0,0,0,0,0,0,0,Jaylin Smith,CB,DB,"https://static.www.nfl.com/image/upload/f_auto,q_auto/league/pm4jhvtvmy4uvtcuxzpj",HOU,71.0,190.0,2003-11-05,
00-0040152,0,0,0,0,0,0,0,0,0,0.0,0.0,0,0,0,0,0,0.0,0,0,0,0,0,0.0,0,39,4,1,1.0,0,0,0,0,0,0,0,0,0,0,0,Upton Stout,CB,DB,"https://static.www.nfl.com/image/upload/f_auto,q_auto/league/igyjtgzayft05v01yhuz",SF,69.0,182.0,2002-01-09,
00-0040154,0,0,0,0,0,0,0,0,0,0.0,0.0,0,0,0,0,0,0.0,3,3,25,0,0,1.3819832485169172,0,5,0,0,0.0,0,0,0,0,0,0,6,149,0,0,0,Tai Felton,WR,WR,"https://static.www.nfl.com/image/upload/f_auto,q_auto/league/j7vkt74xeefchpraibnx",MIN,73.0,186.0,2003-03-15,
00-0040155,0,0,0,0,0,0,0,0,0,0.0,0.0,0,0,0,0,0,0.0,0,0,0,0,0,0.0,0,22,0,0,0.0,0,0,0,0,0,0,0,0,0,0,0,Danny Stutsman,LB,LB,"https://static.www.nfl.com/image/upload/f_auto,q_auto/league/nww5qdmhiifl2rgls4up",NO,75.0,233.0,2003-03-10,
00-0040156,0,0,0,0,0,0,0,0,0,0.0,0.0,0,0,0,0,0,0.0,0,0,0,0,0,0.0,0,15,1,1,1.5,1,0,0,0,0,0,0,0,0,0,0,Billy Bowman Jr.,SAF,DB,"https://static.www.nfl.com/image/upload/f_auto,q_auto/league/dsgmlgxhg7smwfepuscl",ATL,70.0,194.0,2003-01-13,
00-0040157,0,0,0,0,0,0,0,0,0,0.0,0.0,0,0,0,0,0,0.0,0,0,0,0,0,0.0,0,49,1,0,0.0,1,0,0,0,0,0,0,0,0,0,0,Barrett Carter,LB,LB,"https://static.www.nfl.com/image/upload/f_auto,q_auto/league/lyoza4nusuj5ocndg663",CIN,72.0,230.0,2002-10-23,
00-0040159,0,0,0,0,0,0,0,0,0,0.0,0.0,0,0,0,0,0,0.0,0,0,0,0,0,0.0,0,21,2,1,1.0,1,0,0,0,0,0,0,0,0,0,0,Lathan Ransom,SAF,DB,"https://static.www.nfl.com/image/upload/f_auto,q_auto/league/nfytveo0hvpm3whml1hv",CAR,72.0,206.0,2002-07-16,
00-0040160,0,0,0,0,0,0,0,0,0,0.0,0.0,0,0,0,0,0,0.0,0,0,0,0,0,0.0,0,14,3,0,1.0,2,0,0,0,0,0,0,0,0,0,0,Jack Sawyer,LB,LB,"https://static.www.nfl.com/image/upload/f_auto,q_auto/league/pspl1gft3xd6rycuyf15",PIT,76.0,260.0,2002-05-06,
00-0040161,0,0,0,0,0,0,0,0,0,0.0,0.0,0,0,0,0,0,0.0,0,0,0,0,0,0.0,0,1,0,0,0.0,0,0,0,0,0,0,0,0,0,0,0,Kyle Kennard,LB,LB,"https://static.www.nfl.com/image/upload/f_auto,q_auto/league/beyc1p4pefkpswtczp4x",LAC,77.0,254.0,2001-12-12,
00-0040162,0,0,0,0,0,0,0,0,0,0.0,0.0,0,55,143,0,0,-15.98595526252689,31,37,259,2,1,6.776755864470034,0,1,0,0,0.0,0,0,0,0,0,0,15,360,0,0,0,Dylan Sampson,RB,RB,"https://static.www.nfl.com/image/upload/f_auto,q_auto/league/den1hzzomdxfcsgk88o5",CLE,68.0,201.0,2004-09-14,
00-0040163,0,0,0,0,0,0,0,0,0,0.0,0.0,0,0,0,0,0,0.0,0,0,0,0,0,0.0,0,0,0,0,0.0,0,0,0,0,0,0,0,0,0,0,0,Jalen Travis,OT,OL,"https://static.www.nfl.com/image/upload/f_auto,q_auto/league/iinog7u4y6t4xkj01ud2",IND,80.0,339.0,2002-04-19,
00-0040164,0,0,0,0,0,0,0,0,0,0.0,0.0,0,1,7,0,0,0.2610289920121431,16,32,225,0,0,-5.651687835667195,2,1,0,0,0.0,0,0,2,0,23,314,3,56,0,0,0,Jaylin Lane,WR,WR,"https://static.www.nfl.com/image/upload/f_auto,q_auto/league/ozgin9atyuq92buo2eoa",WAS,70.0,196.0,2002-05-01,
00-0040165,0,0,0,0,0,0,0,0,0,0.0,0.0,0,0,0,0,0,0.0,1,1,3,0,0,2.856503788847476,0,53,3,1,0.0,0,0,0,0,0,0,0,0,0,0,0,Malachi Moore,SAF,DB,"https://static.www.nfl.com/image/upload/f_auto,q_auto/league/p8qkvfe7fk7yst0mne5m",NYJ,71.0,196.0,2001-09-13,
00-0040166,0,0,0,0,0,0,0,0,0,0.0,0.0,0,0,0,0,0,0.0,0,0,0,0,0,0.0,0,26,0,1,0.0,1,0,0,0,0,0,0,0,0,0,0,Quincy Riley,CB,DB,"https://static.www.nfl.com/image/upload/f_auto,q_auto/league/q4qlahpfgvbren4xt0pj",NO,71.0,195.0,2001-05-26,
00-0040167,0,0,0,0,0,0,0,0,0,0.0,0.0,0,0,0,0,0,0.0,0,0,0,0,0,0.0,0,3,0,0,0.0,0,0,0,0,0,0,0,0,0,0,0,Ruben Hyppolite II,LB,LB,"https://static.www.nfl.com/image/upload/f_auto,q_auto/league/vnw1vo7so5m4xfhhckc4",CHI,72.0,236.0,2001-09-16,
00-0040168,0,0,0,0,0,0,0,0,0,0.0,0.0,0,0,0,0,0,0.0,0,0,0,0,0,0.0,0,5,3,0,0.5,0,0,0,0,0,0,0,0,0,0,0,Que Robinson,LB,LB,"https://static.www.nfl.com/image/upload/f_auto,q_auto/league/is2yod1ytmcacyyqotj5",DEN,76.0,243.0,2001-05-12,
00-0040169,0,0,0,0,0,0,0,0,0,0.0,0.0,0,0,0,0,0,0.0,0,0,0,0,0,0.0,0,6,3,0,2.0,0,0,0,0,0,0,0,0,0,0,0,Tonka Hemingway,DT,DL,"https://static.www.nfl.com/image/upload/f_auto,q_auto/league/naoeqgrcfxdgtdrimc6v",LV,74.0,284.0,2001-10-31,
00-0040170,0,0,0,0,0,0,0,0,0,0.0,0.0,0,0,0,0,0,0.0,38,79,465,4,0,-1.3872502888614209,0,1,0,0,0.0,0,0,0,0,0,0,0,0,0,0,0,Elic Ayomanor,WR,WR,"https://static.www.nfl.com/image/upload/f_auto,q_auto/league/aekfvt5nyl69emvxr2yj",TEN,74.0,206.0,2003-06-03,
00-0040171,0,0,0,0,0,0,0,0,0,0.0,0.0,0,0,0,0,0,0.0,0,0,0,0,0,0.0,0,6,1,0,0.0,0,0,0,0,0,0,0,0,0,0,0,Joshua Farmer,DT,DL,"https://static.www.nfl.com/image/upload/f_auto,q_auto/league/az6rfypeom5vj5xymqbw",NE,75.0,312.0,2003-01-17,
00-0040172,0,0,0,0,0,0,0,0,0,0.0,0.0,0,0,0,0,0,0.0,2,3,26,0,0,0.9922397133777849,0,0,0,0,0.0,0,0,0,0,0,0,0,0,0,0,0,Jordan Watkins,WR,WR,"https://static.www.nfl.com/image/upload/f_auto,q_auto/league/cdwpo3lveebc92rzcdas",SF,71.0,196.0,2002-02-15,
00-0040173,0,0,0,0,0,0,0,0,0,0.0,0.0,0,0,0,0,0,0.0,0,0,0,0,0,0.0,0,6,2,0,1.0,0,0,0,0,0,0,0,0,0,0,0,Tyrion Ingram-Dawkins,DT,DL,"https://static.www.nfl.com/image/upload/f_auto,q_auto/league/lkpgbo1ftwfrp18wrbxv",MIN,77.0,290.0,2003-06-26,
00-0040174,0,0,0,0,0,0,0,0,0,0.0,0.0,0,0,0,0,0,0.0,0,0,0,0,0,0.0,0,2,0,0,0.0,0,0,0,0,0,0,0,0,0,0,0,Cam Jackson,DT,DL,"https://static.www.nfl.com/image/upload/f_auto,q_auto/league/xxxuppsldwpxstrwfo9u",CAR,78.0,328.0,2002-08-07,
00-0040175,0,0,0,0,0,0,0,0,0,0.0,0.0,0,0,0,0,0,0.0,0,0,0,0,0,0.0,0,7,1,0,0.0,0,0,0,0,0,0,0,0,0,0,0,Jordan Phillips,DT,DL,"https://static.www.nfl.com/image/upload/f_auto,q_auto/league/e9ggqzobdb4aevpq3rlc",MIA,75.0,305.0,2004-06-30,
00-0040176,0,0,0,0,0,0,0,0,0,0.0,0.0,0,0,0,0,0,0.0,0,0,0,0,0,0.0,0,1,0,0,0.0,0,0,0,0,0,0,0,0,0,0,0,Bradyn Swinson,LB,LB,"https://static.www.nfl.com/image/upload/f_auto,q_auto/league/jchmem1r3llp4iosoclt",NE,76.0,255.0,2002-07-04,
00-0040178,0,0,0,0,0,0,0,0,0,0.0,0.0,0,0,0,0,0,0.0,0,0,0,0,0,0.0,0,13,1,0,0.0,1,0,0,0,0,0,0,0,0,0,0,Jason Marshall Jr.,CB,DB,"https://static.www.nfl.com/image/upload/f_auto,q_auto/league/chf1ow0awwha9hrcoqxc",MIA,72.0,204.0,2002-09-06,
00-0040179,0,0,0,0,0,0,0,0,0,0.0,0.0,0,18,66,0,0,0.331832581490744,0,2,0,0,0,-1.6577324853126858,0,0,0,0,0.0,0,0,0,0,0,0,0,0,0,0,0,DJ Giddens,RB,RB,"https://static.www.nfl.com/image/upload/f_auto,q_auto/league/uohb3wkn00ew1chqyjue",IND,73.0,212.0,2003-08-26,
00-0040180,0,0,0,0,0,0,0,0,0,0.0,0.0,0,0,0,0,0,0.0,0,0,0,0,0,0.0,0,0,0,0,0.0,0,0,0,0,0,0,0,0,0,0,0,Jalen Rivers,OT,OL,"https://static.www.nfl.com/image/upload/f_auto,q_auto/league/yypchbzegba5ptv3yqbf",CIN,77.0,319.0,2002-09-12,
00-0040181,0,0,0,0,0,0,0,0,0,0.0,0.0,0,0,0,0,0,0.0,0,0,0,0,0,0.0,0,0,0,0,0.0,0,0,0,0,0,0,0,0,0,0,0,Marcus Mbow,G,OL,"https://static.www.nfl.com/image/upload/f_auto,q_auto/league/frnz5wwezwz01rxxbeeh",NYG,77.0,300.0,2003-04-02,
00-0040182,0,0,0,0,0,0,0,0,0,0.0,0.0,0,0,0,0,0,0.0,0,0,0,0,0,0.0,0,25,0,1,0.0,0,0,0,0,0,0,0,0,0,0,0,Dante Trader Jr.,SAF,DB,"https://static.www.nfl.com/image/upload/f_auto,q_auto/league/nffbi3a32ngmczzvxcz0",MIA,71.0,202.0,2003-02-13,
00-0040183,0,0,0,0,0,0,0,0,0,0.0,0.0,0,0,0,0,0,0.0,0,0,0,0,0,0.0,0,8,2,0,2.0,0,0,0,0,0,0,0,0,0,0,0,Elijah Roberts,DE,DL,"https://static.www.nfl.com/image/upload/f_auto,q_auto/league/wbr8dtnyw18fpq6tt7lh",TB,76.0,295.0,2001-12-24,
00-0040184,0,0,0,0,0,0,0,0,0,0.0,0.0,0,0,0,0,0,0.0,3,7,27,1,0,2.915966148080771,0,0,0,0,0.0,0,0,0,0,0,0,16,373,0,0,0,KeAndre Lambert-Smith,WR,WR,"https://static.www.nfl.com/image/upload/f_auto,q_auto/league/xhhzgylwh0ptvpaghnuu",LAC,73.0,182.0,2001-10-16,
00-0040185,0,0,0,0,0,0,0,0,0,0.0,0.0,0,0,0,0,0,0.0,0,0,0,0,0,0.0,0,28,1,0,0.0,0,0,0,0,0,0,0,0,0,0,0,Marques Sigle,SAF,DB,"https://static.www.nfl.com/image/upload/f_auto,q_auto/league/njl59cs0r2vlnob8uz8k",SF,71.0,199.0,2002-07-18,
00-0040186,0,0,0,0,0,0,0,0,0,0.0,0.0,0,0,0,0,0,0.0,0,0,0,0,0,0.0,0,16,0,0,0.0,0,0,0,0,0,0,0,0,0,0,0,Francisco Mauigoa,LB,LB,"https://static.www.nfl.com/image/upload/f_auto,q_auto/league/e9v5ipktxb3yepsq0abj",NYJ,74.0,233.0,2003-03-17,
00-0040187,0,0,0,0,0,0,0,0,0,0.0,0.0,0,1,1,0,0,1.7842922472627831,18,23,166,2,0,4.052117915562121,0,0,0,0,0.0,0,0,0,0,0,0,0,0,0,0,0,Mitchell Evans,TE,TE,"https://static.www.nfl.com/image/upload/f_auto,q_auto/league/gbu3iik4i1mi6vllmwlz",CAR,77.0,258.0,2003-03-18,
00-0040188,0,0,0,0,0,0,0,0,0,0.0,0.0,0,0,0,0,0,0.0,0,0,0,0,0,0.0,0,10,0,2,0.0,0,0,0,0,0,0,0,0,0,0,0,Yahya Black,DE,DL,"https://static.www.nfl.com/image/upload/f_auto,q_auto/league/nhynksyggst8wuiprrfo",PIT,77.0,336.0,2002-04-21,
00-0040189,0,0,0,0,0,0,0,0,0,0.0,0.0,0,0,0,0,0,0.0,47,67,641,3,1,14.101113821585782,0,0,0,0,0.0,0,0,0,0,0,0,0,0,0,0,0,Oronde Gadsden II,TE,TE,"https://static.www.nfl.com/image/upload/f_auto,q_auto/league/r8b4oghjwhw8x9nv1wbs",LAC,77.0,236.0,2003-06-25,
00-0040192,0,0,0,0,0,0,0,0,0,0.0,0.0,0,0,0,0,0,0.0,0,0,0,0,0,0.0,0,8,0,0,0.0,0,0,0,0,0,0,0,0,0,0,0,Jordan Hancock,CB,DB,"https://static.www.nfl.com/image/upload/f_auto,q_auto/league/si9jap5xrlrxqge8tu2n",BUF,73.0,195.0,2003-08-12,
00-0040193,0,0,0,0,0,0,0,0,0,0.0,0.0,0,0,0,0,0,0.0,0,0,0,0,0,0.0,0,0,0,0,0.0,0,0,0,0,0,0,0,0,0,0,0,Miles Frazier,G,OL,"https://static.www.nfl.com/image/upload/f_auto,q_auto/league/asa4zimgj3iqzky8kz46",DET,78.0,325.0,2001-09-12,
00-0040194,0,0,0,0,0,0,0,0,0,0.0,0.0,0,0,0,0,0,0.0,15,18,187,3,0,15.549123918288387,0,0,0,0,0.0,0,0,0,0,0,0,0,0,0,0,0,Jackson Hawes,TE,TE,"https://static.www.nfl.com/image/upload/f_auto,q_auto/league/nmulibermshvvmemgupo",BUF,76.0,253.0,2000-12-06,
00-0040195,0,0,0,0,0,0,0,0,0,0.0,0.0,0,0,0,0,0,0.0,0,0,0,0,0,0.0,0,28,2,0,0.0,3,0,0,0,0,0,0,0,0,0,0,Denzel Burke,CB,DB,"https://static.www.nfl.com/image/upload/f_auto,q_auto/league/bbw1bwj7tnuiv8vyc48b",ARI,71.0,190.0,2002-11-10,
00-0040196,0,0,0,0,0,0,0,0,0,0.0,0.0,0,0,0,0,0,0.0,0,0,0,0,0,0.0,0,4,1,0,0.0,0,0,0,0,0,0,0,0,0,0,0,Tyler Baron,DE,DL,"https://static.www.nfl.com/image/upload/f_auto,q_auto/league/v9mbzoaeie7jm6jt4gdx",NYJ,76.0,258.0,2001-10-22,
00-0040197,0,0,0,0,0,0,0,0,0,0.0,0.0,0,0,0,0,0,0.0,0,0,0,0,0,0.0,0,9,0,0,0.0,0,0,0,0,0,0,0,0,0,0,0,Dorian Strong,CB,DB,"https://static.www.nfl.com/image/upload/f_auto,q_auto/league/alxdcy6excheslkfjcfk",BUF,72.0,185.0,2002-03-14,
00-0040198,0,0,0,0,0,0,0,0,0,0.0,0.0,0,61,190,3,0,-6.90514482913025,6,8,30,1,0,-2.831030193541665,0,2,0,0,0.0,0,0,0,0,0,0,1,25,0,0,0,Ollie Gordon II,RB,RB,"https://static.www.nfl.com/image/upload/f_auto,q_auto/league/bv33rgypaauv7sealwkr",MIA,74.0,225.0,2004-01-15,
00-0040199,0,0,0,0,0,0,0,0,0,0.0,0.0,0,0,0,0,0,0.0,0,0,0,0,0,0.0,0,3,1,0,0.0,0,0,0,0,0,0,0,0,0,0,0,JJ Pegues,DT,DL,"https://static.www.nfl.com/image/upload/f_auto,q_auto/league/dvqvxiv0lmy8wyunoztu",LV,74.0,325.0,2001-11-25,
00-0040200,0,0,0,0,0,0,0,0,0,0.0,0.0,0,0,0,0,0,0.0,0,0,0,0,0,0.0,0,1,0,0,0.0,0,0,0,0,0,0,0,0,26,30,0,Andy Borregales,K,SPEC,"https://static.www.nfl.com/image/upload/f_auto,q_auto/league/jgxnjxhysqwqk4fgf1ke",NE,71.0,202.0,2003-01-02,0.6666666666666666
00-0040201,0,0,0,0,0,0,0,0,0,0.0,0.0,0,0,0,0,0,0.0,0,0,0,0,0,0.0,0,17,1,1,0.0,0,0,0,0,0,0,0,0,0,0,0,Marcus Harris,CB,DB,"https://static.www.nfl.com/image/upload/f_auto,q_auto/league/hvjye0qefdut1vzbcgkh",TEN,71.0,188.0,2001-03-06,
00-0040202,0,0,0,0,0,0,0,0,0,0.0,0.0,0,57,206,2,0,-7.868391163792694,17,19,104,0,0,-2.227445090147002,0,1,0,0,0.0,0,0,0,0,0,0,7,152,0,0,0,Devin Neal,RB,RB,"https://static.www.nfl.com/image/upload/f_auto,q_auto/league/e0pzghslevb27ssozx4s",NO,71.0,213.0,2003-08-12,
00-0040204,0,0,0,0,0,0,0,0,0,0.0,0.0,0,0,0,0,0,0.0,0,0,0,0,0,0.0,0,9,0,0,0.0,0,0,0,0,0,0,0,0,0,0,0,Jaylen Reed,SAF,DB,"https://static.www.nfl.com/image/upload/f_auto,q_auto/league/xwfbvbjref1iuik9qhx8",HOU,72.0,212.0,2003-01-29,
00-0040205,0,0,0,0,0,0,0,0,0,0.0,0.0,0,3,7,0,0,-0.5381028491538018,0,0,0,0,0,0.0,0,1,0,0,0.0,0,0,0,0,0,0,0,0,0,0,0,Kalel Mullings,RB,RB,"https://static.www.nfl.com/image/upload/f_auto,q_auto/league/jaymtuoljhnetzekrgqx",TEN,74.0,226.0,2002-10-04,
00-0040206,18,33,145,0,2,1,-9,0,0,-10.078568219438454,-154.47547785167035,0,3,6,1,0,1.5703654802055098,0,0,0,0,0,0.0,0,0,0,0,0.0,0,0,0,0,0,0,0,0,0,0,0,Riley Leonard,QB,QB,"https://static.www.nfl.com/image/upload/f_auto,q_auto/league/vzdcrhp4p5kjmuhn7yay",IND,76.0,213.0,2002-09-13,
00-0040208,0,0,0,0,0,0,0,0,0,0.0,0.0,0,16,45,0,0,-4.071182863786817,1,2,9,0,0,-8.030238778330386,0,5,0,0,0.0,0,0,0,0,0,0,10,258,0,0,0,Tahj Brooks,RB,RB,"https://static.www.nfl.com/image/upload/f_auto,q_auto/league/wi7smnfts8t04wnd0n3p",CIN,69.0,220.0,2002-05-13,
00-0040213,0,0,0,0,0,0,0,0,0,0.0,0.0,0,0,0,0,0,0.0,0,0,0,0,0,0.0,0,10,0,0,0.0,0,0,0,0,0,0,0,0,0,0,0,Rayuan Lane III,SAF,DB,"https://static.www.nfl.com/image/upload/f_auto,q_auto/league/emzamsuwuuxtpw4natjw",JAX,71.0,197.0,2003-07-21,
00-0040214,0,0,0,0,0,0,0,0,0,0.0,0.0,0,0,0,0,0,0.0,0,0,0,0,0,0.0,0,5,0,0,0.0,0,0,0,0,0,0,0,0,0,0,0,Kobe King,LB,LB,"https://static.www.nfl.com/image/upload/f_auto,q_auto/league/sdbdytvgxowtgi92inpv",MIN,73.0,250.0,2003-01-28,
00-0040216,0,0,0,0,0,0,0,0,0,0.0,0.0,0,0,0,0,0,0.0,0,0,0,0,0,0.0,0,3,0,0,0.0,0,0,0,0,0,0,0,0,0,0,0,Kain Medrano,LB,LB,"https://static.www.nfl.com/image/upload/f_auto,q_auto/league/a9c6sezqfgnpwxnc3sl2",WAS,75.0,230.0,2001-02-16,
00-0040218,0,0,0,0,0,0,0,0,0,0.0,0.0,0,8,69,0,0,4.345113087503705,10,14,93,0,0,2.7241576902753137,0,0,0,0,0.0,0,0,0,0,0,0,0,0,0,0,0,Jimmy Horn Jr.,WR,WR,"https://static.www.nfl.com/image/upload/f_auto,q_auto/league/gggcgfbghcft0xwxtrhk",CAR,68.0,174.0,2002-09-12,
00-0040221,0,0,0,0,0,0,0,0,0,0.0,0.0,0,0,0,0,0,0.0,0,0,0,0,0,0.0,0,18,0,0,0.0,2,0,0,0,0,0,0,0,0,0,0,R.J. Mickens,SAF,DB,"https://static.www.nfl.com/image/upload/f_auto,q_auto/league/ukzfqydyiezmemut0zoe",LAC,72.0,210.0,2001-07-10,
00-0040223,0,0,0,0,0,0,0,0,0,0.0,0.0,0,0,0,0,0,0.0,0,0,0,0,0,0.0,0,0,0,0,0.0,0,0,0,0,0,0,0,0,0,0,0,Jeremy Crawshaw,P,SPEC,"https://static.www.nfl.com/image/upload/f_auto,q_auto/league/nqnll8kqdpeuajt2lkyx",DEN,75.0,205.0,2001-05-22,
00-0040224,0,0,0,0,0,0,0,0,0,0.0,0.0,0,0,0,0,0,0.0,0,0,0,0,0,0.0,0,0,0,0,0.0,0,0,0,0,0,0,0,0,0,0,0,Jack Nelson,OT,OL,"https://static.www.nfl.com/image/upload/f_auto,q_auto/league/b7u6stspsu1odnwktqwz",ATL,79.0,314.0,2002-01-15,
00-0040225,0,0,0,0,0,0,0,0,0,0.0,0.0,0,0,0,0,0,0.0,0,0,0,0,0,0.0,0,1,0,0,0.0,0,0,0,0,0,0,0,0,0,0,0,Thomas Fidone II,TE,TE,"https://static.www.nfl.com/image/upload/f_auto,q_auto/league/vbaqpkcxcfwh9dhzescy",NYG,78.0,255.0,2002-09-20,
00-0040228,0,0,0,0,0,0,0,0,0,0.0,0.0,0,0,0,0,0,0.0,0,0,0,0,0,0.0,0,4,0,0,0.0,0,0,0,0,0,0,0,0,0,0,0,Cody Lindenberg,LB,LB,"https://static.www.nfl.com/image/upload/f_auto,q_auto/league/fkyosruw3thae4zuxksu",LV,74.0,236.0,2002-01-15,
00-0040230,0,0,0,0,0,0,0,0,0,0.0,0.0,0,0,0,0,0,0.0,0,0,0,0,0,0.0,0,11,0,0,0.0,0,0,0,0,0,0,0,0,0,0,0,Kitan Crawford,SAF,DB,"https://static.www.nfl.com/image/upload/f_auto,q_auto/league/yitfnwsstvdstxcktfh6",ARI,71.0,202.0,2001-12-31,
00-0040231,0,0,0,0,0,0,0,0,0,0.0,0.0,0,0,0,0,0,0.0,0,0,0,0,0,0.0,0,7,0,0,0.0,0,0,0,0,0,0,0,0,0,0,0,Carson Bruener,LB,LB,"https://static.www.nfl.com/image/upload/f_auto,q_auto/league/vuf75qxgpwpimtkt8skl",PIT,74.0,226.0,2001-06-06,
00-0040234,39,60,485,2,2,4,-39,1,0,6.386488504202044,-3.6491856632935216,0,7,10,0,2,-5.591489144950174,1,1,-6,0,0,-1.5018550147651697,0,0,0,0,0.0,0,0,0,0,0,0,0,0,0,0,0,Quinn Ewers,QB,QB,"https://static.www.nfl.com/image/upload/f_auto,q_auto/league/wikumn4ijbsxyuhtv1vz",MIA,74.0,209.0,2003-03-15,
00-0040236,0,0,0,0,0,0,0,0,0,0.0,0.0,0,163,769,5,0,4.706377468319379,17,29,149,0,0,-7.173629322161062,0,0,0,0,0.0,0,0,0,0,0,0,0,0,0,0,0,Kyle Monangai,RB,RB,"https://static.www.nfl.com/image/upload/f_auto,q_auto/league/cici2wf1walmoluhe95i",CHI,68.0,207.0,2002-06-06,
00-0040237,0,0,0,0,0,0,0,0,0,0.0,0.0,0,6,17,0,0,-1.1643764040782116,27,43,305,5,0,14.898065017999624,0,0,0,0,0.0,0,0,0,0,0,0,0,0,0,0,0,Tez Johnson,WR,WR,"https://static.www.nfl.com/image/upload/f_auto,q_auto/league/zjtu1bcayjh9qunkxs9z",TB,70.0,165.0,2002-05-18,
00-0040238,0,0,0,0,0,0,0,0,0,0.0,0.0,0,23,94,0,0,-3.2343117187847383,10,11,54,0,0,-3.860799541357677,0,1,0,1,0.0,0,0,0,0,0,0,24,617,0,0,0,LeQuint Allen Jr.,RB,RB,"https://static.www.nfl.com/image/upload/f_auto,q_auto/league/i0utigksuuvo2njb9wtk",JAX,72.0,201.0,2004-08-05,
00-0040241,0,0,0,0,0,0,0,0,0,0.0,0.0,0,0,0,0,0,0.0,0,0,0,0,0,0.0,0,0,0,0,0.0,0,0,0,0,0,0,1,22,0,0,0,Dominic Lovett,WR,WR,"https://static.www.nfl.com/image/upload/f_auto,q_auto/league/fzxlfb3wl37vyzwfmbmk",DET,70.0,185.0,2002-11-08,
00-0040242,0,0,0,0,0,0,0,0,0,0.0,0.0,0,162,776,8,3,-2.4688512039864436,9,13,68,0,0,1.0342133147642016,0,0,0,0,0.0,0,0,0,0,0,0,0,0,0,0,0,Jacory Croskey-Merritt,RB,RB,"https://static.www.nfl.com/image/upload/f_auto,q_auto/league/tklzj7zzve1t4z2hhr1g",WAS,71.0,208.0,2001-04-12,
00-0040243,0,0,0,0,0,0,0,0,0,0.0,0.0,0,0,0,0,0,0.0,0,0,0,0,0,0.0,0,6,1,0,0.0,0,0,0,0,0,0,0,0,0,0,0,Korie Black,CB,DB,"https://static.www.nfl.com/image/upload/f_auto,q_auto/league/ulzvk0ytwjmtrqemlmhd",NYG,72.0,190.0,2002-06-22,
00-0040244,0,0,0,0,0,0,0,0,0,0.0,0.0,0,0,0,0,0,0.0,2,2,10,0,0,0.186369166476652,0,0,0,0,0.0,0,0,0,0,0,0,0,0,0,0,0,Moliki Matavao,TE,TE,"https://static.www.nfl.com/image/upload/f_auto,q_auto/league/rwiaj2lks7kzqbxdulyy",NO,80.0,263.0,2003-03-17,
00-0040245,0,0,0,0,0,0,0,0,0,0.0,0.0,0,0,0,0,0,0.0,1,1,-1,0,0,-1.2148527413199173,0,0,0,0,0.0,0,0,0,0,0,0,0,0,0,0,0,Connor Colby,G,OL,"https://static.www.nfl.com/image/upload/f_auto,q_auto/league/b0b2krvxbpylwerralyx",SF,77.0,309.0,2003-01-16,
00-0040246,0,0,0,0,0,0,0,0,0,0.0,0.0,0,0,0,0,0,0.0,0,0,0,0,0,0.0,0,2,0,0,0.0,0,0,0,0,0,0,0,0,0,0,0,Julian Ashby,LS,SPEC,"https://static.www.nfl.com/image/upload/f_auto,q_auto/league/qlam8vwdvr3fxlbcbotw",NE,73.0,231.0,2002-07-08,
00-0040248,0,0,0,0,0,0,0,0,0,0.0,0.0,0,0,0,0,0,0.0,0,0,0,0,0,0.0,0,5,1,0,1.5,0,0,0,0,0,0,0,0,0,0,0,Zeek Biggers,DT,DL,"https://static.www.nfl.com/image/upload/f_auto,q_auto/league/koyblxerkw9bj2ui64th",MIA,78.0,319.0,2003-10-04,
00-0040249,0,0,0,0,0,0,0,0,0,0.0,0.0,0,0,0,0,0,0.0,0,0,0,0,0,0.0,0,0,0,0,0.0,0,0,0,0,0,0,0,0,0,0,0,Fadil Diggs,LB,LB,"https://static.www.nfl.com/image/upload/f_auto,q_auto/league/oyuhjwmnw2mnr75h5udw",NO,77.0,261.0,2001-10-15,
00-0040251,0,0,0,0,0,0,0,0,0,0.0,0.0,0,0,0,0,0,0.0,0,0,0,0,0,0.0,0,15,0,0,0.0,1,0,0,0,0,0,0,0,0,0,0,Trikweze Bridges,CB,DB,"https://static.www.nfl.com/image/upload/f_auto,q_auto/league/gjjfpzprpesl0q2ujavn",DAL,74.0,200.0,2000-09-20,
00-0040252,0,0,0,0,0,0,0,0,0,0.0,0.0,0,0,0,0,0,0.0,0,0,0,0,0,0.0,0,1,0,0,0.0,0,0,0,0,0,0,0,0,0,0,0,Kobee Minor,DB,DB,"https://static.www.nfl.com/image/upload/f_auto,q_auto/league/ni03g9qaavvfbyzt7zck",NE,71.0,188.0,2002-07-08,
00-0040255,0,0,0,0,0,0,0,0,0,0.0,0.0,0,0,0,0,0,0.0,0,0,0,0,0,0.0,0,7,0,0,0.5,0,0,0,0,0,0,0,0,0,0,0,Adin Huntington,DE,DL,"https://static.www.nfl.com/image/upload/f_auto,q_auto/league/zqevui8ikmsi20blzgot",CLE,73.0,281.0,2002-03-18,
00-0040258,0,0,0,0,0,0,0,0,0,0.0,0.0,0,0,0,0,0,0.0,0,0,0,0,0,0.0,0,4,0,0,0.0,0,0,0,0,0,0,0,0,0,0,0,Dom Jones,CB,DB,"https://static.www.nfl.com/image/upload/f_auto,q_auto/league/drlhingyoocycjx2j7qc",CLE,74.0,192.0,2000-07-16,
00-0040259,0,0,0,0,0,0,0,0,0,0.0,0.0,0,1,3,0,0,-0.8114259385038167,7,14,71,0,0,-4.781514537156792,0,0,0,0,0.0,0,0,4,0,22,161,0,0,0,0,0,Gage Larvadain,WR,WR,"https://static.www.nfl.com/image/upload/f_auto,q_auto/league/ghzcze6fe8cmvu2vrkyo",CLE,68.0,171.0,2003-01-03,
00-0040261,0,0,0,0,0,0,0,0,0,0.0,0.0,0,0,0,0,0,0.0,0,0,0,0,0,0.0,0,3,0,0,0.0,0,0,0,0,0,0,0,0,0,0,0,Easton Mascarenas-Arnold,LB,LB,"https://static.www.nfl.com/image/upload/f_auto,q_auto/league/ms3shd56ki1juzpdzuly",CLE,71.0,226.0,2002-09-13,
00-0040263,0,0,0,0,0,0,0,0,0,0.0,0.0,0,0,0,0,0,0.0,0,0,0,0,0,0.0,0,6,1,0,1.0,0,0,0,0,0,0,0,0,0,0,0,Donovan McMillon,SAF,DB,"https://static.www.nfl.com/image/upload/f_auto,q_auto/league/fbnuqvyuya1btewfzslw",CLE,74.0,203.0,2002-06-18,
00-0040277,0,0,0,0,0,0,0,0,0,0.0,0.0,0,0,0,0,0,0.0,4,7,51,1,0,4.234325480938423,0,0,0,0,0.0,0,0,0,0,0,0,0,0,0,0,0,Jahdae Walker,WR,WR,"https://static.www.nfl.com/image/upload/f_auto,q_auto/league/h3pgfkuao7n0txq0qtd6",CHI,75.0,206.0,2002-07-05,
00-0040279,0,0,0,0,0,0,0,0,0,0.0,0.0,0,0,0,0,0,0.0,0,0,0,0,0,0.0,0,1,0,0,0.0,0,0,0,0,0,0,0,0,24,28,1,Ryan Fitzgerald,K,SPEC,"https://static.www.nfl.com/image/upload/f_auto,q_auto/league/abfug5vjak5ixdcqca7x",CAR,71.0,193.0,2000-08-13,1.0
00-0040289,0,0,0,0,0,0,0,0,0,0.0,0.0,0,0,0,0,0,0.0,0,0,0,0,0,0.0,0,7,1,1,0.0,0,0,0,0,0,0,0,0,0,0,0,Bam Martin-Scott,LB,LB,"https://static.www.nfl.com/image/upload/f_auto,q_auto/league/fvfw5drjy4cxaotvve69",CAR,74.0,231.0,2000-07-04,
00-0040295,0,0,0,0,0,0,0,0,0,0.0,0.0,0,0,0,0,0,0.0,0,0,0,0,0,0.0,0,0,0,0,0.0,0,0,0,0,0,0,0,0,0,0,0,Trevian Thomas,SAF,DB,"https://static.www.nfl.com/image/upload/f_auto,q_auto/league/h1dafnkoaft9gldc6beo",CAR,71.0,196.0,2002-03-04,
00-0040296,0,0,0,0,0,0,0,0,0,0.0,0.0,0,0,0,0,0,0.0,0,0,0,0,0,0.0,0,8,0,1,0.0,0,0,0,0,0,0,0,0,0,0,0,Corey Thornton,CB,DB,"https://static.www.nfl.com/image/upload/f_auto,q_auto/league/tlmmgdiwijyhzguzyjwy",CAR,73.0,195.0,2001-01-30,
00-0040311,0,0,0,0,0,0,0,0,0,0.0,0.0,0,0,0,0,0,0.0,3,5,95,1,0,3.325537035008892,0,0,0,0,0.0,0,0,0,0,0,0,0,0,0,0,0,Theo Wease Jr.,WR,WR,"https://static.www.nfl.com/image/upload/f_auto,q_auto/league/iykujtgwn2x1ymy7jdxw",MIA,74.0,210.0,2001-06-25,
00-0040314,0,0,0,0,0,0,0,0,0,0.0,0.0,0,0,0,0,0,0.0,0,0,0,0,0,0.0,0,2,1,0,1.0,0,0,0,0,0,0,0,0,0,0,0,Ricky Barber,DT,DL,"https://static.www.nfl.com/image/upload/f_auto,q_auto/league/vughlwfjshabiavyyxfs",WAS,75.0,295.0,2001-01-31,
00-0040317,0,0,0,0,0,0,0,0,0,0.0,0.0,0,0,0,0,0,0.0,1,1,25,0,0,1.5626438096514903,0,0,0,0,0.0,0,0,0,0,0,0,0,0,0,0,0,Jacoby Jones,WR,WR,"https://static.www.nfl.com/image/upload/f_auto,q_auto/league/jfy4bvrbzlpyreglk79s",WAS,75.0,228.0,2001-07-18,
00-0040318,0,0,0,0,0,0,0,0,0,0.0,0.0,0,0,0,0,0,0.0,0,0,0,0,0,0.0,0,2,0,0,0.0,0,0,0,0,0,0,0,0,0,0,0,Ale Kaho,LB,LB,"https://static.www.nfl.com/image/upload/f_auto,q_auto/league/roqau9uehkwexrwqij8u",WAS,74.0,230.0,2000-04-07,
00-0040326,0,0,0,0,0,0,0,0,0,0.0,0.0,0,0,0,0,0,0.0,0,0,0,0,0,0.0,0,2,0,1,0.0,0,0,0,0,0,0,0,0,0,0,0,Branson Combs,LB,LB,"https://static.www.nfl.com/image/upload/f_auto,q_auto/league/vw3vnd5qllxsvf6eeinn",JAX,75.0,228.0,2000-07-14,
00-0040329,0,0,0,0,0,0,0,0,0,0.0,0.0,0,0,0,0,0,0.0,0,0,0,0,0,0.0,0,6,2,0,2.0,0,0,0,0,0,0,0,0,0,0,0,BJ Green II,DE,DL,"https://static.www.nfl.com/image/upload/f_auto,q_auto/league/ozs0yiy8cfhwplbjdgnd",JAX,73.0,270.0,2003-07-03,
00-0040339,0,0,0,0,0,0,0,0,0,0.0,0.0,0,0,0,0,0,0.0,0,0,0,0,0,0.0,0,2,0,0,0.0,0,0,0,0,0,0,0,0,0,0,0,Cam'Ron Silmon-Craig,DB,DB,"https://static.www.nfl.com/image/upload/f_auto,q_auto/league/sdlpu4khplzqtchb5syg",JAX,70.0,185.0,2002-10-30,
00-0040342,0,0,0,0,0,0,0,0,0,0.0,0.0,0,0,0,0,0,0.0,0,0,0,0,0,0.0,0,6,0,0,0.5,0,0,0,0,0,0,0,0,0,0,0,Danny Striggow,DE,DL,"https://static.www.nfl.com/image/upload/f_auto,q_auto/league/qalm38ldbufzxr5lbbjk",JAX,77.0,255.0,2002-07-24,
00-0040347,0,0,0,0,0,0,0,0,0,0.0,0.0,0,0,0,0,0,0.0,0,0,0,0,0,0.0,0,19,0,0,0.0,0,0,0,0,0,0,0,0,0,0,0,Johnathan Edwards,CB,DB,"https://static.www.nfl.com/image/upload/f_auto,q_auto/league/hvshzsyqwcqqtfdltrpu",IND,73.0,200.0,2001-11-16,
00-0040352,0,0,0,0,0,0,0,0,0,0.0,0.0,0,0,0,0,0,0.0,0,1,0,0,0,-3.259766154224053,0,0,0,0,0.0,0,0,0,0,1,2,5,141,0,0,0,Coleman Owen,WR,WR,"https://static.www.nfl.com/image/upload/f_auto,q_auto/league/rvjkyuhymdjax5jk9bf6",IND,70.0,181.0,2001-03-23,
00-0040357,0,0,0,0,0,0,0,0,0,0.0,0.0,0,0,0,0,0,0.0,0,0,0,0,0,0.0,0,0,0,0,0.0,0,0,0,0,0,0,0,0,0,0,0,Trey Washington,SAF,DB,"https://static.www.nfl.com/image/upload/f_auto,q_auto/league/p3t9mxultgfpepu09sme",IND,70.0,205.0,2002-12-09,
00-0040362,0,0,0,0,0,0,0,0,0,0.0,0.0,0,0,0,0,0,0.0,0,0,0,0,0,0.0,0,2,0,0,0.0,0,0,0,0,0,0,0,0,0,0,0,Keonta Jenkins,LB,LB,"https://static.www.nfl.com/image/upload/f_auto,q_auto/league/dfm3e8943azsxp4zwpr7",BUF,74.0,211.0,2002-01-26,
00-0040363,0,0,0,0,0,0,0,0,0,0.0,0.0,0,0,0,0,0,0.0,1,1,4,0,0,-0.440488452790305,0,1,0,0,0.0,0,0,0,0,0,0,0,0,0,0,0,Keleki Latu,TE,TE,"https://static.www.nfl.com/image/upload/f_auto,q_auto/league/yqhw4wguafosmzae7idl",BUF,78.0,249.0,2002-08-13,
00-0040369,0,0,0,0,0,0,0,0,0,0.0,0.0,0,0,0,0,0,0.0,0,0,0,0,0,0.0,0,2,0,0,0.0,0,0,0,0,0,0,0,0,0,0,0,Howard Cross III,DT,DL,"https://static.www.nfl.com/image/upload/f_auto,q_auto/league/c14y9hq7dq3e6wfuiqi7",CIN,73.0,285.0,2001-07-31,
00-0040371,0,0,0,0,0,0,0,0,0,0.0,0.0,0,0,0,0,0,0.0,0,0,0,0,0,0.0,0,1,0,0,0.0,0,0,0,0,0,0,0,0,0,0,0,Eric Gregory,DT,DL,"https://static.www.nfl.com/image/upload/f_auto,q_auto/league/ycfbf89kkgotgpldra6o",NE,75.0,319.0,2000-09-13,
00-0040372,0,0,0,0,0,0,0,0,0,0.0,0.0,0,0,0,0,0,0.0,0,0,0,0,0,0.0,0,2,0,0,0.0,0,0,0,0,0,0,0,0,0,0,0,Bralyn Lux,CB,DB,"https://static.www.nfl.com/image/upload/f_auto,q_auto/league/wvhkjnczs9xhzmhpjfhh",CIN,70.0,180.0,2000-08-28,
00-0040379,0,0,0,0,0,0,0,0,0,0.0,0.0,0,0,0,0,0,0.0,0,0,0,0,0,0.0,0,0,0,0,0.0,0,0,0,0,0,0,0,0,0,0,0,William Wagner,LS,SPEC,"https://static.www.nfl.com/image/upload/f_auto,q_auto/league/y7yfjyw559ytucyitpey",CIN,74.0,240.0,2000-12-20,
00-0040382,0,0,0,0,0,0,0,0,0,0.0,0.0,0,0,0,0,0,0.0,0,0,0,0,0,0.0,0,0,0,0,0.0,0,0,0,0,0,0,0,0,0,0,0,Josh Fryar,OT,OL,"https://static.www.nfl.com/image/upload/f_auto,q_auto/league/w0u0ymmb61jmfyihob2j",ARI,77.0,320.0,2002-02-12,
00-0040384,0,0,0,0,0,0,0,0,0,0.0,0.0,0,0,0,0,0,0.0,0,0,0,0,0,0.0,0,3,1,0,0.0,0,0,0,0,0,0,0,0,0,0,0,Elijah Simmons,DL,DL,"https://static.www.nfl.com/image/upload/f_auto,q_auto/league/ilbr68buxdmb4lk0pa0h",TB,73.0,334.0,2001-07-26,
00-0040396,0,0,0,0,0,0,0,0,0,0.0,0.0,0,0,0,0,0,0.0,0,0,0,0,0,0.0,0,9,0,0,0.0,0,0,0,0,0,0,0,0,0,0,0,Dean Clark,SAF,DB,"https://static.www.nfl.com/image/upload/f_auto,q_auto/league/p6jf4tbfaxal0x71dqvy",NYJ,72.0,208.0,2001-06-01,
00-0040397,0,0,0,0,0,0,0,0,0,0.0,0.0,0,0,0,0,0,0.0,0,0,0,0,0,0.0,0,7,0,0,0.0,0,0,0,0,0,0,0,0,0,0,0,Jordan Clark,CB,DB,"https://static.www.nfl.com/image/upload/f_auto,q_auto/league/lvdhuy33vubfxxtrnfyy",NYJ,69.0,184.0,2001-04-22,
00-0040398,77,131,679,1,7,18,-118,2,1,-62.01114098764832,-33.89457979447385,0,10,42,0,1,-3.8043096414767206,0,0,0,0,0,0.0,0,0,0,0,0.0,0,0,0,0,0,0,0,0,0,0,0,Brady Cook,QB,QB,"https://static.www.nfl.com/image/upload/f_auto,q_auto/league/h8dnpq2fikpgnrnfiapx",NYJ,74.0,215.0,2001-10-12,
00-0040404,0,0,0,0,0,0,0,0,0,0.0,0.0,0,0,0,0,0,0.0,0,0,0,0,0,0.0,0,4,1,0,0.0,0,0,0,0,0,0,0,0,0,0,0,Payton Page,DT,DL,"https://static.www.nfl.com/image/upload/f_auto,q_auto/league/g1ivzzgbgrffumq1gttf",NYJ,76.0,300.0,2002-09-27,
00-0040408,0,0,0,0,0,0,0,0,0,0.0,0.0,0,0,0,0,0,0.0,0,0,0,0,0,0.0,0,0,0,0,0.0,0,0,0,0,0,0,0,0,0,0,0,Ja'Markis Weston,LB,LB,"https://static.www.nfl.com/image/upload/f_auto,q_auto/league/v41az1eczskjq29u2e9n",NYJ,74.0,235.0,2000-08-10,
00-0040409,0,0,0,0,0,0,0,0,0,0.0,0.0,0,0,0,0,0,0.0,0,0,0,0,0,0.0,0,0,0,0,0.0,0,0,0,0,0,0,0,0,0,0,0,Austin Brinkman,LS,SPEC,"https://static.www.nfl.com/image/upload/f_auto,q_auto/league/xpshpmoydqrru3vbug0k",HOU,76.0,241.0,2002-06-20,
00-0040416,0,0,0,0,0,0,0,0,0,0.0,0.0,0,0,0,0,0,0.0,0,0,0,0,0,0.0,0,3,0,0,0.0,0,0,0,0,0,0,0,0,0,0,0,John Bullock,LB,LB,"https://static.www.nfl.com/image/upload/f_auto,q_auto/league/myb1grpfohovodjjzdb6",TB,72.0,230.0,2001-04-22,
00-0040417,0,0,0,0,0,0,0,0,0,0.0,0.0,0,0,0,0,0,0.0,0,0,0,0,0,0.0,0,0,0,0,0.0,0,0,0,0,0,0,0,0,0,0,0,Benjamin Chukwuma,OT,OL,"https://static.www.nfl.com/image/upload/f_auto,q_auto/league/gudosqnpwknrvvpaqjzg",TB,78.0,310.0,2001-05-08,
00-0040429,0,0,0,0,0,0,0,0,0,0.0,0.0,0,4,11,0,0,-1.8560136678861452,0,0,0,0,0,0.0,0,0,0,0,0.0,0,0,0,0,0,0,5,129,0,0,0,Josh Williams,RB,RB,"https://static.www.nfl.com/image/upload/f_auto,q_auto/league/sdsmzjq9e7ccae9imvbm",TB,68.0,210.0,2000-06-09,
00-0040431,0,0,0,0,0,0,0,0,0,0.0,0.0,0,0,0,0,0,0.0,0,0,0,0,0,0.0,0,2,0,0,0.0,0,0,0,0,0,0,0,0,0,0,0,Dalen Cambre,WR,WR,"https://static.www.nfl.com/image/upload/f_auto,q_auto/league/madcztlwaa3qwun36mui",NYG,72.0,192.0,2001-04-10,
00-0040432,0,0,0,0,0,0,0,0,0,0.0,0.0,0,0,0,0,0,0.0,2,6,25,0,0,-5.74455542647047,0,1,0,0,0.0,0,0,0,0,0,0,0,0,0,0,0,Beaux Collins,WR,WR,"https://static.www.nfl.com/image/upload/f_auto,q_auto/league/hmdciwdixqbmrh7nj9fy",NYG,75.0,206.0,2002-12-16,
00-0040449,0,0,0,0,0,0,0,0,0,0.0,0.0,0,0,0,0,0,0.0,0,0,0,0,0,0.0,0,4,0,0,0.0,0,0,0,0,0,0,0,0,0,0,0,Karene Reid,LB,LB,"https://static.www.nfl.com/image/upload/f_auto,q_auto/league/jcv9wokifabbgw68ldu4",DEN,72.0,227.0,2000-02-19,
00-0040451,0,0,0,0,0,0,0,0,0,0.0,0.0,0,0,0,0,0,0.0,0,0,0,0,0,0.0,0,0,0,0,0.0,0,0,0,0,0,0,0,0,0,0,0,Xavier Truss,G,OL,"https://static.www.nfl.com/image/upload/f_auto,q_auto/league/dimz3zv8mumt0yyyrci4",NO,79.0,320.0,2001-07-13,
00-0040460,0,0,0,0,0,0,0,0,0,0.0,0.0,0,0,0,0,0,0.0,0,0,0,0,0,0.0,0,5,0,0,0.0,0,0,0,0,0,0,0,0,0,0,0,Marlowe Wax,LB,LB,"https://static.www.nfl.com/image/upload/f_auto,q_auto/league/fvei7bpdtr2uqk43loi3",LAC,73.0,236.0,2002-12-13,
00-0040466,0,0,0,0,0,0,0,0,0,0.0,0.0,0,22,66,1,0,2.248347968212329,2,3,14,0,0,-0.027235230198129998,0,0,0,0,0.0,0,0,0,0,0,0,0,0,0,0,0,Raheim Sanders,RB,RB,"https://static.www.nfl.com/image/upload/f_auto,q_auto/league/jkty8m7iqcjjfmrxhfub",CLE,72.0,230.0,2002-06-08,
00-0040471,0,0,0,0,0,0,0,0,0,0.0,0.0,0,0,0,0,0,0.0,0,0,0,0,0,0.0,0,1,0,0,0.0,0,0,0,0,0,0,0,0,0,0,0,Nikko Reed,CB,DB,"https://static.www.nfl.com/image/upload/f_auto,q_auto/league/rcimuj4atlzsu4camzve",LAC,70.0,180.0,2003-03-03,
00-0040476,0,0,0,0,0,0,0,0,0,0.0,0.0,0,1,0,0,0,-0.7951695243951273,0,0,0,0,0,0.0,0,0,0,0,0.0,0,0,0,0,0,0,0,0,0,0,0,Ulysses Bentley IV,RB,RB,"https://static.www.nfl.com/image/upload/f_auto,q_auto/league/iw8g8cngrmp4ipcrdpwi",IND,70.0,200.0,2000-12-30,
00-0040488,0,0,0,0,0,0,0,0,0,0.0,0.0,0,0,0,0,0,0.0,1,1,3,0,0,-0.2238621339201927,0,2,0,0,0.0,0,0,0,0,0,0,0,0,0,0,0,Carter Runyon,TE,TE,"https://static.www.nfl.com/image/upload/f_auto,q_auto/league/q8knlo3npxhjxiyyx4h6",LV,76.0,246.0,2001-07-23,
00-0040489,0,0,0,0,0,0,0,0,0,0.0,0.0,0,0,0,0,0,0.0,0,0,0,0,0,0.0,0,6,0,0,0.0,0,0,0,0,0,0,0,0,0,0,0,Greedy Vance,CB,DB,"https://static.www.nfl.com/image/upload/f_auto,q_auto/league/qrndx5zcq89jnz3vccyp",LV,69.0,177.0,2001-10-08,
00-0040492,0,0,0,0,0,0,0,0,0,0.0,0.0,0,0,0,0,0,0.0,0,0,0,0,0,0.0,0,9,2,0,0.0,0,0,0,0,0,0,0,0,0,0,0,Tyler Batty,DE,DL,"https://static.www.nfl.com/image/upload/f_auto,q_auto/league/qr2chpkjx8to1a1x8ekj",MIN,77.0,271.0,1999-05-02,
00-0040494,40,63,271,0,4,12,-87,1,0,-51.08247467980034,-40.85248228902691,0,7,11,0,0,-0.12323843681951963,0,0,0,0,0,0.0,0,0,0,0,0.0,0,0,0,0,0,0,0,0,0,0,0,Max Brosmer,QB,QB,"https://static.www.nfl.com/image/upload/f_auto,q_auto/league/sp7hya1uwgvty3grdnjq",MIN,74.0,217.0,2001-03-28,
00-0040496,0,0,0,0,0,0,0,0,0,0.0,0.0,0,0,0,0,0,0.0,0,0,0,0,0,0.0,0,6,1,0,1.0,0,0,0,0,0,0,0,0,0,0,0,Chaz Chambliss,LB,LB,"https://static.www.nfl.com/image/upload/f_auto,q_auto/league/jrt7ihzpzhaqexxcilah",MIN,73.0,244.0,2002-10-25,
00-0040500,0,0,0,0,0,0,0,0,0,0.0,0.0,0,0,0,0,0,0.0,0,0,0,0,0,0.0,0,0,0,0,0.0,0,0,0,0,0,0,0,0,0,0,0,Joe Huber,G,OL,"https://static.www.nfl.com/image/upload/f_auto,q_auto/league/clnwellmhvxparvjkgxi",MIN,77.0,310.0,2002-05-02,
00-0040501,0,0,0,0,0,0,0,0,0,0.0,0.0,0,0,0,0,0,0.0,0,0,0,0,0,0.0,0,4,1,0,1.0,0,0,0,0,0,0,0,0,0,0,0,Austin Keys,LB,LB,"https://static.www.nfl.com/image/upload/f_auto,q_auto/league/u4h08rpevr5barwyomuw",MIN,74.0,244.0,2002-04-03,
00-0040503,0,0,0,0,0,0,0,0,0,0.0,0.0,0,0,0,0,0,0.0,0,0,0,0,0,0.0,0,5,0,0,0.0,0,0,0,0,0,0,0,0,0,0,0,Dorian Mausi,LB,LB,"https://static.www.nfl.com/image/upload/f_auto,q_auto/league/ms9jnxwaub6b68urkzna",TEN,73.0,234.0,2002-03-05,
00-0040506,0,0,0,0,0,0,0,0,0,0.0,0.0,0,0,0,0,0,0.0,0,0,0,0,0,0.0,0,0,0,0,0.0,0,0,2,0,30,298,57,1479,0,0,0,Myles Price,WR,WR,"https://static.www.nfl.com/image/upload/f_auto,q_auto/league/xd9ciqvi9v0wyvsdh6nc",MIN,69.0,183.0,2001-12-16,
00-0040509,0,0,0,0,0,0,0,0,0,0.0,0.0,0,0,0,0,0,0.0,1,2,5,0,0,-0.7257632589899004,0,1,0,0,0.0,0,0,0,0,0,0,0,0,0,0,0,Ben Yurosek,TE,TE,"https://static.www.nfl.com/image/upload/f_auto,q_auto/league/umrpo7rhywbzctgdb109",MIN,76.0,251.0,2002-03-17,
00-0040522,0,0,0,0,0,0,0,0,0,0.0,0.0,0,0,0,0,0,0.0,3,7,41,0,0,3.0452236733108293,0,0,0,0,0.0,0,0,0,0,0,0,0,0,0,0,0,Xavier Restrepo,WR,WR,"https://static.www.nfl.com/image/upload/f_auto,q_auto/league/ig4zstror8jyd9s9igfd",TEN,70.0,202.0,2002-04-12,
00-0040527,0,0,0,0,0,0,0,0,0,0.0,0.0,0,0,0,0,0,0.0,0,0,0,0,0,0.0,0,2,0,0,0.0,0,0,0,0,0,0,0,0,0,0,0,Sebastian Castro,SAF,DB,"https://static.www.nfl.com/image/upload/f_auto,q_auto/league/cfkyx3r4lqt2j1ghimig",TB,71.0,203.0,2000-10-14,
00-0040530,0,0,0,0,0,0,0,0,0,0.0,0.0,0,0,0,0,0,0.0,0,0,0,0,0,0.0,0,0,0,0,0.0,0,0,0,0,0,0,0,0,4,4,0,Ben Sauls,K,SPEC,"https://static.www.nfl.com/image/upload/f_auto,q_auto/league/ert4wflttmvtssck1qz4",NYG,70.0,185.0,2001-07-31,1.0
00-0040534,0,0,0,0,0,0,0,0,0,0.0,0.0,0,1,1,0,0,-1.2187625099904835,1,1,5,0,0,0.0076984986662864,0,0,0,0,0.0,0,0,1,0,17,194,22,529,0,0,0,Ke'Shawn Williams,WR,WR,"https://static.www.nfl.com/image/upload/f_auto,q_auto/league/pqfs2u522zke7ax4qk3i",PIT,69.0,186.0,2001-12-27,
00-0040541,0,0,0,0,0,0,0,0,0,0.0,0.0,0,0,0,0,0,0.0,0,0,0,0,0,0.0,0,0,0,0,0.0,0,0,0,0,0,0,0,0,0,0,0,Torricelli Simpkins III,G,OL,"https://static.www.nfl.com/image/upload/f_auto,q_auto/league/xhof0hsbncovhmhhvifd",NO,77.0,312.0,2002-06-06,
00-0040546,0,0,0,0,0,0,0,0,0,0.0,0.0,0,0,0,0,0,0.0,0,0,0,0,0,0.0,0,7,1,0,0.0,0,0,0,0,0,0,0,0,0,0,0,Cobee Bryant,CB,DB,"https://static.www.nfl.com/image/upload/f_auto,q_auto/league/krehmn2g4cxokjpcr6iw",ATL,72.0,180.0,2001-09-17,
00-0040547,0,0,0,0,0,0,0,0,0,0.0,0.0,0,9,60,0,1,-1.632956861751154,0,0,0,0,0,0.0,0,0,0,0,0.0,0,0,0,0,0,0,1,-1,0,0,0,Nate Carter,RB,RB,"https://static.www.nfl.com/image/upload/f_auto,q_auto/league/eosjwyv1vlsfkztvgtnd",ATL,70.0,202.0,2002-05-22,
00-0040556,0,0,0,0,0,0,0,0,0,0.0,0.0,0,9,45,0,0,1.2957451423280872,0,0,0,0,0,0.0,0,0,0,0,0.0,0,0,0,0,0,0,1,22,0,0,0,Corey Kiner,RB,RB,"https://static.www.nfl.com/image/upload/f_auto,q_auto/league/zmoljkk7go5ztvqxje6u",ARI,69.0,210.0,2002-01-21,
00-0040563,0,0,0,0,0,0,0,0,0,0.0,0.0,0,0,0,0,0,0.0,2,2,40,1,0,4.658903456525877,0,0,0,0,0.0,0,0,0,0,0,0,16,383,0,0,0,Efton Chism III,WR,WR,"https://static.www.nfl.com/image/upload/f_auto,q_auto/league/zbnf3ujmwprzgjnwdtlo",NE,70.0,198.0,2001-10-26,
00-0040574,0,0,0,0,0,0,0,0,0,0.0,0.0,0,0,0,0,0,0.0,0,0,0,0,0,0.0,0,13,3,0,3.0,0,0,0,0,0,0,0,0,0,0,0,Elijah Ponder,LB,LB,"https://static.www.nfl.com/image/upload/f_auto,q_auto/league/pshxciepzu7pcditmb9a",NE,75.0,261.0,2002-08-24,
00-0040577,0,0,0,0,0,0,0,0,0,0.0,0.0,0,0,0,0,0,0.0,0,0,0,0,0,0.0,0,23,4,2,5.5,0,0,0,0,0,0,0,0,0,0,0,Jalon Walker,DE,DL,"https://static.www.nfl.com/image/upload/f_auto,q_auto/league/hfon24jti4vkgmvkbiqd",ATL,74.0,245.0,2004-02-24,
00-0040578,0,0,0,0,0,0,0,0,0,0.0,0.0,0,0,0,0,0,0.0,0,0,0,0,0,0.0,0,15,8,1,8.5,0,0,0,0,0,0,0,0,0,0,0,James Pearce Jr.,DE,DL,"https://static.www.nfl.com/image/upload/f_auto,q_auto/league/yu8dlxrhu7oog8kgnay7",ATL,77.0,242.0,2003-10-12,
00-0040579,0,0,0,0,0,0,0,0,0,0.0,0.0,0,0,0,0,0,0.0,0,0,0,0,0,0.0,0,58,11,0,2.5,2,0,0,0,0,0,0,0,0,0,0,Carson Schwesinger,LB,LB,"https://static.www.nfl.com/image/upload/f_auto,q_auto/league/ga2yg6qhxs12sqo6jvfz",CLE,75.0,242.0,2003-02-24,
00-0040580,0,0,0,0,0,0,0,0,0,0.0,0.0,0,0,0,0,0,0.0,0,0,0,0,0,0.0,0,11,2,0,2.0,0,0,0,0,0,0,0,0,0,0,0,Josaiah Stewart,LB,LB,"https://static.www.nfl.com/image/upload/f_auto,q_auto/league/xuhdmqisxil9rvhurdpn",LA,73.0,249.0,2003-04-26,
00-0040581,0,0,0,0,0,0,0,0,0,0.0,0.0,0,0,0,0,0,0.0,10,29,135,0,0,-11.466351672006763,0,1,0,0,0.0,0,0,0,0,0,0,0,0,0,0,0,Dont'e Thornton Jr.,WR,WR,"https://static.www.nfl.com/image/upload/f_auto,q_auto/league/hlxztd3lpjaxtzojuxwh",LV,77.0,205.0,2002-11-30,
00-0040582,0,0,0,0,0,0,0,0,0,0.0,0.0,0,3,11,0,0,0.5535786228720099,7,14,52,0,0,-5.320961834106129,0,2,0,0,0.0,0,0,0,0,0,0,2,49,0,0,0,Arian Smith,WR,WR,"https://static.www.nfl.com/image/upload/f_auto,q_auto/league/asywvwrn6zhlidxothqn",NYJ,72.0,179.0,2001-10-11,
00-0040583,0,0,0,0,0,0,0,0,0,0.0,0.0,0,186,655,2,1,-32.1756314098214,22,33,208,3,0,8.669690769828641,0,0,0,0,0.0,0,0,0,0,0,0,0,0,0,0,0,Woody Marks,RB,RB,"https://static.www.nfl.com/image/upload/f_auto,q_auto/league/pwvxisrnjitkkghkfcn3",HOU,70.0,208.0,2000-12-29,
00-0040584,0,0,0,0,0,0,0,0,0,0.0,0.0,0,0,0,0,0,0.0,44,55,357,2,0,3.8344788257476794,0,1,0,0,0.0,0,0,0,0,0,0,0,0,0,0,0,Gunnar Helm,TE,TE,"https://static.www.nfl.com/image/upload/f_auto,q_auto/league/lcyqbbnrzgtbnirz8knj",TEN,77.0,241.0,2002-09-06,
00-0040585,0,0,0,0,0,0,0,0,0,0.0,0.0,0,0,0,0,0,0.0,0,0,0,0,0,0.0,0,1,0,0,0.0,0,0,0,0,0,0,0,0,0,0,0,Ty Hamilton,DT,DL,"https://static.www.nfl.com/image/upload/f_auto,q_auto/league/ehyuqjfrgtdsallsvoo0",LA,75.0,295.0,2002-04-15,
00-0040586,0,0,0,0,0,0,0,0,0,0.0,0.0,0,22,65,0,1,-6.283611694874708,1,1,5,0,0,-0.1193617293611168,0,0,0,0,0.0,0,0,0,0,0,0,3,72,0,0,0,Jaydon Blue,RB,RB,"https://static.www.nfl.com/image/upload/f_auto,q_auto/league/jhbmit7yp8dlhepncsvp",DAL,69.0,198.0,2004-01-08,
00-0040590,0,0,0,0,0,0,0,0,0,0.0,0.0,0,0,0,0,0,0.0,10,22,92,1,0,-8.197910989606267,0,1,0,0,0.0,0,0,0,0,0,0,0,0,0,0,0,Konata Mumpfield,WR,WR,"https://static.www.nfl.com/image/upload/f_auto,q_auto/league/psy72cl8ko1zp7vkbvga",LA,73.0,185.0,2002-10-24,
00-0040613,0,0,0,0,0,0,0,0,0,0.0,0.0,0,0,0,0,0,0.0,0,0,0,0,0,0.0,0,13,2,0,0.0,0,0,0,0,0,0,0,0,0,0,0,Shaun Dolac,LB,LB,"https://static.www.nfl.com/image/upload/f_auto,q_auto/league/f7nr5g6gntkjbnybt14c",LA,73.0,225.0,2001-09-14,
00-0040624,0,0,0,0,0,0,0,0,0,0.0,0.0,0,0,0,0,0,0.0,0,0,0,0,0,0.0,0,6,0,0,0.0,0,0,0,0,0,0,0,0,0,0,0,Elijah Williams,DE,DL,"https://static.www.nfl.com/image/upload/f_auto,q_auto/league/otbqrjttpts6xctkdzez",MIN,75.0,298.0,2002-09-09,
00-0040625,0,0,0,0,0,0,0,0,0,0.0,0.0,0,0,0,0,0,0.0,0,0,0,0,0,0.0,0,1,0,0,0.0,0,0,0,0,0,0,0,0,0,0,0,Nick Jackson,LB,LB,"https://static.www.nfl.com/image/upload/f_auto,q_auto/league/j1tpfwt373szwooa1cdq",TB,72.0,235.0,2001-01-05,
00-0040629,0,0,0,0,0,0,0,0,0,0.0,0.0,0,0,0,0,0,0.0,0,0,0,0,0,0.0,0,1,0,0,0.0,0,0,0,0,0,0,0,0,0,0,0,Dalevon Campbell,WR,WR,"https://static.www.nfl.com/image/upload/f_auto,q_auto/league/lmdwuz4anz0nhbaeewmm",CAR,76.0,220.0,2001-12-05,
00-0040634,0,0,0,0,0,0,0,0,0,0.0,0.0,0,0,0,0,0,0.0,0,0,0,0,0,0.0,0,1,0,0,0.0,0,0,0,0,0,0,0,0,0,0,0,Jordan Turner,LB,LB,"https://static.www.nfl.com/image/upload/f_auto,q_auto/league/epacfen9zva0gpsveb66",DEN,73.0,231.0,2001-12-13,
00-0040636,0,0,0,0,0,0,0,0,0,0.0,0.0,0,0,0,0,0,0.0,0,0,0,0,0,0.0,0,20,1,0,1.0,0,0,0,0,0,0,0,0,0,0,0,Keyon Martin,CB,DB,"https://static.www.nfl.com/image/upload/f_auto,q_auto/league/drg6ppedf9zg66vgfpdr",BAL,69.0,170.0,2001-05-16,
00-0040639,0,0,0,0,0,0,0,0,0,0.0,0.0,0,0,0,0,0,0.0,0,0,0,0,0,0.0,0,1,0,0,0.0,0,0,0,0,0,0,0,0,0,0,0,Grey Zabel,G,OL,"https://static.www.nfl.com/image/upload/f_auto,q_auto/league/k8sitrpdklde1rt9blbg",SEA,78.0,316.0,2002-03-30,
00-0040640,0,0,0,0,0,0,0,0,0,0.0,0.0,0,0,0,0,0,0.0,0,0,0,0,0,0.0,0,13,2,0,1.5,1,0,0,0,0,0,0,0,0,0,0,Ashton Gillotte,DE,DL,"https://static.www.nfl.com/image/upload/f_auto,q_auto/league/kosxaikscmzp69msssey",KC,75.0,270.0,2002-10-30,
00-0040641,0,0,0,0,0,0,0,0,0,0.0,0.0,0,0,0,0,0,0.0,0,0,0,0,0,0.0,0,27,0,0,0.0,0,0,0,0,0,0,0,0,0,0,0,Darien Porter,CB,DB,"https://static.www.nfl.com/image/upload/f_auto,q_auto/league/ypukflc6tvt4usvyouhk",LV,74.0,195.0,2001-01-06,
00-0040642,0,0,0,0,0,0,0,0,0,0.0,0.0,0,0,0,0,0,0.0,0,0,0,0,0,0.0,0,0,0,0,0.0,0,0,0,0,0,0,0,0,0,0,0,Vernon Broughton,DT,DL,"https://static.www.nfl.com/image/upload/f_auto,q_auto/league/v5nxtujwmtvpdiqk8hrz",NO,77.0,311.0,2001-07-15,
00-0040643,0,0,0,0,0,0,0,0,0,0.0,0.0,0,0,0,0,0,0.0,0,0,0,0,0,0.0,0,44,3,0,0.0,2,0,0,0,0,0,0,0,0,0,0,Jonas Sanker,SAF,DB,"https://static.www.nfl.com/image/upload/f_auto,q_auto/league/hsimdzcratj6wt0gzra8",NO,73.0,210.0,2001-11-23,
00-0040644,0,0,0,0,0,0,0,0,0,0.0,0.0,0,20,94,0,0,-1.570303778047673,3,3,13,0,0,-0.5817596112610772,0,0,0,0,0.0,0,0,1,0,19,160,31,733,0,0,0,Trevor Etienne,RB,RB,"https://static.www.nfl.com/image/upload/f_auto,q_auto/league/futkvr4juiazofhntj0p",CAR,68.0,198.0,2004-07-09,
00-0040645,0,0,0,0,0,0,0,0,0,0.0,0.0,0,0,0,0,0,0.0,0,0,0,0,0,0.0,0,24,2,1,0.5,0,0,0,0,0,0,0,0,0,0,0,Cody Simon,LB,LB,"https://static.www.nfl.com/image/upload/f_auto,q_auto/league/v9vqu3cfhinzlpsua99j",ARI,74.0,229.0,2002-04-01,
00-0040646,0,0,0,0,0,0,0,0,0,0.0,0.0,0,0,0,0,0,0.0,0,0,0,0,0,0.0,0,1,0,0,0.0,0,0,0,0,0,0,1,30,0,0,0,Jalen Royals,WR,WR,"https://static.www.nfl.com/image/upload/f_auto,q_auto/league/x1t7v5nl0zwkjqucmnfw",KC,72.0,195.0,2003-02-18,
00-0040647,0,0,0,0,0,0,0,0,0,0.0,0.0,0,0,0,0,0,0.0,0,0,0,0,0,0.0,0,1,0,0,0.0,0,0,0,0,0,0,0,0,0,0,0,Rylie Mills,DE,DL,"https://static.www.nfl.com/image/upload/f_auto,q_auto/league/ce84r98k33mvy9kjqtsa",SEA,77.0,296.0,2001-08-20,
00-0040648,0,0,0,0,0,0,0,0,0,0.0,0.0,0,0,0,0,0,0.0,13,22,161,5,0,10.245775616387846,1,0,0,0,0.0,0,0,0,0,16,238,0,0,0,0,0,Tory Horton,WR,WR,"https://static.www.nfl.com/image/upload/f_auto,q_auto/league/vpgs86vlcp3gejw6tget",SEA,74.0,196.0,2002-11-29,
00-0040649,0,0,0,0,0,0,0,0,0,0.0,0.0,0,0,0,0,0,0.0,0,0,0,0,0,0.0,0,2,0,0,0.0,0,0,0,0,0,0,0,0,0,0,0,Robbie Ouzts,RB,RB,"https://static.www.nfl.com/image/upload/f_auto,q_auto/league/bbgpfhy0vssgu6vkfzs8",SEA,75.0,274.0,2002-09-06,
00-0040650,0,0,0,0,0,0,0,0,0,0.0,0.0,0,0,0,0,0,0.0,0,0,0,0,0,0.0,0,0,0,0,0.0,0,0,0,0,0,0,0,0,0,0,0,Bryce Cabeldue,G,OL,"https://static.www.nfl.com/image/upload/f_auto,q_auto/league/vstidnrvwrdawcyjk1h3",SEA,76.0,306.0,2001-09-04,
00-0040654,0,0,0,0,0,0,0,0,0,0.0,0.0,0,0,0,0,0,0.0,0,0,0,0,0,0.0,0,0,0,0,0.0,0,0,0,0,0,0,0,0,0,0,0,Kai Kroeger,P,SPEC,"https://static.www.nfl.com/image/upload/f_auto,q_auto/league/uc7y2ptipriskzxvnrwv",NO,76.0,213.0,2002-06-11,
00-0040660,0,0,0,0,0,0,0,0,0,0.0,0.0,0,0,0,0,0,0.0,0,0,0,0,0,0.0,0,10,4,0,1.0,0,0,0,0,0,0,0,0,0,0,0,Mykel Williams,DE,DL,"https://static.www.nfl.com/image/upload/f_auto,q_auto/league/glewua5vtcbfvbm6j8s3",SF,77.0,267.0,2004-06-29,
00-0040661,0,0,0,0,0,0,0,0,0,0.0,0.0,0,0,0,0,0,0.0,0,0,0,0,0,0.0,0,1,0,0,0.0,0,0,0,0,0,0,0,0,0,0,0,Donovan Jackson,G,OL,"https://static.www.nfl.com/image/upload/f_auto,q_auto/league/mkim8wtzxniexhbrobrv",MIN,76.0,324.0,2002-12-04,
00-0040662,0,0,0,0,0,0,0,0,0,0.0,0.0,0,0,0,0,0,0.0,0,0,0,0,0,0.0,0,1,0,0,0.0,0,0,0,0,0,0,0,0,0,0,0,Ty Robinson,DT,DL,"https://static.www.nfl.com/image/upload/f_auto,q_auto/league/qsrpqkqp4bqrtpgk6bqa",PHI,77.0,288.0,2001-05-03,
00-0040663,0,0,0,0,0,0,0,0,0,0.0,0.0,0,7,13,1,1,-1.7708569074748084,72,107,731,6,0,1.400150564618981,0,0,0,0,0.0,0,0,0,0,0,0,0,0,0,0,0,Harold Fannin Jr.,TE,TE,"https://static.www.nfl.com/image/upload/f_auto,q_auto/league/fxublmpnxx9uggsddwik",CLE,76.0,241.0,2004-07-20,
00-0040666,0,0,0,0,0,0,0,0,0,0.0,0.0,0,124,545,4,0,-0.7757389234687126,32,35,192,1,1,-0.5914522834937088,0,1,0,0,0.0,0,0,0,0,0,0,1,30,0,0,0,Omarion Hampton,RB,RB,"https://static.www.nfl.com/image/upload/f_auto,q_auto/league/ck7xcbwuka7wu2zwhssk",LAC,72.0,220.0,2003-03-16,
00-0040667,0,0,0,0,0,0,0,0,0,0.0,0.0,0,10,49,0,0,1.6796603409457018,28,41,353,0,0,17.1618243824426,0,1,0,0,0.0,0,0,0,0,6,28,0,0,0,0,0,Matthew Golden,WR,WR,"https://static.www.nfl.com/image/upload/f_auto,q_auto/league/gkbhlytvkltv5whjo3ru",GB,71.0,191.0,2003-08-01,
00-0040668,109,190,1289,7,10,17,-135,1,0,-49.60291115394,-40.62249614907099,0,18,143,1,0,7.571509414367144,0,0,0,0,0,0.0,0,0,0,0,0.0,0,0,0,0,0,0,0,0,0,0,0,Shedeur Sanders,QB,QB,"https://static.www.nfl.com/image/upload/f_auto,q_auto/league/joe08hz6to2madpko8zl",CLE,74.0,212.0,2002-02-07,
00-0040669,0,0,0,0,0,0,0,0,0,0.0,0.0,0,0,0,0,0,0.0,15,26,221,6,0,16.707988847102094,0,1,0,0,0.0,0,0,0,0,0,0,0,0,0,0,0,Isaac TeSlaa,WR,WR,"https://static.www.nfl.com/image/upload/f_auto,q_auto/league/wa4sruqazyqobmepi6vi",DET,76.0,214.0,2002-02-20,
00-0040670,0,0,0,0,0,0,0,0,0,0.0,0.0,0,0,0,0,0,0.0,0,0,0,0,0,0.0,0,24,3,0,0.0,0,0,0,0,0,0,0,0,0,0,0,Nohl Williams,CB,DB,"https://static.www.nfl.com/image/upload/f_auto,q_auto/league/wgzpsljodoj0uanznf5e",KC,73.0,200.0,2002-09-23,
00-0040672,0,0,0,0,0,0,0,0,0,0.0,0.0,0,0,0,0,0,0.0,0,0,0,0,0,0.0,0,7,1,0,1.0,0,0,0,0,0,0,0,0,0,0,0,Tyleik Williams,DT,DL,"https://static.www.nfl.com/image/upload/f_auto,q_auto/league/emppyzljgfew4i1qmdhb",DET,75.0,328.0,2003-02-24,
00-0040673,0,0,0,0,0,0,0,0,0,0.0,0.0,0,3,4,0,1,-6.4411384095437825,0,0,0,0,0,0.0,0,0,0,0,0.0,0,0,0,0,0,0,0,0,0,0,0,Jalen Milroe,QB,QB,"https://static.www.nfl.com/image/upload/f_auto,q_auto/league/gmucibahkrfu9xowwiio",SEA,74.0,216.0,2002-12-13,
00-0040676,320,537,3117,15,7,55,-410,9,7,-113.52924065938498,-61.58041015351138,0,37,148,1,1,7.221071347629108,0,0,0,0,0,0.0,0,0,0,0,0.0,0,0,0,0,0,0,0,0,0,0,0,Cam Ward,QB,QB,"https://static.www.nfl.com/image/upload/f_auto,q_auto/league/viadutkbvligsopnd2qn",TEN,74.0,219.0,2002-05-25,
00-0040677,0,0,0,0,0,0,0,0,0,0.0,0.0,0,0,0,0,0,0.0,0,0,0,0,0,0.0,0,23,7,2,4.0,0,0,0,0,0,0,0,0,0,0,0,Abdul Carter,LB,LB,"https://static.www.nfl.com/image/upload/f_auto,q_auto/league/tfchuu4khsh6jarotqga",NYG,75.0,252.0,2004-01-02,
00-0040678,0,0,0,0,0,0,0,0,0,0.0,0.0,0,0,0,0,0,0.0,0,0,0,0,0,0.0,0,9,1,0,2.0,0,0,0,0,0,0,0,0,0,0,0,Derrick Harmon,DT,DL,"https://static.www.nfl.com/image/upload/f_auto,q_auto/league/mi9zx7s8bmnyscpo1jmg",PIT,76.0,313.0,2003-08-03,
00-0040685,0,0,0,0,0,0,0,0,0,0.0,0.0,0,0,0,0,0,0.0,0,0,0,0,0,0.0,0,25,7,0,0.5,0,0,0,0,0,0,0,0,0,0,0,Mason Graham,DT,DL,"https://static.www.nfl.com/image/upload/f_auto,q_auto/league/fizf7lkmgqhpg9o8vu92",CLE,76.0,315.0,2003-09-03,
00-0040686,0,0,0,0,0,0,0,0,0,0.0,0.0,0,0,0,0,0,0.0,0,0,0,0,0,0.0,0,0,0,0,0.0,0,0,0,0,0,0,0,0,0,0,0,Josh Conerly Jr.,OT,OL,"https://static.www.nfl.com/image/upload/f_auto,q_auto/league/q9vrq43u3qh6nw3rcajo",WAS,76.0,315.0,2003-11-05,
00-0040688,0,0,0,0,0,0,0,0,0,0.0,0.0,0,0,0,0,0,0.0,0,0,0,0,0,0.0,0,47,1,0,0.0,2,0,0,0,0,0,0,0,0,0,0,Malaki Starks,SAF,DB,"https://static.www.nfl.com/image/upload/f_auto,q_auto/league/wfdoofktfspnxsclihrf",BAL,73.0,203.0,2003-11-13,
00-0040691,194,307,2042,13,5,31,-141,1,1,-10.35864316497114,-13.030453720772169,1,81,455,9,3,37.075446162198205,0,0,0,0,0,0.0,0,0,0,0,0.0,0,0,0,0,0,0,0,0,0,0,0,Jaxson Dart,QB,QB,"https://static.www.nfl.com/image/upload/f_auto,q_auto/league/n6uymxssgiicjmxkzxoc",NYG,74.0,223.0,2003-05-13,
00-0040694,0,0,0,0,0,0,0,0,0,0.0,0.0,0,0,0,0,0,0.0,0,0,0,0,0,0.0,0,7,4,0,3.5,0,0,0,0,0,0,0,0,0,0,0,Darius Alexander,DT,DL,"https://static.www.nfl.com/image/upload/f_auto,q_auto/league/pppak1njaiplvvzdwkn7",NYG,76.0,310.0,2000-08-26,
00-0040699,0,0,0,0,0,0,0,0,0,0.0,0.0,0,0,0,0,0,0.0,0,0,0,0,0,0.0,0,2,0,0,0.0,0,0,0,0,0,0,0,0,0,0,0,Will Campbell,OT,OL,"https://static.www.nfl.com/image/upload/f_auto,q_auto/league/xyzvfa0r5p4s8u16aqrh",NE,78.0,319.0,2004-01-06,
00-0040704,110,185,937,7,2,19,-127,0,0,-44.89784183595683,-35.27528953065058,0,14,86,0,0,0.42800254124449566,0,0,0,0,0,0.0,0,0,0,0,0.0,0,0,0,0,0,0,0,0,0,0,0,Dillon Gabriel,QB,QB,"https://static.www.nfl.com/image/upload/f_auto,q_auto/league/szpyvusef9jvoctbnkbk",CLE,71.0,205.0,2000-12-28,
00-0040705,0,0,0,0,0,0,0,0,0,0.0,0.0,0,11,18,0,0,-4.234657508495729,45,70,396,4,0,0.13642813837855305,2,0,0,0,0.0,0,0,1,0,22,389,61,1568,0,0,0,Chimere Dike,WR,WR,"https://static.www.nfl.com/image/upload/f_auto,q_auto/league/njdduv9jx7c8vlrll8ex",TEN,73.0,196.0,2001-12-14,
00-0040706,0,0,0,0,0,0,0,0,0,0.0,0.0,0,0,0,0,0,0.0,0,0,0,0,0,0.0,0,7,5,0,2.0,0,0,0,0,0,0,0,0,0,0,0,Walter Nolen,DT,DL,"https://static.www.nfl.com/image/upload/f_auto,q_auto/league/jr8karjanloyyas4erxt",ARI,76.0,296.0,2003-10-14,
00-0040708,0,0,0,0,0,0,0,0,0,0.0,0.0,0,0,0,0,0,0.0,0,0,0,0,0,0.0,0,36,2,1,0.0,1,0,0,0,0,0,0,0,0,0,0,Jihaad Campbell,LB,LB,"https://static.www.nfl.com/image/upload/f_auto,q_auto/league/vjdpuldnh2hhbqjszrx2",PHI,75.0,235.0,2004-02-24,
00-0040709,0,0,0,0,0,0,0,0,0,0.0,0.0,0,0,0,0,0,0.0,0,0,0,0,0,0.0,0,12,0,0,0.0,2,0,0,0,0,0,0,0,0,0,0,Maxwell Hairston,CB,DB,"https://static.www.nfl.com/image/upload/f_auto,q_auto/league/mq8i1kc45zupk4j6yvkf",BUF,71.0,192.0,2003-08-06,
00-0040710,0,0,0,0,0,0,0,0,0,0.0,0.0,0,0,0,0,0,0.0,0,0,0,0,0,0.0,0,15,8,0,1.0,0,0,0,0,0,0,0,0,0,0,0,Deone Walker,DT,DL,"https://static.www.nfl.com/image/upload/f_auto,q_auto/league/okadfq0bsl9zdsmsfemw",BUF,79.0,331.0,2004-03-11,
00-0040711,0,0,0,0,0,0,0,0,0,0.0,0.0,0,0,0,0,0,0.0,0,0,0,0,0,0.0,0,10,2,0,1.0,0,0,0,0,0,0,0,0,0,0,0,CJ West,DT,DL,"https://static.www.nfl.com/image/upload/f_auto,q_auto/league/bhqq8ebh20hehf1em9zz",SF,73.0,316.0,2002-06-12,
00-0040715,0,0,0,0,0,0,0,0,0,0.0,0.0,0,101,410,5,1,-12.096826651538258,24,32,207,2,0,3.3481657442753203,0,0,0,0,0.0,0,0,0,0,0,0,0,0,0,0,0,Cam Skattebo,RB,RB,"https://static.www.nfl.com/image/upload/f_auto,q_auto/league/vnftthkbvw7ucsqtqjpq",NYG,71.0,215.0,2002-02-05,
00-0040716,0,0,0,0,0,0,0,0,0,0.0,0.0,0,0,0,0,0,0.0,0,0,0,0,0,0.0,0,39,4,0,0.0,0,0,0,0,0,0,0,0,0,0,0,Craig Woodson,SAF,DB,"https://static.www.nfl.com/image/upload/f_auto,q_auto/league/nsfjxvef5ck9bytvti1u",NE,72.0,200.0,2001-02-20,
00-0040718,0,0,0,0,0,0,0,0,0,0.0,0.0,0,1,0,0,0,-0.6611915401881561,28,45,298,1,1,-2.307090115044133,0,10,0,0,0.0,0,0,0,0,0,0,0,0,0,0,0,Travis Hunter,WR,WR,"https://static.www.nfl.com/image/upload/f_auto,q_auto/league/apfzii6u8pwj9ntvyfkk",JAX,73.0,185.0,2003-05-18,
00-0040719,0,0,0,0,0,0,0,0,0,0.0,0.0,0,78,284,4,1,-10.91335546445149,10,14,79,2,0,5.495415985467844,0,1,0,0,0.0,0,0,0,0,0,0,19,539,0,0,0,Bhayshul Tuten,RB,RB,"https://static.www.nfl.com/image/upload/f_auto,q_auto/league/uf6bidyfjeemrlgsibiz",JAX,69.0,209.0,2002-02-14,
00-0040720,0,0,0,0,0,0,0,0,0,0.0,0.0,0,0,0,0,0,0.0,0,0,0,0,0,0.0,0,21,0,0,0.0,1,0,0,0,0,0,0,0,0,0,0,Jahdae Barron,CB,DB,"https://static.www.nfl.com/image/upload/f_auto,q_auto/league/pftuc6gjil6zstrg4ht2",DEN,71.0,200.0,2001-12-04,
00-0040721,0,0,0,0,0,0,0,0,0,0.0,0.0,0,0,0,0,0,0.0,0,0,0,0,0,0.0,0,3,1,2,1.0,0,0,0,0,0,0,0,0,0,0,0,Alfred Collins,DT,DL,"https://static.www.nfl.com/image/upload/f_auto,q_auto/league/rjziol6cqynoyc0w0qfh",SF,77.0,332.0,2001-10-08,
00-0040722,0,0,0,0,0,0,0,0,0,0.0,0.0,0,0,0,0,0,0.0,0,0,0,0,0,0.0,0,15,7,0,3.5,0,0,0,0,0,0,0,0,0,0,0,Mike Green,LB,LB,"https://static.www.nfl.com/image/upload/f_auto,q_auto/league/u7sictvg6th8tpfineb6",BAL,75.0,250.0,2003-07-28,
00-0040723,0,0,0,0,0,0,0,0,0,0.0,0.0,0,0,0,0,0,0.0,0,0,0,0,0,0.0,0,5,0,0,0.0,0,0,0,0,0,0,0,0,0,0,0,Jack Kiser,LB,LB,"https://static.www.nfl.com/image/upload/f_auto,q_auto/league/nkzzuhextfhildyebh5i",JAX,74.0,231.0,2000-09-10,
00-0040724,0,0,0,0,0,0,0,0,0,0.0,0.0,0,0,0,0,0,0.0,0,0,0,0,0,0.0,0,6,0,0,0.0,0,0,0,0,0,0,0,0,0,0,0,T.J. Sanders,DT,DL,"https://static.www.nfl.com/image/upload/f_auto,q_auto/league/wxkk01nfridtywdbl86z",BUF,76.0,297.0,2003-07-30,
00-0040725,0,0,0,0,0,0,0,0,0,0.0,0.0,0,0,0,0,0,0.0,0,0,0,0,0,0.0,0,19,9,1,2.0,0,0,0,1,0,0,0,0,0,0,0,Donovan Ezeiruaku,DE,DL,"https://static.www.nfl.com/image/upload/f_auto,q_auto/league/p01praffl9gjoogdgaq8",DAL,74.0,248.0,2003-05-25,
00-0040726,0,0,0,0,0,0,0,0,0,0.0,0.0,0,0,0,0,0,0.0,0,0,0,0,0,0.0,0,0,0,0,0.0,0,0,0,0,0,0,0,0,0,0,0,Anthony Belton,OT,OL,"https://static.www.nfl.com/image/upload/f_auto,q_auto/league/erhseeamoxq7v9ay9bz8",GB,78.0,336.0,2001-02-23,
00-0040727,0,0,0,0,0,0,0,0,0,0.0,0.0,0,2,10,0,0,-0.011971199477557093,28,37,296,1,0,14.368359619091635,0,0,0,0,0.0,0,0,0,0,0,0,0,0,0,0,0,Tre Harris,WR,WR,"https://static.www.nfl.com/image/upload/f_auto,q_auto/league/vfjekjvrfpbmskmuwoz9",LAC,75.0,210.0,2002-02-28,
00-0040728,0,0,0,0,0,0,0,0,0,0.0,0.0,0,0,0,0,0,0.0,0,0,0,0,0,0.0,0,0,0,0,0.0,0,0,0,0,0,0,0,0,0,0,0,Tate Ratledge,G,OL,"https://static.www.nfl.com/image/upload/f_auto,q_auto/league/esuwyzsj6ecirwuaa0ul",DET,78.0,315.0,2001-04-26,
00-0040729,0,0,0,0,0,0,0,0,0,0.0,0.0,0,0,0,0,0,0.0,20,27,224,0,0,4.90149449931107,0,1,0,0,0.0,0,0,0,0,0,0,0,0,0,0,0,Jack Bech,WR,WR,"https://static.www.nfl.com/image/upload/f_auto,q_auto/league/feplgtl0x1svqen9szwv",LV,73.0,214.0,2002-12-18,
00-0040730,0,1,0,0,0,0,0,0,0,-0.4586076693958603,-77.06168293952942,0,131,512,7,1,-15.70857998423288,46,54,351,5,0,22.93155023054215,0,0,0,0,0.0,0,0,0,0,0,0,16,353,0,0,0,RJ Harvey,RB,RB,"https://static.www.nfl.com/image/upload/f_auto,q_auto/league/i1qxzydetb2orrynzvzk",DEN,69.0,205.0,2001-02-04,
00-0040731,0,0,0,0,0,0,0,0,0,0.0,0.0,0,0,0,0,0,0.0,0,0,0,0,0,0.0,0,18,1,0,0.0,0,0,0,0,0,0,0,0,0,0,0,Trey Amos,CB,DB,"https://static.www.nfl.com/image/upload/f_auto,q_auto/league/cxabcu8nz9p6k6sqsw4t",WAS,73.0,190.0,2002-03-03,
00-0040733,0,0,0,0,0,0,0,0,0,0.0,0.0,0,0,0,0,0,0.0,0,0,0,0,0,0.0,0,51,7,0,2.5,1,0,0,0,0,0,0,0,0,0,0,Nick Emmanwori,SAF,DB,"https://static.www.nfl.com/image/upload/f_auto,q_auto/league/klniolruih3c5jo9pvjr",SEA,75.0,220.0,2004-02-07,
00-0040734,0,0,0,0,0,0,0,0,0,0.0,0.0,0,167,858,7,1,9.835993754544393,35,42,221,1,0,2.678968224489243,0,0,0,0,0.0,0,0,0,0,0,0,9,209,0,0,0,TreVeyon Henderson,RB,RB,"https://static.www.nfl.com/image/upload/f_auto,q_auto/league/cfcux3dnfmbmz3qzrnco",NE,70.0,202.0,2002-10-22,
00-0040735,0,0,0,0,0,0,0,0,0,0.0,0.0,0,5,27,0,0,1.3298558162641712,44,56,617,2,0,27.292936281795846,0,0,0,0,0.0,0,0,0,0,0,0,8,223,0,0,0,Luther Burden III,WR,WR,"https://static.www.nfl.com/image/upload/f_auto,q_auto/league/iyuwdz7pbowdkwzq2tg5",CHI,72.0,210.0,2003-12-12,
00-0040736,0,0,0,0,0,0,0,0,0,0.0,0.0,0,0,0,0,0,0.0,44,65,369,1,0,9.6960507314217,0,0,0,0,0.0,0,0,0,0,0,0,0,0,0,0,0,Mason Taylor,TE,TE,"https://static.www.nfl.com/image/upload/f_auto,q_auto/league/bk7wjtjt7dpc5qsuil4z",NYJ,77.0,251.0,2004-05-08,
00-0040737,0,0,0,0,0,0,0,0,0,0.0,0.0,0,1,0,0,0,-1.5493906475021504,11,25,231,3,0,7.3868127090298294,0,0,0,0,0.0,0,0,0,0,0,0,0,0,0,0,0,Terrance Ferguson,TE,TE,"https://static.www.nfl.com/image/upload/f_auto,q_auto/league/usa23ax8dratptvikr9a",LA,77.0,255.0,2003-03-07,
00-0040738,0,0,0,0,0,0,0,0,0,0.0,0.0,0,0,0,0,0,0.0,0,0,0,0,0,0.0,0,53,4,1,2.0,2,0,0,0,0,0,0,0,0,0,0,Demetrius Knight Jr.,LB,LB,"https://static.www.nfl.com/image/upload/f_auto,q_auto/league/j9eequyosorm1p9zc5gx",CIN,74.0,240.0,2000-07-21,
00-0040739,0,0,0,0,0,0,0,0,0,0.0,0.0,0,0,0,0,0,0.0,15,26,179,1,1,-16.238906289037487,0,0,0,0,0.0,0,0,0,0,0,0,0,0,0,0,0,Elijah Arroyo,TE,TE,"https://static.www.nfl.com/image/upload/f_auto,q_auto/league/dwlyrxi2yxowfj4abtoa",SEA,77.0,254.0,2003-04-05,
00-0040740,0,0,0,0,0,0,0,0,0,0.0,0.0,0,0,0,0,0,0.0,0,0,0,0,0,0.0,0,0,0,0,0.0,0,0,0,0,0,0,0,0,0,0,0,Ozzy Trapilo,OT,OL,"https://static.www.nfl.com/image/upload/f_auto,q_auto/league/xjnksmbwipltv0hxz4qj",CHI,80.0,312.0,2001-10-17,
00-0040741,0,0,0,0,0,0,0,0,0,0.0,0.0,0,0,0,0,0,0.0,0,0,0,0,0,0.0,0,5,2,0,0.0,0,0,0,0,0,0,0,0,0,0,0,Shemar Turner,DT,DL,"https://static.www.nfl.com/image/upload/f_auto,q_auto/league/gj6rxglwrkzwgvvq0z1q",CHI,75.0,293.0,2003-01-14,
00-0040742,0,0,0,0,0,0,0,0,0,0.0,0.0,0,0,0,0,0,0.0,0,0,0,0,0,0.0,0,1,0,0,0.0,0,0,0,0,0,0,0,0,0,0,0,Jonah Savaiinaea,OT,OL,"https://static.www.nfl.com/image/upload/f_auto,q_auto/league/kglg4js9nthq1wg9rn5y",MIA,77.0,326.0,2004-01-13,
00-0040743,198,292,2125,9,5,27,-168,2,1,4.6699589206460566,-28.541680654775586,0,42,152,2,1,-1.4144920002289583,0,0,0,0,0,0.0,0,1,0,0,0.0,0,0,0,0,0,0,0,0,0,0,0,Tyler Shough,QB,QB,"https://static.www.nfl.com/image/upload/f_auto,q_auto/league/wsrkib8qgwtb2t2ugaru",NO,77.0,219.0,1999-09-28,
00-0040744,0,0,0,0,0,0,0,0,0,0.0,0.0,0,0,0,0,0,0.0,0,0,0,0,0,0.0,0,6,1,0,0.0,0,0,0,0,0,0,0,0,0,0,0,JT Tuimoloau,DE,DL,"https://static.www.nfl.com/image/upload/f_auto,q_auto/league/cxkxb1csogr9v773tdib",IND,76.0,264.0,2003-05-10,
00-0040745,0,0,0,0,0,0,0,0,0,0.0,0.0,0,0,0,0,0,0.0,0,0,0,0,0,0.0,0,0,0,0,0.0,0,0,0,0,0,0,0,0,0,0,0,Aireontae Ersery,OT,OL,"https://static.www.nfl.com/image/upload/f_auto,q_auto/league/nvdycakgyrk5nllug02b",HOU,78.0,330.0,2002-02-19,
00-0040746,0,0,0,0,0,0,0,0,0,0.0,0.0,0,0,0,0,0,0.0,0,0,0,0,0,0.0,0,17,7,1,4.5,0,0,0,0,0,0,0,0,0,0,0,Nic Scourton,LB,LB,"https://static.www.nfl.com/image/upload/f_auto,q_auto/league/iyf5alwnsqxygvayiom5",CAR,74.0,257.0,2004-08-25,
00-0040747,0,0,0,0,0,0,0,0,0,0.0,0.0,0,0,0,0,0,0.0,0,0,0,0,0,0.0,0,17,2,0,0.0,0,0,0,0,0,0,0,0,0,0,0,Benjamin Morrison,CB,DB,"https://static.www.nfl.com/image/upload/f_auto,q_auto/league/beby7ndkduvgasydudha",TB,72.0,190.0,2004-03-11,
00-0040748,0,0,0,0,0,0,0,0,0,0.0,0.0,0,0,0,0,0,0.0,0,0,0,0,0,0.0,0,4,1,0,1.0,0,0,0,0,0,0,0,0,0,0,0,Omarr Norman-Lott,DT,DL,"https://static.www.nfl.com/image/upload/f_auto,q_auto/league/jp69jatihj5oqc37g9gv",KC,75.0,315.0,2002-03-11,
00-0040749,0,0,0,0,0,0,0,0,0,0.0,0.0,0,0,0,0,0,0.0,0,0,0,0,0,0.0,0,24,2,0,0.5,2,0,0,0,0,0,0,0,0,0,0,Andrew Mukuba,SAF,DB,"https://static.www.nfl.com/image/upload/f_auto,q_auto/league/uis1nibeesqlsasmw2km",PHI,71.0,186.0,2002-12-07,
00-0040751,0,0,0,0,0,0,0,0,0,0.0,0.0,0,0,0,0,0,0.0,0,0,0,0,0,0.0,0,24,2,1,0.0,0,0,0,0,0,0,0,0,0,0,0,Will Johnson,CB,DB,"https://static.www.nfl.com/image/upload/f_auto,q_auto/league/qrzob3kg2nylp6hp5xhv",ARI,74.0,200.0,2003-03-29,
00-0040752,0,0,0,0,0,0,0,0,0,0.0,0.0,0,0,0,0,0,0.0,0,0,0,0,0,0.0,0,4,2,0,0.0,0,0,0,0,0,0,0,0,0,0,0,Oluwafemi Oladejo,LB,LB,"https://static.www.nfl.com/image/upload/f_auto,q_auto/league/xux3tjanbookjm0wmalz",TEN,75.0,259.0,2003-09-29,
00-0040756,0,0,0,0,0,0,0,0,0,0.0,0.0,0,0,0,0,0,0.0,0,0,0,0,0,0.0,0,5,2,0,1.0,0,0,0,0,0,0,0,0,0,0,0,Shemar Stewart,DE,DL,"https://static.www.nfl.com/image/upload/f_auto,q_auto/league/htljgrthvgq7pd2rsxhu",CIN,77.0,267.0,2003-11-12,
00-0040782,0,0,0,0,0,0,0,0,0,0.0,0.0,0,4,25,0,0,1.0517483447911218,17,42,325,0,0,-1.3614523608665117,0,1,0,0,0.0,0,0,0,0,2,9,0,0,0,0,0,Isaiah Bond,WR,WR,"https://static.www.nfl.com/image/upload/f_auto,q_auto/league/piv889pkizjvgrtpfkxm",CLE,71.0,180.0,2004-03-15,
00-0040784,0,0,0,0,0,0,0,0,0,-0.947,0.0,0,230,827,7,0,-25.102870928501826,26,36,171,0,0,-7.291977038432378,0,0,0,0,0.0,0,0,0,0,0,0,0,0,0,0,0,Quinshon Judkins,RB,RB,"https://static.www.nfl.com/image/upload/f_auto,q_auto/league/ojtce2im0wp2ltyel0vc",CLE,72.0,219.0,2003-10-29,
